erp_imp_log		ERP导入日志(金蝶星辰数据导入批次)	「ERP导入日志」明细行表
erp_imp_log	批次号	送料批次号(采购订单分批送料:批次号=采购订单号+3位序号;由生单自动生成,贯通暂收/检验/入库/退回)	批次号
erp_imp_log	asp_user1	创建人	asp_user1
erp_imp_log	asp_time1	创建时间	asp_time1
erp_imp_log	asp_user2	最后修改人	asp_user2
erp_imp_log	asp_time2	最后修改时间	asp_time2
erp_imp_log	asp_cancel	删除标记	asp_cancel
rod_return_detail	asp_cancel	删除标记	asp_cancel
rod_return_detail	asp_user1	创建人	asp_user1
rod_return_detail	asp_user2	最后修改人	asp_user2
rod_return_detail	asp_time1	创建时间	asp_time1
rod_return_detail	asp_time2	最后修改时间	asp_time2
bs_inv		存货档案(物料/产品主数据,含是否检验标志)	「商品」明细行表
bs_inv	产地	历史遗留英文列:无面板字段引用、本表该列全空(2026-09-28 体检)——见《数据库规范》阶段 3 清理候选	产地
bs_inv	保质期单位	历史遗留英文列:无面板字段引用、本表该列全空(2026-09-28 体检)——见《数据库规范》阶段 3 清理候选	保质期单位
bs_inv	生产许可证	历史遗留英文列:无面板字段引用、本表该列全空(2026-09-28 体检)——见《数据库规范》阶段 3 清理候选	生产许可证
bs_inv	注册证号	历史遗留英文列:无面板字段引用、本表该列全空(2026-09-28 体检)——见《数据库规范》阶段 3 清理候选	注册证号
bs_inv	默认生产车间编码	历史遗留英文列:无面板字段引用、本表该列全空(2026-09-28 体检)——见《数据库规范》阶段 3 清理候选	默认生产车间编码
bs_inv	倒冲仓库名称	历史遗留英文列:无面板字段引用、本表该列全空(2026-09-28 体检)——见《数据库规范》阶段 3 清理候选	倒冲仓库名称
bs_inv	倒冲仓库编码	历史遗留英文列:无面板字段引用、本表该列全空(2026-09-28 体检)——见《数据库规范》阶段 3 清理候选	倒冲仓库编码
bs_inv	倒冲仓位名称	历史遗留英文列:无面板字段引用、本表该列全空(2026-09-28 体检)——见《数据库规范》阶段 3 清理候选	倒冲仓位名称
bs_inv	品牌编码	历史遗留英文列:无面板字段引用、本表该列全空(2026-09-28 体检)——见《数据库规范》阶段 3 清理候选	品牌编码
bs_inv	默认仓库	历史遗留英文列:无面板字段引用、本表该列全空(2026-09-28 体检)——见《数据库规范》阶段 3 清理候选	默认仓库
bs_inv	默认仓库编码	历史遗留英文列:无面板字段引用、本表该列全空(2026-09-28 体检)——见《数据库规范》阶段 3 清理候选	默认仓库编码
bs_inv	多单位	历史遗留英文列:无面板字段引用、本表该列全空(2026-09-28 体检)——见《数据库规范》阶段 3 清理候选	多单位
bs_inv	最近成交供应商	历史遗留英文列:无面板字段引用、本表该列全空(2026-09-28 体检)——见《数据库规范》阶段 3 清理候选	最近成交供应商
bs_inv	品牌id	历史遗留英文列:无面板字段引用、本表该列全空(2026-09-28 体检)——见《数据库规范》阶段 3 清理候选	品牌id
bs_inv	默认仓库_stock_id	历史遗留英文列:无面板字段引用、本表该列全空(2026-09-28 体检)——见《数据库规范》阶段 3 清理候选	默认仓库_stock_id
bs_inv	辅助单位2	历史遗留英文列:无面板字段引用、本表该列全空(2026-09-28 体检)——见《数据库规范》阶段 3 清理候选	辅助单位2
bs_inv	换算单位2	历史遗留英文列:无面板字段引用、本表该列全空(2026-09-28 体检)——见《数据库规范》阶段 3 清理候选	换算单位2
bs_inv	辅助单位3	历史遗留英文列:无面板字段引用、本表该列全空(2026-09-28 体检)——见《数据库规范》阶段 3 清理候选	辅助单位3
bs_inv	换算单位3	历史遗留英文列:无面板字段引用、本表该列全空(2026-09-28 体检)——见《数据库规范》阶段 3 清理候选	换算单位3
bs_inv	税收分类编码	历史遗留英文列:无面板字段引用、本表该列全空(2026-09-28 体检)——见《数据库规范》阶段 3 清理候选	税收分类编码
bs_inv	默认仓位	历史遗留英文列:无面板字段引用、本表该列全空(2026-09-28 体检)——见《数据库规范》阶段 3 清理候选	默认仓位
bs_inv	重量单位	历史遗留英文列:无面板字段引用、本表该列全空(2026-09-28 体检)——见《数据库规范》阶段 3 清理候选	重量单位
bs_inv	默认生产车间id	历史遗留英文列:无面板字段引用、本表该列全空(2026-09-28 体检)——见《数据库规范》阶段 3 清理候选	默认生产车间id
bs_inv	倒冲仓库id	历史遗留英文列:无面板字段引用、本表该列全空(2026-09-28 体检)——见《数据库规范》阶段 3 清理候选	倒冲仓库id
bs_inv	倒冲仓位id	历史遗留英文列:无面板字段引用、本表该列全空(2026-09-28 体检)——见《数据库规范》阶段 3 清理候选	倒冲仓位id
bs_inv	倒冲仓位编码	历史遗留英文列:无面板字段引用、本表该列全空(2026-09-28 体检)——见《数据库规范》阶段 3 清理候选	倒冲仓位编码
bs_inv	来料检验	来料检验(金蝶商品自定义字段同步,值 是/否;金蝶界面维护,MES只读)	来料检验(金蝶商品自定义字段同步,值 是/否;未填写=否 —— 2026-10-03 用户口径;金蝶界面维护,MES只读)
rd_scale_detail		阻垢性能测试行表	「阻垢性能」明细行表
rd_scale_detail	单据编号	单号(面板字段列)	单据编号
rd_scale_detail	累计流量	累计流量L(面板字段列)	累计流量（L）
rd_scale_detail	水温	水温（℃）(面板字段列)	水温（℃）
rd_scale_detail	出水硬度1	出水硬度（0.8mm-8g(1:2)）(面板字段列)	出水硬度（0.8mm-8g(1:2)）
rd_scale_detail	出水硬度2	出水硬度（0.8mm-8g(1.1:1)）(面板字段列)	出水硬度（0.8mm-8g(1.1:1)）
rd_scale_detail	出水硬度3	出水硬度（1.2mm-12g(1.1:1)）(面板字段列)	出水硬度（1.2mm-12g(1.1:1)）
rd_scale_detail	阻垢率1	阻垢率（0.8mm-8g(1:2)）(面板字段列)	阻垢率（0.8mm-8g(1:2)）
rd_scale_detail	阻垢率2	阻垢率（0.8mm-8g(1.1:1)）(面板字段列)	阻垢率（0.8mm-8g(1.1:1)）
rd_scale_detail	阻垢率3	阻垢率（1.2mm-12g(1.1:1)）(面板字段列)	阻垢率（1.2mm-12g(1.1:1)）
rd_scale_detail	asp_user1	创建人	asp_user1
rd_scale_detail	asp_time1	创建时间	asp_time1
rd_scale_detail	asp_user2	最后修改人	asp_user2
rd_scale_detail	asp_time2	最后修改时间	asp_time2
rd_scale_detail	asp_cancel	删除标记	asp_cancel
qc_return	批次号	送料批次号(采购订单分批送料:批次号=采购订单号+3位序号;由生单自动生成,贯通暂收/检验/入库/退回)	送料批次号:随链从来料检验单继承(退回单生单时带入),不重新取号、不可修改
bs_inv_price		存货价格本	「存货价格本」明细行表
bs_inv_price	asp_user1	创建人	asp_user1
bs_inv_price	asp_time1	创建时间	asp_time1
bs_inv_price	asp_user2	最后修改人	asp_user2
bs_inv_price	asp_time2	最后修改时间	asp_time2
bs_inv_price	asp_cancel	删除标记	asp_cancel
rd_ro_protect_head		RO保护测试头表	「RO保护」头表
rd_ro_protect_head	单据编号	单号(面板字段列)	单据编号
rd_ro_protect_head	单据日期	单据日期(空白草稿自动填当天)	单据日期
rd_ro_protect_head	备注	历史遗留英文列:无面板字段引用、本表该列全空(2026-09-28 体检)——见《数据库规范》阶段 3 清理候选	备注
rd_ro_protect_head	asp_user1	创建人	asp_user1
rd_ro_protect_head	asp_time1	创建时间	asp_time1
rd_ro_protect_head	asp_user2	最后修改人	asp_user2
rd_ro_protect_head	asp_time2	最后修改时间	asp_time2
rd_ro_protect_head	asp_cancel	删除标记	asp_cancel
qc_return_detail	日期	历史遗留英文列:无面板字段引用、本表该列全空(2026-09-28 体检)——见《数据库规范》阶段 3 清理候选	单据日期(面板字段列)
qc_return_detail	批次号	送料批次号(采购订单分批送料:批次号=采购订单号+3位序号;由生单自动生成,贯通暂收/检验/入库/退回)	送料批次号(明细):随单头一致,不可手工修改
bs_op		工序档案(五道工序:混料/成型/切炭/组装/装箱)	「工序」明细行表
bs_op	asp_user1	创建人	asp_user1
bs_op	asp_time1	创建时间	asp_time1
bs_op	asp_user2	最后修改人	asp_user2
bs_op	asp_time2	最后修改时间	asp_time2
bs_op	asp_cancel	删除标记	asp_cancel
bs_op	标准工时(分钟)	历史遗留英文列:无面板字段引用、本表该列全空(2026-09-28 体检)——见《数据库规范》阶段 3 清理候选	标准工时(分钟)
bs_op	工序类型	历史遗留英文列:无面板字段引用、本表该列全空(2026-09-28 体检)——见《数据库规范》阶段 3 清理候选	工序类型
bs_op	检验要求	历史遗留英文列:无面板字段引用、本表该列全空(2026-09-28 体检)——见《数据库规范》阶段 3 清理候选	检验要求
rd_ro_protect_detail		RO保护测试行表	「RO保护」明细行表
rd_ro_protect_detail	单据编号	单号(面板字段列)	单据编号
rd_ro_protect_detail	累计流量	累计流量L(面板字段列)	累计流量（L）
rd_ro_protect_detail	膜前压	膜前压（MPa）(面板字段列)	膜前压（MPa）
rd_ro_protect_detail	纯水流速	纯水流速(mL/min)(面板字段列)	纯水流速(mL/min)
rd_ro_protect_detail	废水流速	废水流速(L/min)(面板字段列)	废水流速(L/min)
rd_ro_protect_detail	原水tds	原水（tds）(面板字段列)	原水TDS
rd_ro_protect_detail	纯水tds	纯水（tds）(面板字段列)	纯水（tds）
rd_ro_protect_detail	asp_user1	创建人	asp_user1
rd_ro_protect_detail	asp_time1	创建时间	asp_time1
rd_ro_protect_detail	asp_user2	最后修改人	asp_user2
rd_ro_protect_detail	asp_time2	最后修改时间	asp_time2
rd_ro_protect_detail	asp_cancel	删除标记	asp_cancel
bd_prod_abn	单据日期	单据日期(空白草稿自动填当天)	日期(面板字段列)
bd_prod_abn	批次号	送料批次号(采购订单分批送料:批次号=采购订单号+3位序号;由生单自动生成,贯通暂收/检验/入库/退回)	历史遗留英文列:无面板字段引用、本表该列全空(2026-09-28 体检)——见《数据库规范》阶段 3 清理候选
erp_imp_row		ERP导入行明细(逐行导入结果)	「ERP导入明细」明细行表
erp_imp_row	批次号	送料批次号(采购订单分批送料:批次号=采购订单号+3位序号;由生单自动生成,贯通暂收/检验/入库/退回)	批次号
qc_insp	单据编号	单号(面板字段列)	单据编号
qc_insp	业务员	历史遗留英文列:无面板字段引用、本表该列全空(2026-09-28 体检)——见《数据库规范》阶段 3 清理候选	业务员
qc_insp	部门	历史遗留英文列:无面板字段引用、本表该列全空(2026-09-28 体检)——见《数据库规范》阶段 3 清理候选	部门
qc_insp	部门名称	历史遗留英文列:无面板字段引用、本表该列全空(2026-09-28 体检)——见《数据库规范》阶段 3 清理候选	部门名称
qc_insp	数量	历史遗留英文列:无面板字段引用、本表该列全空(2026-09-28 体检)——见《数据库规范》阶段 3 清理候选	数量
qc_insp	附件1	单据附件列位(与送料暂收单同款:页面单格聚合,上传按序占位,文件实体存 yj_attachment)	附件1
qc_insp	附件2	单据附件列位(与送料暂收单同款:页面单格聚合,上传按序占位,文件实体存 yj_attachment)	附件2
qc_insp	附件3	单据附件列位(与送料暂收单同款:页面单格聚合,上传按序占位,文件实体存 yj_attachment)	附件3
qc_insp	附件4	单据附件列位(与送料暂收单同款:页面单格聚合,上传按序占位,文件实体存 yj_attachment)	附件4
qc_insp	附件5	单据附件列位(与送料暂收单同款:页面单格聚合,上传按序占位,文件实体存 yj_attachment)	附件5
qc_insp	附件6	单据附件列位(与送料暂收单同款:页面单格聚合,上传按序占位,文件实体存 yj_attachment)	附件6
qc_insp	备注	历史遗留英文列:无面板字段引用、本表该列全空(2026-09-28 体检)——见《数据库规范》阶段 3 清理候选	备注
qc_insp	审核人	审核人(流程)(面板字段列)	审核人
qc_insp	审核时间	历史遗留英文列:无面板字段引用、本表该列全空(2026-09-28 体检)——见《数据库规范》阶段 3 清理候选	审核时间
qc_insp	审批人	历史遗留英文列:无面板字段引用、本表该列全空(2026-09-28 体检)——见《数据库规范》阶段 3 清理候选	审批人
qc_insp	审批时间	历史遗留英文列:无面板字段引用、本表该列全空(2026-09-28 体检)——见《数据库规范》阶段 3 清理候选	审批时间
qc_insp	批次号	送料批次号(采购订单分批送料:批次号=采购订单号+3位序号;由生单自动生成,贯通暂收/检验/入库/退回)	送料批次号:随链从送料暂收单继承(生单时带入),不重新取号、不可修改;明细行随单头一致
rd_soak_head		浸泡安全测试头表	「浸泡安全」头表
rd_soak_head	单据编号	单号(面板字段列)	单据编号
rd_soak_head	单据日期	单据日期(空白草稿自动填当天)	单据日期
rd_soak_head	炭棒尺寸1	炭棒尺寸（1）(面板字段列)	炭棒尺寸（1）
rd_soak_head	炭棒尺寸2	炭棒尺寸（2）(面板字段列)	炭棒尺寸（2）
rd_soak_head	炭棒尺寸3	炭棒尺寸（3）(面板字段列)	炭棒尺寸（3）
rd_soak_head	浸泡液用量1	浸泡液用量（1）ml(面板字段列)	浸泡液用量（1）ml
rd_soak_head	浸泡液用量2	浸泡液用量（2）ml(面板字段列)	浸泡液用量（2）ml
rd_soak_head	浸泡液用量3	浸泡液用量（3）ml(面板字段列)	浸泡液用量（3）ml
rd_soak_head	仪器名称1	仪器名称（PH）(面板字段列)	仪器名称（PH）
rd_soak_head	品牌型号1	品牌型号（PH）(面板字段列)	品牌型号（PH）
rd_soak_head	检出限1	检出限（PH）(面板字段列)	检出限（PH）
rd_soak_head	仪器名称2	仪器名称（TDS）(面板字段列)	仪器名称（TDS）
rd_soak_head	品牌型号2	品牌型号（TDS）(面板字段列)	品牌型号（TDS）
rd_soak_head	检出限2	检出限（TDS）(面板字段列)	检出限（TDS）
rd_soak_head	仪器名称3	仪器名称（浊度）(面板字段列)	仪器名称（浊度）
rd_soak_head	品牌型号3	品牌型号（浊度）(面板字段列)	品牌型号（浊度）
rd_soak_head	检出限3	检出限（浊度）(面板字段列)	检出限（浊度）
rd_soak_head	仪器名称4	仪器名称（重金属）(面板字段列)	仪器名称（重金属）
rd_soak_head	品牌型号4	品牌型号（重金属）(面板字段列)	品牌型号（重金属）
rd_soak_head	检出限4	检出限（重金属）(面板字段列)	检出限（重金属）
rd_soak_head	asp_user1	创建人	asp_user1
rd_soak_head	asp_time1	创建时间	asp_time1
rd_soak_head	asp_user2	最后修改人	asp_user2
rd_soak_head	asp_time2	最后修改时间	asp_time2
rd_soak_head	asp_cancel	删除标记	asp_cancel
bs_partner		往来单位档案	「往来单位」明细行表
bs_partner	备注	历史遗留英文列:无面板字段引用、本表该列全空(2026-09-28 体检)——见《数据库规范》阶段 3 清理候选	备注
bs_partner	asp_user1	创建人	asp_user1
bs_partner	asp_time1	创建时间	asp_time1
bs_partner	asp_user2	最后修改人	asp_user2
bs_partner	asp_time2	最后修改时间	asp_time2
bs_partner	asp_cancel	删除标记	asp_cancel
bs_prod_line	生产车间	生产车间(选线时自动带出)	工序/工艺(功能分类):成型/切炭/组装 —— 按《新系统产线命名.xlsx》归并(装箱归组装);排产过滤/调拨校验/当前工序均读此列
inh		进货单	入库流水(2026-09-30 由遗留纺织表 inh 重建为 MES 语义):一行 = 一张已审核入库单据的一行。与 outh(出库流水) + kucun(结存缓存) 构成三表结构,流水为唯一真源。src/rid 唯一标识来源单据行
qc_insp_detail	单据编号	单号(面板字段列)	单据编号
qc_insp_detail	型号	历史遗留英文列:无面板字段引用、本表该列全空(2026-09-28 体检)——见《数据库规范》阶段 3 清理候选	型号
qc_insp_detail	日期	历史遗留英文列:无面板字段引用、本表该列全空(2026-09-28 体检)——见《数据库规范》阶段 3 清理候选	日期
qc_insp_detail	备注	历史遗留英文列:无面板字段引用、本表该列全空(2026-09-28 体检)——见《数据库规范》阶段 3 清理候选	备注
qc_insp_detail	结案	历史遗留英文列:无面板字段引用、本表该列全空(2026-09-28 体检)——见《数据库规范》阶段 3 清理候选	结案
qc_insp_detail	仓库代码	历史遗留英文列:无面板字段引用、本表该列全空(2026-09-28 体检)——见《数据库规范》阶段 3 清理候选	仓库代码
qc_insp_detail	抽样方案	历史遗留英文列:无面板字段引用、本表该列全空(2026-09-28 体检)——见《数据库规范》阶段 3 清理候选	抽样方案
qc_insp_detail	品质复核人	历史遗留英文列:无面板字段引用、本表该列全空(2026-09-28 体检)——见《数据库规范》阶段 3 清理候选	品质复核人
qc_insp_detail	品质复核时间	历史遗留英文列:无面板字段引用、本表该列全空(2026-09-28 体检)——见《数据库规范》阶段 3 清理候选	品质复核时间
qc_insp_detail	部门	历史遗留英文列:无面板字段引用、本表该列全空(2026-09-28 体检)——见《数据库规范》阶段 3 清理候选	部门
qc_insp_detail	部门名称	历史遗留英文列:无面板字段引用、本表该列全空(2026-09-28 体检)——见《数据库规范》阶段 3 清理候选	部门名称
qc_insp_detail	业务员	历史遗留英文列:无面板字段引用、本表该列全空(2026-09-28 体检)——见《数据库规范》阶段 3 清理候选	业务员
qc_insp_detail	批次号	送料批次号(采购订单分批送料:批次号=采购订单号+3位序号;由生单自动生成,贯通暂收/检验/入库/退回)	送料批次号(明细):随单头一致,不可手工修改
rd_soak_detail		浸泡安全测试行表	「浸泡安全」明细行表
rd_soak_detail	单据编号	单号(面板字段列)	单据编号
rd_soak_detail	增加改变值1	需求2（30*10*113）增加/改变值(面板字段列)	需求2（30*10*113）增加/改变值
rd_soak_detail	增加改变值2	需求2（35*13*107）增加/改变值(面板字段列)	需求2（35*13*107）增加/改变值
rd_soak_detail	增加改变值3	需求4（40.5*10*114）增加/改变值(面板字段列)	需求4（40.5*10*114）增加/改变值
rd_soak_detail	asp_user1	创建人	asp_user1
rd_soak_detail	asp_time1	创建时间	asp_time1
rd_soak_detail	asp_user2	最后修改人	asp_user2
rd_soak_detail	asp_time2	最后修改时间	asp_time2
rd_soak_detail	asp_cancel	删除标记	asp_cancel
bs_proj		项目档案	「项目」明细行表
bs_proj	备注	历史遗留英文列:无面板字段引用、本表该列全空(2026-09-28 体检)——见《数据库规范》阶段 3 清理候选	备注
bs_proj	asp_user1	创建人	asp_user1
bs_proj	asp_time1	创建时间	asp_time1
bs_proj	asp_user2	最后修改人	asp_user2
bs_proj	asp_time2	最后修改时间	asp_time2
bs_proj	asp_cancel	删除标记	asp_cancel
bs_proj	客户	历史遗留英文列:无面板字段引用、本表该列全空(2026-09-28 体检)——见《数据库规范》阶段 3 清理候选	客户
bs_proj	负责人	历史遗留英文列:无面板字段引用、本表该列全空(2026-09-28 体检)——见《数据库规范》阶段 3 清理候选	负责人
bs_proj	开始日期	历史遗留英文列:无面板字段引用、本表该列全空(2026-09-28 体检)——见《数据库规范》阶段 3 清理候选	开始日期
bs_proj	结束日期	历史遗留英文列:无面板字段引用、本表该列全空(2026-09-28 体检)——见《数据库规范》阶段 3 清理候选	结束日期
qc_bhg	单据编号	单号(面板字段列)	单据编号
qc_bhg	单据日期	单据日期(空白草稿自动填当天)	单据日期
qc_bhg	文档编号	历史遗留英文列:无面板字段引用、本表该列全空(2026-09-28 体检)——见《数据库规范》阶段 3 清理候选	文档编号
qc_bhg	填写部门	历史遗留英文列:无面板字段引用、本表该列全空(2026-09-28 体检)——见《数据库规范》阶段 3 清理候选	填写部门
qc_bhg	填写人	历史遗留英文列:无面板字段引用、本表该列全空(2026-09-28 体检)——见《数据库规范》阶段 3 清理候选	填写人(历史名):纸面底部落款①「编制」=提交审批的人(质量单据两级审批,提交时后端自动写,只读不可手改)
qc_bhg	检验工站	历史遗留英文列:无面板字段引用、本表该列全空(2026-09-28 体检)——见《数据库规范》阶段 3 清理候选	检验工站
qc_bhg	客户名称	历史遗留英文列:无面板字段引用、本表该列全空(2026-09-28 体检)——见《数据库规范》阶段 3 清理候选	客户名称
qc_bhg	异常时间	历史遗留英文列:无面板字段引用、本表该列全空(2026-09-28 体检)——见《数据库规范》阶段 3 清理候选	异常时间
qc_bhg	责任部门	历史遗留英文列:无面板字段引用、本表该列全空(2026-09-28 体检)——见《数据库规范》阶段 3 清理候选	责任部门
qc_bhg	产品名称	历史遗留英文列:无面板字段引用、本表该列全空(2026-09-28 体检)——见《数据库规范》阶段 3 清理候选	产品名称
qc_bhg	异常产品规格	历史遗留英文列:无面板字段引用、本表该列全空(2026-09-28 体检)——见《数据库规范》阶段 3 清理候选	异常产品规格
qc_bhg	不合格品数量	历史遗留英文列:无面板字段引用、本表该列全空(2026-09-28 体检)——见《数据库规范》阶段 3 清理候选	不合格品数量
qc_bhg	异常等级	历史遗留英文列:无面板字段引用、本表该列全空(2026-09-28 体检)——见《数据库规范》阶段 3 清理候选	异常等级
qc_bhg	异常描述	历史遗留英文列:无面板字段引用、本表该列全空(2026-09-28 体检)——见《数据库规范》阶段 3 清理候选	异常描述
qc_bhg	原因分析	历史遗留英文列:无面板字段引用、本表该列全空(2026-09-28 体检)——见《数据库规范》阶段 3 清理候选	原因分析
qc_bhg	改善对策	历史遗留英文列:无面板字段引用、本表该列全空(2026-09-28 体检)——见《数据库规范》阶段 3 清理候选	改善对策
qc_bhg	效果跟踪	历史遗留英文列:无面板字段引用、本表该列全空(2026-09-28 体检)——见《数据库规范》阶段 3 清理候选	效果跟踪
qc_bhg	品质部意见	历史遗留英文列:无面板字段引用、本表该列全空(2026-09-28 体检)——见《数据库规范》阶段 3 清理候选	品质部意见
qc_bhg	备注	历史遗留英文列:无面板字段引用、本表该列全空(2026-09-28 体检)——见《数据库规范》阶段 3 清理候选	备注
qc_bhg	单据状态	历史遗留英文列:无面板字段引用、本表该列全空(2026-09-28 体检)——见《数据库规范》阶段 3 清理候选	单据状态
qc_bhg	审核人	审核人(流程)(面板字段列)	审核人(流程):纸面落款②「审核」=一级审批通过的人(组织架构勾了「不合格报告·审核反审核」的账号∪管理员;驳回/弃审清空)
qc_bhg	审核时间	历史遗留英文列:无面板字段引用、本表该列全空(2026-09-28 体检)——见《数据库规范》阶段 3 清理候选	审核时间:一级审批通过的时间(与审核人同进同退;驳回/弃审清空)
qc_bhg	审批人	历史遗留英文列:无面板字段引用、本表该列全空(2026-09-28 体检)——见《数据库规范》阶段 3 清理候选	审批人:纸面落款③「批准」=超级管理员(yj_user.is_admin=Y;二级审批通过时才落值;驳回/弃审清空)
qc_bhg	审批时间	历史遗留英文列:无面板字段引用、本表该列全空(2026-09-28 体检)——见《数据库规范》阶段 3 清理候选	审批时间:超级管理员批准的时间
qc_bhg	asp_user1	创建人	asp_user1
qc_bhg	asp_time1	创建时间	asp_time1
qc_bhg	asp_user2	最后修改人	asp_user2
qc_bhg	asp_time2	最后修改时间	asp_time2
qc_bhg	asp_cancel	删除标记	asp_cancel
rd_drop_prec_head		压降精度测试头表	「压降、精度」头表
rd_drop_prec_head	单据编号	单号(面板字段列)	单据编号
rd_drop_prec_head	单据日期	单据日期(空白草稿自动填当天)	单据日期
rd_drop_prec_head	备注	历史遗留英文列:无面板字段引用、本表该列全空(2026-09-28 体检)——见《数据库规范》阶段 3 清理候选	备注
rd_drop_prec_head	asp_user1	创建人	asp_user1
rd_drop_prec_head	asp_time1	创建时间	asp_time1
rd_drop_prec_head	asp_user2	最后修改人	asp_user2
rd_drop_prec_head	asp_time2	最后修改时间	asp_time2
rd_drop_prec_head	asp_cancel	删除标记	asp_cancel
bs_qc_item		检验项目档案(检验内容/标准/判定规则)	「检验项目」明细行表
bs_qc_item	项目编码	历史遗留英文列:无面板字段引用、本表该列全空(2026-09-28 体检)——见《数据库规范》阶段 3 清理候选	项目编码
bs_qc_item	项目名称	历史遗留英文列:无面板字段引用、本表该列全空(2026-09-28 体检)——见《数据库规范》阶段 3 清理候选	项目名称
bs_qc_item	检验内容	历史遗留英文列:无面板字段引用、本表该列全空(2026-09-28 体检)——见《数据库规范》阶段 3 清理候选	检验内容
bs_qc_item	检验标准	历史遗留英文列:无面板字段引用、本表该列全空(2026-09-28 体检)——见《数据库规范》阶段 3 清理候选	检验标准
bs_qc_item	数据类型	历史遗留英文列:无面板字段引用、本表该列全空(2026-09-28 体检)——见《数据库规范》阶段 3 清理候选	数据类型
bs_qc_item	计量单位	历史遗留英文列:无面板字段引用、本表该列全空(2026-09-28 体检)——见《数据库规范》阶段 3 清理候选	计量单位
bs_qc_item	判定规则	历史遗留英文列:无面板字段引用、本表该列全空(2026-09-28 体检)——见《数据库规范》阶段 3 清理候选	判定规则
bs_qc_item	标准下限	历史遗留英文列:无面板字段引用、本表该列全空(2026-09-28 体检)——见《数据库规范》阶段 3 清理候选	标准下限
bs_qc_item	标准上限	历史遗留英文列:无面板字段引用、本表该列全空(2026-09-28 体检)——见《数据库规范》阶段 3 清理候选	标准上限
bs_qc_item	停用	历史遗留英文列:无面板字段引用、本表该列全空(2026-09-28 体检)——见《数据库规范》阶段 3 清理候选	停用
bs_qc_item	备注	历史遗留英文列:无面板字段引用、本表该列全空(2026-09-28 体检)——见《数据库规范》阶段 3 清理候选	备注
bs_qc_item	状态	历史遗留英文列:无面板字段引用、本表该列全空(2026-09-28 体检)——见《数据库规范》阶段 3 清理候选	状态
bs_qc_item	asp_user1	创建人	asp_user1
bs_qc_item	asp_time1	创建时间	asp_time1
bs_qc_item	asp_user2	最后修改人	asp_user2
bs_qc_item	asp_time2	最后修改时间	asp_time2
bs_qc_item	asp_cancel	删除标记	asp_cancel
yj_user	comm	公司	备注/说明(遗留英文列名)
yj_user	khdm	所属客户及厂商	客户代码(面板字段列)
qc_bhg_detail	单据编号	单号(面板字段列)	单据编号
qc_bhg_detail	asp_cancel	删除标记	asp_cancel
qc_bhg_detail	asp_user1	创建人	asp_user1
qc_bhg_detail	asp_user2	最后修改人	asp_user2
qc_bhg_detail	asp_time1	创建时间	asp_time1
qc_bhg_detail	asp_time2	最后修改时间	asp_time2
rd_drop_prec_detail		压降精度测试行表	「压降、精度」明细行表
rd_drop_prec_detail	单据编号	单号(面板字段列)	单据编号
rd_drop_prec_detail	测试水温	测试水温（℃）(面板字段列)	测试水温（℃）
rd_drop_prec_detail	测试流速	测试流速（L/min）(面板字段列)	测试流速（L/min）
rd_drop_prec_detail	前压	前压（kpa)(面板字段列)	前压（kpa)
rd_drop_prec_detail	后压	后压（kpa)(面板字段列)	后压（kpa)
rd_drop_prec_detail	压差	压差（kpa)(面板字段列)	压差（kpa)
rd_drop_prec_detail	颗粒物去除率	0.5-1μm颗粒物去除率-2min（%）(面板字段列)	0.5-1μm颗粒物去除率-2min（%）
rd_drop_prec_detail	asp_user1	创建人	asp_user1
rd_drop_prec_detail	asp_time1	创建时间	asp_time1
rd_drop_prec_detail	asp_user2	最后修改人	asp_user2
rd_drop_prec_detail	asp_time2	最后修改时间	asp_time2
rd_drop_prec_detail	asp_cancel	删除标记	asp_cancel
rd_mold_formula_head	单据编号	单号(面板字段列)	单据编号
rd_mold_formula_head	单据日期	单据日期(空白草稿自动填当天)	单据日期
rd_mold_formula_head	表单管理人	历史遗留英文列:无面板字段引用、本表该列全空(2026-09-28 体检)——见《数据库规范》阶段 3 清理候选	表单管理人
rd_mold_formula_head	密级	历史遗留英文列:无面板字段引用、本表该列全空(2026-09-28 体检)——见《数据库规范》阶段 3 清理候选	密级
rd_mold_formula_head	使用范围	历史遗留英文列:无面板字段引用、本表该列全空(2026-09-28 体检)——见《数据库规范》阶段 3 清理候选	使用范围
rd_mold_formula_head	版本号	历史遗留英文列:无面板字段引用、本表该列全空(2026-09-28 体检)——见《数据库规范》阶段 3 清理候选	版本号
rd_mold_formula_head	产品编号	历史遗留英文列:无面板字段引用、本表该列全空(2026-09-28 体检)——见《数据库规范》阶段 3 清理候选	产品编号
rd_mold_formula_head	产品名称	历史遗留英文列:无面板字段引用、本表该列全空(2026-09-28 体检)——见《数据库规范》阶段 3 清理候选	产品名称
rd_mold_formula_head	炭棒规格1	历史遗留英文列:无面板字段引用、本表该列全空(2026-09-28 体检)——见《数据库规范》阶段 3 清理候选	炭棒规格1
rd_mold_formula_head	炭棒规格2	历史遗留英文列:无面板字段引用、本表该列全空(2026-09-28 体检)——见《数据库规范》阶段 3 清理候选	炭棒规格2
rd_mold_formula_head	炭棒规格3	历史遗留英文列:无面板字段引用、本表该列全空(2026-09-28 体检)——见《数据库规范》阶段 3 清理候选	炭棒规格3
rd_mold_formula_head	产品管控类型	历史遗留英文列:无面板字段引用、本表该列全空(2026-09-28 体检)——见《数据库规范》阶段 3 清理候选	产品管控类型
rd_mold_formula_head	外观要求	历史遗留英文列:无面板字段引用、本表该列全空(2026-09-28 体检)——见《数据库规范》阶段 3 清理候选	外观要求
rd_mold_formula_head	生产车间	历史遗留英文列:无面板字段引用、本表该列全空(2026-09-28 体检)——见《数据库规范》阶段 3 清理候选	生产车间
rd_mold_formula_head	配料要求	历史遗留英文列:无面板字段引用、本表该列全空(2026-09-28 体检)——见《数据库规范》阶段 3 清理候选	配料要求
rd_mold_formula_head	备注	历史遗留英文列:无面板字段引用、本表该列全空(2026-09-28 体检)——见《数据库规范》阶段 3 清理候选	备注
rd_mold_formula_head	asp_user1	创建人	asp_user1
rd_mold_formula_head	asp_time1	创建时间	asp_time1
rd_mold_formula_head	asp_user2	最后修改人	asp_user2
rd_mold_formula_head	asp_time2	最后修改时间	asp_time2
rd_mold_formula_head	asp_cancel	删除标记	asp_cancel
bs_qc_plan		检验方案(适用存货/检验方式/抽检比例)	「检验方案」明细行表
bs_qc_plan	方案编码	历史遗留英文列:无面板字段引用、本表该列全空(2026-09-28 体检)——见《数据库规范》阶段 3 清理候选	方案编码
bs_qc_plan	方案名称	历史遗留英文列:无面板字段引用、本表该列全空(2026-09-28 体检)——见《数据库规范》阶段 3 清理候选	方案名称
bs_qc_plan	适用存货	历史遗留英文列:无面板字段引用、本表该列全空(2026-09-28 体检)——见《数据库规范》阶段 3 清理候选	适用存货
bs_qc_plan	适用存货类别	历史遗留英文列:无面板字段引用、本表该列全空(2026-09-28 体检)——见《数据库规范》阶段 3 清理候选	适用存货类别
bs_qc_plan	检验方式	历史遗留英文列:无面板字段引用、本表该列全空(2026-09-28 体检)——见《数据库规范》阶段 3 清理候选	检验方式
bs_qc_plan	抽检比例%	历史遗留英文列:无面板字段引用、本表该列全空(2026-09-28 体检)——见《数据库规范》阶段 3 清理候选	抽检比例%
bs_qc_plan	停用	历史遗留英文列:无面板字段引用、本表该列全空(2026-09-28 体检)——见《数据库规范》阶段 3 清理候选	停用
bs_qc_plan	备注	历史遗留英文列:无面板字段引用、本表该列全空(2026-09-28 体检)——见《数据库规范》阶段 3 清理候选	备注
bs_qc_plan	状态	历史遗留英文列:无面板字段引用、本表该列全空(2026-09-28 体检)——见《数据库规范》阶段 3 清理候选	状态
bs_qc_plan	asp_user1	创建人	asp_user1
bs_qc_plan	asp_time1	创建时间	asp_time1
bs_qc_plan	asp_user2	最后修改人	asp_user2
bs_qc_plan	asp_time2	最后修改时间	asp_time2
bs_qc_plan	asp_cancel	删除标记	asp_cancel
qc_bhc	单据编号	单号(面板字段列)	单据编号
qc_bhc	单据日期	单据日期(空白草稿自动填当天)	单据日期
qc_bhc	文档编号	历史遗留英文列:无面板字段引用、本表该列全空(2026-09-28 体检)——见《数据库规范》阶段 3 清理候选	文档编号
qc_bhc	客户名称	历史遗留英文列:无面板字段引用、本表该列全空(2026-09-28 体检)——见《数据库规范》阶段 3 清理候选	客户名称
qc_bhc	产品编码	历史遗留英文列:无面板字段引用、本表该列全空(2026-09-28 体检)——见《数据库规范》阶段 3 清理候选	产品编码
qc_bhc	产品名称	历史遗留英文列:无面板字段引用、本表该列全空(2026-09-28 体检)——见《数据库规范》阶段 3 清理候选	产品名称
qc_bhc	产品规格	历史遗留英文列:无面板字段引用、本表该列全空(2026-09-28 体检)——见《数据库规范》阶段 3 清理候选	产品规格
qc_bhc	生产量	历史遗留英文列:无面板字段引用、本表该列全空(2026-09-28 体检)——见《数据库规范》阶段 3 清理候选	生产量
qc_bhc	不合格品数量	历史遗留英文列:无面板字段引用、本表该列全空(2026-09-28 体检)——见《数据库规范》阶段 3 清理候选	不合格品数量
qc_bhc	不合格品比例	历史遗留英文列:无面板字段引用、本表该列全空(2026-09-28 体检)——见《数据库规范》阶段 3 清理候选	不合格品比例
qc_bhc	问题来源	历史遗留英文列:无面板字段引用、本表该列全空(2026-09-28 体检)——见《数据库规范》阶段 3 清理候选	问题来源
qc_bhc	责任人	产品负责人(面板字段列)	责任人(产品负责人):**新增时预填当前用户、可手改**(用户口径「责任人预填,让他自己修改」);同时是纸面底部落款①「编制」格,故此处显示的人即编制人
qc_bhc	问题描述	历史遗留英文列:无面板字段引用、本表该列全空(2026-09-28 体检)——见《数据库规范》阶段 3 清理候选	问题描述
qc_bhc	原因分析	历史遗留英文列:无面板字段引用、本表该列全空(2026-09-28 体检)——见《数据库规范》阶段 3 清理候选	原因分析
qc_bhc	性能验证	历史遗留英文列:无面板字段引用、本表该列全空(2026-09-28 体检)——见《数据库规范》阶段 3 清理候选	性能验证
qc_bhc	处理意见	历史遗留英文列:无面板字段引用、本表该列全空(2026-09-28 体检)——见《数据库规范》阶段 3 清理候选	处理意见
qc_bhc	产品开发部性能意见	历史遗留英文列:无面板字段引用、本表该列全空(2026-09-28 体检)——见《数据库规范》阶段 3 清理候选	产品开发部性能意见
qc_bhc	产品开发部工艺意见	历史遗留英文列:无面板字段引用、本表该列全空(2026-09-28 体检)——见《数据库规范》阶段 3 清理候选	产品开发部工艺意见
qc_bhc	销售部意见	历史遗留英文列:无面板字段引用、本表该列全空(2026-09-28 体检)——见《数据库规范》阶段 3 清理候选	销售部意见
qc_bhc	改善效果验证	历史遗留英文列:无面板字段引用、本表该列全空(2026-09-28 体检)——见《数据库规范》阶段 3 清理候选	改善效果验证
qc_bhc	材料费用	历史遗留英文列:无面板字段引用、本表该列全空(2026-09-28 体检)——见《数据库规范》阶段 3 清理候选	材料费用
qc_bhc	人工费	历史遗留英文列:无面板字段引用、本表该列全空(2026-09-28 体检)——见《数据库规范》阶段 3 清理候选	人工费
qc_bhc	其他费用	历史遗留英文列:无面板字段引用、本表该列全空(2026-09-28 体检)——见《数据库规范》阶段 3 清理候选	其他费用
qc_bhc	备注	历史遗留英文列:无面板字段引用、本表该列全空(2026-09-28 体检)——见《数据库规范》阶段 3 清理候选	备注
qc_bhc	单据状态	历史遗留英文列:无面板字段引用、本表该列全空(2026-09-28 体检)——见《数据库规范》阶段 3 清理候选	单据状态
qc_bhc	审核人	审核人(流程)(面板字段列)	审核人(流程):纸面落款②「审核」=一级审批通过的人(勾了该面板「审核反审核」的角色账号∪管理员;驳回/弃审清空)
qc_bhc	审核时间	历史遗留英文列:无面板字段引用、本表该列全空(2026-09-28 体检)——见《数据库规范》阶段 3 清理候选	审核时间:一级审批通过的时间(驳回/弃审清空)
qc_bhc	审批人	历史遗留英文列:无面板字段引用、本表该列全空(2026-09-28 体检)——见《数据库规范》阶段 3 清理候选	审批人:纸面落款③「批准」=超级管理员(二级审批通过时才落值;驳回/弃审清空)
qc_bhc	审批时间	历史遗留英文列:无面板字段引用、本表该列全空(2026-09-28 体检)——见《数据库规范》阶段 3 清理候选	审批时间:超级管理员批准的时间
qc_bhc	asp_user1	创建人	asp_user1
qc_bhc	asp_time1	创建时间	asp_time1
qc_bhc	asp_user2	最后修改人	asp_user2
qc_bhc	asp_time2	最后修改时间	asp_time2
qc_bhc	asp_cancel	删除标记	asp_cancel
rd_mold_formula_detail	单据编号	单号(面板字段列)	单据编号
rd_mold_formula_detail	序号	历史遗留英文列:无面板字段引用、本表该列全空(2026-09-28 体检)——见《数据库规范》阶段 3 清理候选	序号
rd_mold_formula_detail	物料种类	历史遗留英文列:无面板字段引用、本表该列全空(2026-09-28 体检)——见《数据库规范》阶段 3 清理候选	物料种类
rd_mold_formula_detail	物料编号	历史遗留英文列:无面板字段引用、本表该列全空(2026-09-28 体检)——见《数据库规范》阶段 3 清理候选	物料编号
rd_mold_formula_detail	物料名称	历史遗留英文列:无面板字段引用、本表该列全空(2026-09-28 体检)——见《数据库规范》阶段 3 清理候选	物料名称
rd_mold_formula_detail	实际添加比例	历史遗留英文列:无面板字段引用、本表该列全空(2026-09-28 体检)——见《数据库规范》阶段 3 清理候选	实际添加比例
rd_mold_formula_detail	单支物料含量	历史遗留英文列:无面板字段引用、本表该列全空(2026-09-28 体检)——见《数据库规范》阶段 3 清理候选	单支物料含量
rd_mold_formula_detail	设计添加量	历史遗留英文列:无面板字段引用、本表该列全空(2026-09-28 体检)——见《数据库规范》阶段 3 清理候选	设计添加量
rd_mold_formula_detail	asp_user1	创建人	asp_user1
rd_mold_formula_detail	asp_time1	创建时间	asp_time1
rd_mold_formula_detail	asp_user2	最后修改人	asp_user2
rd_mold_formula_detail	asp_time2	最后修改时间	asp_time2
rd_mold_formula_detail	asp_cancel	删除标记	asp_cancel
bs_region		地区档案	「地区」明细行表
bs_region	备注	历史遗留英文列:无面板字段引用、本表该列全空(2026-09-28 体检)——见《数据库规范》阶段 3 清理候选	备注
bs_region	asp_user1	创建人	asp_user1
bs_region	asp_time1	创建时间	asp_time1
bs_region	asp_user2	最后修改人	asp_user2
bs_region	asp_time2	最后修改时间	asp_time2
bs_region	asp_cancel	删除标记	asp_cancel
bs_region	上级地区	历史遗留英文列:无面板字段引用、本表该列全空(2026-09-28 体检)——见《数据库规范》阶段 3 清理候选	上级地区
bs_region	停用	历史遗留英文列:无面板字段引用、本表该列全空(2026-09-28 体检)——见《数据库规范》阶段 3 清理候选	停用
rd_asm_bom_head	单据编号	单号(面板字段列)	单据编号
rd_asm_bom_head	单据日期	单据日期(空白草稿自动填当天)	单据日期
rd_asm_bom_head	备注	历史遗留英文列:无面板字段引用、本表该列全空(2026-09-28 体检)——见《数据库规范》阶段 3 清理候选	备注
rd_asm_bom_head	asp_user1	创建人	asp_user1
rd_asm_bom_head	asp_time1	创建时间	asp_time1
rd_asm_bom_head	asp_user2	最后修改人	asp_user2
rd_asm_bom_head	asp_time2	最后修改时间	asp_time2
rd_asm_bom_head	asp_cancel	删除标记	asp_cancel
qc_bhc_detail	单据编号	单号(面板字段列)	单据编号
qc_bhc_detail	asp_cancel	删除标记	asp_cancel
qc_bhc_detail	asp_user1	创建人	asp_user1
qc_bhc_detail	asp_user2	最后修改人	asp_user2
qc_bhc_detail	asp_time1	创建时间	asp_time1
qc_bhc_detail	asp_time2	最后修改时间	asp_time2
bs_reject		不合格原因档案	「不合格原因」明细行表
bs_reject	asp_user1	创建人	asp_user1
bs_reject	asp_time1	创建时间	asp_time1
bs_reject	asp_user2	最后修改人	asp_user2
bs_reject	asp_time2	最后修改时间	asp_time2
bs_reject	asp_cancel	删除标记	asp_cancel
bs_reject	原因分类	历史遗留英文列:无面板字段引用、本表该列全空(2026-09-28 体检)——见《数据库规范》阶段 3 清理候选	原因分类
bs_reject	适用工序	历史遗留英文列:无面板字段引用、本表该列全空(2026-09-28 体检)——见《数据库规范》阶段 3 清理候选	适用工序
rd_asm_bom_detail	单据编号	单号(面板字段列)	单据编号
rd_asm_bom_detail	物料名	历史遗留英文列:无面板字段引用、本表该列全空(2026-09-28 体检)——见《数据库规范》阶段 3 清理候选	物料名
rd_asm_bom_detail	物料编号	历史遗留英文列:无面板字段引用、本表该列全空(2026-09-28 体检)——见《数据库规范》阶段 3 清理候选	物料编号
rd_asm_bom_detail	物料规格	历史遗留英文列:无面板字段引用、本表该列全空(2026-09-28 体检)——见《数据库规范》阶段 3 清理候选	物料规格
rd_asm_bom_detail	外观要求	历史遗留英文列:无面板字段引用、本表该列全空(2026-09-28 体检)——见《数据库规范》阶段 3 清理候选	外观要求
rd_asm_bom_detail	用量	历史遗留英文列:无面板字段引用、本表该列全空(2026-09-28 体检)——见《数据库规范》阶段 3 清理候选	用量
rd_asm_bom_detail	asp_user1	创建人	asp_user1
rd_asm_bom_detail	asp_time1	创建时间	asp_time1
rd_asm_bom_detail	asp_user2	最后修改人	asp_user2
rd_asm_bom_detail	asp_time2	最后修改时间	asp_time2
rd_asm_bom_detail	asp_cancel	删除标记	asp_cancel
bs_route		工艺路线(工序顺序/加工方式)	「工艺路线」明细行表
bs_route	备注	历史遗留英文列:无面板字段引用、本表该列全空(2026-09-28 体检)——见《数据库规范》阶段 3 清理候选	备注
bs_route	asp_user1	创建人	asp_user1
bs_route	asp_time1	创建时间	asp_time1
bs_route	asp_user2	最后修改人	asp_user2
bs_route	asp_time2	最后修改时间	asp_time2
bs_route	asp_cancel	删除标记	asp_cancel
wo_order		生产工单(五工序计划预填,产品批号取号)	「生产工单」头表
wo_order	单据编号	单号(面板字段列)	单据编号
wo_order	单据日期	历史遗留英文列:无面板字段引用、本表该列全空(2026-09-28 体检)——见《数据库规范》阶段 3 清理候选	单据日期
wo_order	销售订单号	历史遗留英文列:无面板字段引用、本表该列全空(2026-09-28 体检)——见《数据库规范》阶段 3 清理候选	销售订单号
wo_order	客户	历史遗留英文列:无面板字段引用、本表该列全空(2026-09-28 体检)——见《数据库规范》阶段 3 清理候选	客户
wo_order	产品编码	历史遗留英文列:无面板字段引用、本表该列全空(2026-09-28 体检)——见《数据库规范》阶段 3 清理候选	产品编码
wo_order	产品名称	历史遗留英文列:无面板字段引用、本表该列全空(2026-09-28 体检)——见《数据库规范》阶段 3 清理候选	产品名称
wo_order	规格型号	历史遗留英文列:无面板字段引用、本表该列全空(2026-09-28 体检)——见《数据库规范》阶段 3 清理候选	规格型号
wo_order	单位	历史遗留英文列:无面板字段引用、本表该列全空(2026-09-28 体检)——见《数据库规范》阶段 3 清理候选	单位
wo_order	订单数量	历史遗留英文列:无面板字段引用、本表该列全空(2026-09-28 体检)——见《数据库规范》阶段 3 清理候选	订单数量
wo_order	成型计划数量	历史遗留英文列:无面板字段引用、本表该列全空(2026-09-28 体检)——见《数据库规范》阶段 3 清理候选	成型计划数量
wo_order	交期	历史遗留英文列:无面板字段引用、本表该列全空(2026-09-28 体检)——见《数据库规范》阶段 3 清理候选	交期
wo_order	生产车间	历史遗留英文列:无面板字段引用、本表该列全空(2026-09-28 体检)——见《数据库规范》阶段 3 清理候选	生产车间
wo_order	工单状态	历史遗留英文列:无面板字段引用、本表该列全空(2026-09-28 体检)——见《数据库规范》阶段 3 清理候选	工单状态
wo_order	审核人	审核人(流程)(面板字段列)	审核人
wo_order	审核时间	历史遗留英文列:无面板字段引用、本表该列全空(2026-09-28 体检)——见《数据库规范》阶段 3 清理候选	审核时间
wo_order	备注	历史遗留英文列:无面板字段引用、本表该列全空(2026-09-28 体检)——见《数据库规范》阶段 3 清理候选	备注
wo_order	产品批号	历史遗留英文列:无面板字段引用、本表该列全空(2026-09-28 体检)——见《数据库规范》阶段 3 清理候选	产品批号
bs_team		班组档案	「班组」明细行表
bs_team	asp_user1	创建人	asp_user1
bs_team	asp_time1	创建时间	asp_time1
bs_team	asp_user2	最后修改人	asp_user2
bs_team	asp_time2	最后修改时间	asp_time2
bs_team	asp_cancel	删除标记	asp_cancel
bs_team	负责人	历史遗留英文列:无面板字段引用、本表该列全空(2026-09-28 体检)——见《数据库规范》阶段 3 清理候选	负责人
bs_team	人数	历史遗留英文列:无面板字段引用、本表该列全空(2026-09-28 体检)——见《数据库规范》阶段 3 清理候选	人数
wo_progress		工单工序进度(报工审核按工序累计完成数量)	「工单工序进度」明细行表
wo_progress	单据编号	单号(面板字段列)	单据编号
wo_progress	备注	历史遗留英文列:无面板字段引用、本表该列全空(2026-09-28 体检)——见《数据库规范》阶段 3 清理候选	备注
wo_progress	asp_user1	创建人	asp_user1
wo_progress	asp_time1	创建时间	asp_time1
wo_progress	asp_user2	最后修改人	asp_user2
wo_progress	asp_time2	最后修改时间	asp_time2
wo_progress	asp_cancel	删除标记	asp_cancel
qc_bhz	单据编号	单号(面板字段列)	单据编号
qc_bhz	单据日期	单据日期(空白草稿自动填当天)	单据日期
qc_bhz	文档编号	历史遗留英文列:无面板字段引用、本表该列全空(2026-09-28 体检)——见《数据库规范》阶段 3 清理候选	文档编号
qc_bhz	物料名称	历史遗留英文列:无面板字段引用、本表该列全空(2026-09-28 体检)——见《数据库规范》阶段 3 清理候选	物料名称
qc_bhz	物料编码	历史遗留英文列:无面板字段引用、本表该列全空(2026-09-28 体检)——见《数据库规范》阶段 3 清理候选	物料编码
qc_bhz	物料批次	历史遗留英文列:无面板字段引用、本表该列全空(2026-09-28 体检)——见《数据库规范》阶段 3 清理候选	物料批次
qc_bhz	生产数量	历史遗留英文列:无面板字段引用、本表该列全空(2026-09-28 体检)——见《数据库规范》阶段 3 清理候选	生产数量
qc_bhz	问题来源	历史遗留英文列:无面板字段引用、本表该列全空(2026-09-28 体检)——见《数据库规范》阶段 3 清理候选	问题来源
qc_bhz	责任人	产品负责人(面板字段列)	责任人(产品负责人):**新增时预填当前用户、可手改**;同时是纸面底部落款①「编制」格
qc_bhz	问题描述	历史遗留英文列:无面板字段引用、本表该列全空(2026-09-28 体检)——见《数据库规范》阶段 3 清理候选	问题描述
qc_bhz	原因分析	历史遗留英文列:无面板字段引用、本表该列全空(2026-09-28 体检)——见《数据库规范》阶段 3 清理候选	原因分析
qc_bhz	性能验证	历史遗留英文列:无面板字段引用、本表该列全空(2026-09-28 体检)——见《数据库规范》阶段 3 清理候选	性能验证
qc_bhz	处理意见	历史遗留英文列:无面板字段引用、本表该列全空(2026-09-28 体检)——见《数据库规范》阶段 3 清理候选	处理意见
qc_bhz	研发部意见	历史遗留英文列:无面板字段引用、本表该列全空(2026-09-28 体检)——见《数据库规范》阶段 3 清理候选	研发部意见
qc_bhz	产品开发部意见	历史遗留英文列:无面板字段引用、本表该列全空(2026-09-28 体检)——见《数据库规范》阶段 3 清理候选	产品开发部意见
qc_bhz	改善效果验证	历史遗留英文列:无面板字段引用、本表该列全空(2026-09-28 体检)——见《数据库规范》阶段 3 清理候选	改善效果验证
qc_bhz	材料费用	历史遗留英文列:无面板字段引用、本表该列全空(2026-09-28 体检)——见《数据库规范》阶段 3 清理候选	材料费用
qc_bhz	人工费	历史遗留英文列:无面板字段引用、本表该列全空(2026-09-28 体检)——见《数据库规范》阶段 3 清理候选	人工费
qc_bhz	其他费用	历史遗留英文列:无面板字段引用、本表该列全空(2026-09-28 体检)——见《数据库规范》阶段 3 清理候选	其他费用
qc_bhz	备注	历史遗留英文列:无面板字段引用、本表该列全空(2026-09-28 体检)——见《数据库规范》阶段 3 清理候选	备注
qc_bhz	单据状态	历史遗留英文列:无面板字段引用、本表该列全空(2026-09-28 体检)——见《数据库规范》阶段 3 清理候选	单据状态
qc_bhz	审核人	审核人(流程)(面板字段列)	审核人(流程):纸面落款②「审核」=一级审批通过的人(驳回/弃审清空)
qc_bhz	审核时间	历史遗留英文列:无面板字段引用、本表该列全空(2026-09-28 体检)——见《数据库规范》阶段 3 清理候选	审核时间:一级审批通过的时间(驳回/弃审清空)
qc_bhz	审批人	历史遗留英文列:无面板字段引用、本表该列全空(2026-09-28 体检)——见《数据库规范》阶段 3 清理候选	审批人:纸面落款③「批准」=超级管理员(驳回/弃审清空)
qc_bhz	审批时间	历史遗留英文列:无面板字段引用、本表该列全空(2026-09-28 体检)——见《数据库规范》阶段 3 清理候选	审批时间:超级管理员批准的时间
qc_bhz	asp_user1	创建人	asp_user1
qc_bhz	asp_time1	创建时间	asp_time1
qc_bhz	asp_user2	最后修改人	asp_user2
qc_bhz	asp_time2	最后修改时间	asp_time2
qc_bhz	asp_cancel	删除标记	asp_cancel
bd_material_out		材料出库单(领料)头表 (禁用)	「材料出库单」头表
bd_material_out	单据编号	单号(面板字段列)	单据编号
bd_material_out	业务类型	历史遗留英文列:无面板字段引用、本表该列全空(2026-09-28 体检)——见《数据库规范》阶段 3 清理候选	业务类型
bd_material_out	生产车间	历史遗留英文列:无面板字段引用、本表该列全空(2026-09-28 体检)——见《数据库规范》阶段 3 清理候选	生产车间
bd_material_out	出库类别	历史遗留英文列:无面板字段引用、本表该列全空(2026-09-28 体检)——见《数据库规范》阶段 3 清理候选	出库类别
bd_material_out	领用人	历史遗留英文列:无面板字段引用、本表该列全空(2026-09-28 体检)——见《数据库规范》阶段 3 清理候选	领用人
bd_material_out	项目	历史遗留英文列:无面板字段引用、本表该列全空(2026-09-28 体检)——见《数据库规范》阶段 3 清理候选	项目
bd_material_out	来源单号	历史遗留英文列:无面板字段引用、本表该列全空(2026-09-28 体检)——见《数据库规范》阶段 3 清理候选	来源单号
bd_material_out	加工单号	历史遗留英文列:无面板字段引用、本表该列全空(2026-09-28 体检)——见《数据库规范》阶段 3 清理候选	加工单号
bd_material_out	工单行号	打印次数	工单行号(2026-09-28 服务器侧直加,随第一轮 parity 对齐入链;领料出库关联生产工单行,与 plang.pl_xc 同义)
bd_material_out	备注	历史遗留英文列:无面板字段引用、本表该列全空(2026-09-28 体检)——见《数据库规范》阶段 3 清理候选	备注
bd_material_out	审核人	审核人(流程)(面板字段列)	审核人
bd_material_out	审核时间	历史遗留英文列:无面板字段引用、本表该列全空(2026-09-28 体检)——见《数据库规范》阶段 3 清理候选	审核时间
bd_material_out	审批人	历史遗留英文列:无面板字段引用、本表该列全空(2026-09-28 体检)——见《数据库规范》阶段 3 清理候选	审批人
bd_material_out	审批时间	历史遗留英文列:无面板字段引用、本表该列全空(2026-09-28 体检)——见《数据库规范》阶段 3 清理候选	审批时间
bd_material_out	来源单据	历史遗留英文列:无面板字段引用、本表该列全空(2026-09-28 体检)——见《数据库规范》阶段 3 清理候选	来源单据
bd_material_out	销售订单号	历史遗留英文列:无面板字段引用、本表该列全空(2026-09-28 体检)——见《数据库规范》阶段 3 清理候选	销售订单号
bd_material_out	匹配来源单号	历史遗留英文列:无面板字段引用、本表该列全空(2026-09-28 体检)——见《数据库规范》阶段 3 清理候选	匹配来源单号
bd_material_out	asp_user1	创建人	asp_user1
bd_material_out	asp_time1	创建时间	asp_time1
bd_material_out	asp_user2	最后修改人	asp_user2
bd_material_out	asp_time2	最后修改时间	asp_time2
bd_material_out	asp_cancel	删除标记	asp_cancel
rd_equip_use_head		设备使用登记表头表	「设备使用登记表」头表
rd_equip_use_head	单据编号	单号(面板字段列)	单据编号
rd_equip_use_head	asp_user1	创建人	asp_user1
rd_equip_use_head	asp_time1	创建时间	asp_time1
rd_equip_use_head	asp_user2	最后修改人	asp_user2
rd_equip_use_head	asp_time2	最后修改时间	asp_time2
rd_equip_use_head	asp_cancel	删除标记	asp_cancel
bs_uom		计量单位档案	「计量单位」明细行表
bs_uom	单位类型	换算类型(面板字段列)	换算类型
bs_uom	备注	历史遗留英文列:无面板字段引用、本表该列全空(2026-09-28 体检)——见《数据库规范》阶段 3 清理候选	备注
bs_uom	小数位数	数量小数位(面板字段列)	数量小数位
bs_uom	长编码	历史遗留英文列:无面板字段引用、本表该列全空(2026-09-28 体检)——见《数据库规范》阶段 3 清理候选	长编码
qc_bhz_detail	单据编号	单号(面板字段列)	单据编号
qc_bhz_detail	asp_cancel	删除标记	asp_cancel
qc_bhz_detail	asp_user1	创建人	asp_user1
qc_bhz_detail	asp_user2	最后修改人	asp_user2
qc_bhz_detail	asp_time1	创建时间	asp_time1
qc_bhz_detail	asp_time2	最后修改时间	asp_time2
bs_wc		工作中心档案	「工作中心」明细行表
bs_wc	asp_user1	创建人	asp_user1
bs_wc	asp_time1	创建时间	asp_time1
bs_wc	asp_user2	最后修改人	asp_user2
bs_wc	asp_time2	最后修改时间	asp_time2
bs_wc	asp_cancel	删除标记	asp_cancel
rd_equip_use_detail		设备使用登记表行表	「设备使用登记表」明细行表
rd_equip_use_detail	单据编号	单号(面板字段列)	单据编号
rd_equip_use_detail	设备状态	设备状态\n（检查管路、阀门、启动是否正常）(面板字段列)	设备状态
rd_equip_use_detail	asp_user1	创建人	asp_user1
rd_equip_use_detail	asp_time1	创建时间	asp_time1
rd_equip_use_detail	asp_user2	最后修改人	asp_user2
rd_equip_use_detail	asp_time2	最后修改时间	asp_time2
rd_equip_use_detail	asp_cancel	删除标记	asp_cancel
qc_jjf	单据编号	单号(面板字段列)	单据编号
qc_jjf	单据日期	单据日期(空白草稿自动填当天)	单据日期
qc_jjf	文档编号	历史遗留英文列:无面板字段引用、本表该列全空(2026-09-28 体检)——见《数据库规范》阶段 3 清理候选	文档编号
qc_jjf	物料类型	历史遗留英文列:无面板字段引用、本表该列全空(2026-09-28 体检)——见《数据库规范》阶段 3 清理候选	物料类型
qc_jjf	物料名称	历史遗留英文列:无面板字段引用、本表该列全空(2026-09-28 体检)——见《数据库规范》阶段 3 清理候选	物料名称
qc_jjf	物料编码	历史遗留英文列:无面板字段引用、本表该列全空(2026-09-28 体检)——见《数据库规范》阶段 3 清理候选	物料编码
qc_jjf	申请放行数量	历史遗留英文列:无面板字段引用、本表该列全空(2026-09-28 体检)——见《数据库规范》阶段 3 清理候选	申请放行数量
qc_jjf	批次号	送料批次号(采购订单分批送料:批次号=采购订单号+3位序号;由生单自动生成,贯通暂收/检验/入库/退回)	批次号
qc_jjf	紧急放行原因	历史遗留英文列:无面板字段引用、本表该列全空(2026-09-28 体检)——见《数据库规范》阶段 3 清理候选	紧急放行原因
qc_jjf	产品开发部性能意见	历史遗留英文列:无面板字段引用、本表该列全空(2026-09-28 体检)——见《数据库规范》阶段 3 清理候选	产品开发部性能意见
qc_jjf	产品开发部工艺意见	历史遗留英文列:无面板字段引用、本表该列全空(2026-09-28 体检)——见《数据库规范》阶段 3 清理候选	产品开发部工艺意见
qc_jjf	品质部意见	历史遗留英文列:无面板字段引用、本表该列全空(2026-09-28 体检)——见《数据库规范》阶段 3 清理候选	品质部意见
qc_jjf	检测结果	历史遗留英文列:无面板字段引用、本表该列全空(2026-09-28 体检)——见《数据库规范》阶段 3 清理候选	检测结果
qc_jjf	检测人	历史遗留英文列:无面板字段引用、本表该列全空(2026-09-28 体检)——见《数据库规范》阶段 3 清理候选	检测人(历史名):纸面底部落款①「编制」=提交审批的人(只读,提交时自动写)
qc_jjf	责任人	产品负责人(面板字段列)	责任人
qc_jjf	备注	历史遗留英文列:无面板字段引用、本表该列全空(2026-09-28 体检)——见《数据库规范》阶段 3 清理候选	备注
qc_jjf	单据状态	历史遗留英文列:无面板字段引用、本表该列全空(2026-09-28 体检)——见《数据库规范》阶段 3 清理候选	单据状态
qc_jjf	审核人	审核人(流程)(面板字段列)	审核人(流程):纸面落款②「审核」=一级审批通过的人(驳回/弃审清空)
qc_jjf	审核时间	历史遗留英文列:无面板字段引用、本表该列全空(2026-09-28 体检)——见《数据库规范》阶段 3 清理候选	审核时间:一级审批通过的时间(驳回/弃审清空)
qc_jjf	审批人	历史遗留英文列:无面板字段引用、本表该列全空(2026-09-28 体检)——见《数据库规范》阶段 3 清理候选	审批人:纸面落款③「批准」=超级管理员(驳回/弃审清空)
qc_jjf	审批时间	历史遗留英文列:无面板字段引用、本表该列全空(2026-09-28 体检)——见《数据库规范》阶段 3 清理候选	审批时间:超级管理员批准的时间
qc_jjf	asp_user1	创建人	asp_user1
qc_jjf	asp_time1	创建时间	asp_time1
qc_jjf	asp_user2	最后修改人	asp_user2
qc_jjf	asp_time2	最后修改时间	asp_time2
qc_jjf	asp_cancel	删除标记	asp_cancel
bl_material_out		材料出库单(领料)行表(BOM展开生成) (禁用)	「材料出库单」明细行表
bl_material_out	单据编号	单号(面板字段列)	单据编号
bl_material_out	仓库	历史遗留英文列:无面板字段引用、本表该列全空(2026-09-28 体检)——见《数据库规范》阶段 3 清理候选	仓库
bl_material_out	加工单号	历史遗留英文列:无面板字段引用、本表该列全空(2026-09-28 体检)——见《数据库规范》阶段 3 清理候选	加工单号
bl_material_out	材料名称	历史遗留英文列:无面板字段引用、本表该列全空(2026-09-28 体检)——见《数据库规范》阶段 3 清理候选	材料名称
bl_material_out	计量单位	历史遗留英文列:无面板字段引用、本表该列全空(2026-09-28 体检)——见《数据库规范》阶段 3 清理候选	计量单位
bl_material_out	数量	历史遗留英文列:无面板字段引用、本表该列全空(2026-09-28 体检)——见《数据库规范》阶段 3 清理候选	数量
bl_material_out	单价	历史遗留英文列:无面板字段引用、本表该列全空(2026-09-28 体检)——见《数据库规范》阶段 3 清理候选	单价
bl_material_out	金额	历史遗留英文列:无面板字段引用、本表该列全空(2026-09-28 体检)——见《数据库规范》阶段 3 清理候选	金额
bl_material_out	规格型号	历史遗留英文列:无面板字段引用、本表该列全空(2026-09-28 体检)——见《数据库规范》阶段 3 清理候选	规格型号
bl_material_out	明细备注	历史遗留英文列:无面板字段引用、本表该列全空(2026-09-28 体检)——见《数据库规范》阶段 3 清理候选	明细备注
bl_material_out	现存量	历史遗留英文列:无面板字段引用、本表该列全空(2026-09-28 体检)——见《数据库规范》阶段 3 清理候选	现存量
bl_material_out	现存量说明	历史遗留英文列:无面板字段引用、本表该列全空(2026-09-28 体检)——见《数据库规范》阶段 3 清理候选	现存量说明
bl_material_out	备注	历史遗留英文列:无面板字段引用、本表该列全空(2026-09-28 体检)——见《数据库规范》阶段 3 清理候选	备注
bl_material_out	材料编码	历史遗留英文列:无面板字段引用、本表该列全空(2026-09-28 体检)——见《数据库规范》阶段 3 清理候选	材料编码
bl_material_out	批号	历史遗留英文列:无面板字段引用、本表该列全空(2026-09-28 体检)——见《数据库规范》阶段 3 清理候选	批号
bl_material_out	asp_user1	创建人	asp_user1
bl_material_out	asp_time1	创建时间	asp_time1
bl_material_out	asp_user2	最后修改人	asp_user2
bl_material_out	asp_time2	最后修改时间	asp_time2
bl_material_out	asp_cancel	删除标记	asp_cancel
rd_mold_proc_head		成型工艺清单头表	「成型工艺清单」头表
rd_mold_proc_head	单据编号	单号(面板字段列)	单据编号
rd_mold_proc_head	表单管理人	历史遗留英文列:无面板字段引用、本表该列全空(2026-09-28 体检)——见《数据库规范》阶段 3 清理候选	表单管理人
rd_mold_proc_head	密级	历史遗留英文列:无面板字段引用、本表该列全空(2026-09-28 体检)——见《数据库规范》阶段 3 清理候选	密级
rd_mold_proc_head	使用范围	历史遗留英文列:无面板字段引用、本表该列全空(2026-09-28 体检)——见《数据库规范》阶段 3 清理候选	使用范围
rd_mold_proc_head	版本号	历史遗留英文列:无面板字段引用、本表该列全空(2026-09-28 体检)——见《数据库规范》阶段 3 清理候选	版本号
rd_mold_proc_head	炭棒规格1	历史遗留英文列:无面板字段引用、本表该列全空(2026-09-28 体检)——见《数据库规范》阶段 3 清理候选	炭棒规格1
rd_mold_proc_head	炭棒规格2	历史遗留英文列:无面板字段引用、本表该列全空(2026-09-28 体检)——见《数据库规范》阶段 3 清理候选	炭棒规格2
rd_mold_proc_head	炭棒规格3	历史遗留英文列:无面板字段引用、本表该列全空(2026-09-28 体检)——见《数据库规范》阶段 3 清理候选	炭棒规格3
rd_mold_proc_head	产品管控类型	历史遗留英文列:无面板字段引用、本表该列全空(2026-09-28 体检)——见《数据库规范》阶段 3 清理候选	产品管控类型
rd_mold_proc_head	外观要求	历史遗留英文列:无面板字段引用、本表该列全空(2026-09-28 体检)——见《数据库规范》阶段 3 清理候选	外观要求
rd_mold_proc_head	生产车间	历史遗留英文列:无面板字段引用、本表该列全空(2026-09-28 体检)——见《数据库规范》阶段 3 清理候选	生产车间
rd_mold_proc_head	理论最低灌料重量g	历史遗留英文列:无面板字段引用、本表该列全空(2026-09-28 体检)——见《数据库规范》阶段 3 清理候选	理论最低灌料重量g
rd_mold_proc_head	理论灌料中间值g	历史遗留英文列:无面板字段引用、本表该列全空(2026-09-28 体检)——见《数据库规范》阶段 3 清理候选	理论灌料中间值g
rd_mold_proc_head	理论最高灌料重量g	历史遗留英文列:无面板字段引用、本表该列全空(2026-09-28 体检)——见《数据库规范》阶段 3 清理候选	理论最高灌料重量g
rd_mold_proc_head	理论水分	历史遗留英文列:无面板字段引用、本表该列全空(2026-09-28 体检)——见《数据库规范》阶段 3 清理候选	理论水分
rd_mold_proc_head	实际灌料重量计算公式	历史遗留英文列:无面板字段引用、本表该列全空(2026-09-28 体检)——见《数据库规范》阶段 3 清理候选	实际灌料重量计算公式
rd_mold_proc_head	烧结炉参数	历史遗留英文列:无面板字段引用、本表该列全空(2026-09-28 体检)——见《数据库规范》阶段 3 清理候选	烧结炉参数
rd_mold_proc_head	烧结时间调速器参数	历史遗留英文列:无面板字段引用、本表该列全空(2026-09-28 体检)——见《数据库规范》阶段 3 清理候选	烧结时间调速器参数
rd_mold_proc_head	热压要求	历史遗留英文列:无面板字段引用、本表该列全空(2026-09-28 体检)——见《数据库规范》阶段 3 清理候选	热压要求
rd_mold_proc_head	冷却参数设置	历史遗留英文列:无面板字段引用、本表该列全空(2026-09-28 体检)——见《数据库规范》阶段 3 清理候选	冷却参数设置
rd_mold_proc_head	长度要求	历史遗留英文列:无面板字段引用、本表该列全空(2026-09-28 体检)——见《数据库规范》阶段 3 清理候选	长度要求
rd_mold_proc_head	重量要求	历史遗留英文列:无面板字段引用、本表该列全空(2026-09-28 体检)——见《数据库规范》阶段 3 清理候选	重量要求
rd_mold_proc_head	最短长度mm	历史遗留英文列:无面板字段引用、本表该列全空(2026-09-28 体检)——见《数据库规范》阶段 3 清理候选	最短长度mm
rd_mold_proc_head	中间值mm	历史遗留英文列:无面板字段引用、本表该列全空(2026-09-28 体检)——见《数据库规范》阶段 3 清理候选	中间值mm
rd_mold_proc_head	最长长度mm	历史遗留英文列:无面板字段引用、本表该列全空(2026-09-28 体检)——见《数据库规范》阶段 3 清理候选	最长长度mm
rd_mold_proc_head	最低重量g	历史遗留英文列:无面板字段引用、本表该列全空(2026-09-28 体检)——见《数据库规范》阶段 3 清理候选	最低重量g
rd_mold_proc_head	中间值g	历史遗留英文列:无面板字段引用、本表该列全空(2026-09-28 体检)——见《数据库规范》阶段 3 清理候选	中间值g
rd_mold_proc_head	最高重量g	历史遗留英文列:无面板字段引用、本表该列全空(2026-09-28 体检)——见《数据库规范》阶段 3 清理候选	最高重量g
rd_mold_proc_head	外径mm	历史遗留英文列:无面板字段引用、本表该列全空(2026-09-28 体检)——见《数据库规范》阶段 3 清理候选	外径mm
rd_mold_proc_head	外径公差	历史遗留英文列:无面板字段引用、本表该列全空(2026-09-28 体检)——见《数据库规范》阶段 3 清理候选	外径公差
rd_mold_proc_head	内径mm	历史遗留英文列:无面板字段引用、本表该列全空(2026-09-28 体检)——见《数据库规范》阶段 3 清理候选	内径mm
rd_mold_proc_head	内径公差	历史遗留英文列:无面板字段引用、本表该列全空(2026-09-28 体检)——见《数据库规范》阶段 3 清理候选	内径公差
rd_mold_proc_head	内孔要求	历史遗留英文列:无面板字段引用、本表该列全空(2026-09-28 体检)——见《数据库规范》阶段 3 清理候选	内孔要求
rd_mold_proc_head	密度管控要求	历史遗留英文列:无面板字段引用、本表该列全空(2026-09-28 体检)——见《数据库规范》阶段 3 清理候选	密度管控要求
rd_mold_proc_head	实际密度管控下限	历史遗留英文列:无面板字段引用、本表该列全空(2026-09-28 体检)——见《数据库规范》阶段 3 清理候选	实际密度管控下限
rd_mold_proc_head	实际密度管控上限	历史遗留英文列:无面板字段引用、本表该列全空(2026-09-28 体检)——见《数据库规范》阶段 3 清理候选	实际密度管控上限
rd_mold_proc_head	跌落高度cm	历史遗留英文列:无面板字段引用、本表该列全空(2026-09-28 体检)——见《数据库规范》阶段 3 清理候选	跌落高度cm
rd_mold_proc_head	跌落次数	历史遗留英文列:无面板字段引用、本表该列全空(2026-09-28 体检)——见《数据库规范》阶段 3 清理候选	跌落次数
rd_mold_proc_head	跌落要求	历史遗留英文列:无面板字段引用、本表该列全空(2026-09-28 体检)——见《数据库规范》阶段 3 清理候选	跌落要求
rd_mold_proc_head	测试间距mm	历史遗留英文列:无面板字段引用、本表该列全空(2026-09-28 体检)——见《数据库规范》阶段 3 清理候选	测试间距mm
rd_mold_proc_head	压头下降速度	历史遗留英文列:无面板字段引用、本表该列全空(2026-09-28 体检)——见《数据库规范》阶段 3 清理候选	压头下降速度
rd_mold_proc_head	强度要求kgf	历史遗留英文列:无面板字段引用、本表该列全空(2026-09-28 体检)——见《数据库规范》阶段 3 清理候选	强度要求kgf
rd_mold_proc_head	压降测试管路	历史遗留英文列:无面板字段引用、本表该列全空(2026-09-28 体检)——见《数据库规范》阶段 3 清理候选	压降测试管路
rd_mold_proc_head	压降测试流速	历史遗留英文列:无面板字段引用、本表该列全空(2026-09-28 体检)——见《数据库规范》阶段 3 清理候选	压降测试流速
rd_mold_proc_head	压降标准kpa	历史遗留英文列:无面板字段引用、本表该列全空(2026-09-28 体检)——见《数据库规范》阶段 3 清理候选	压降标准kpa
rd_mold_proc_head	备注	历史遗留英文列:无面板字段引用、本表该列全空(2026-09-28 体检)——见《数据库规范》阶段 3 清理候选	备注
rd_mold_proc_head	炭棒规格	历史遗留英文列:无面板字段引用、本表该列全空(2026-09-28 体检)——见《数据库规范》阶段 3 清理候选	炭棒规格
rd_mold_proc_head	工序	历史遗留英文列:无面板字段引用、本表该列全空(2026-09-28 体检)——见《数据库规范》阶段 3 清理候选	工序
rd_mold_proc_head	工序管控要求	历史遗留英文列:无面板字段引用、本表该列全空(2026-09-28 体检)——见《数据库规范》阶段 3 清理候选	工序管控要求
rd_mold_proc_head	灌料	历史遗留英文列:无面板字段引用、本表该列全空(2026-09-28 体检)——见《数据库规范》阶段 3 清理候选	灌料
rd_mold_proc_head	烧结	历史遗留英文列:无面板字段引用、本表该列全空(2026-09-28 体检)——见《数据库规范》阶段 3 清理候选	烧结
rd_mold_proc_head	烧结时间/调速器参数	历史遗留英文列:无面板字段引用、本表该列全空(2026-09-28 体检)——见《数据库规范》阶段 3 清理候选	烧结时间/调速器参数
rd_mold_proc_head	热压	历史遗留英文列:无面板字段引用、本表该列全空(2026-09-28 体检)——见《数据库规范》阶段 3 清理候选	热压
rd_mold_proc_head	冷却	历史遗留英文列:无面板字段引用、本表该列全空(2026-09-28 体检)——见《数据库规范》阶段 3 清理候选	冷却
rd_mold_proc_head	脱模	历史遗留英文列:无面板字段引用、本表该列全空(2026-09-28 体检)——见《数据库规范》阶段 3 清理候选	脱模
rd_mold_proc_head	炭棒尺寸	历史遗留英文列:无面板字段引用、本表该列全空(2026-09-28 体检)——见《数据库规范》阶段 3 清理候选	炭棒尺寸
rd_mold_proc_head	密度管控	历史遗留英文列:无面板字段引用、本表该列全空(2026-09-28 体检)——见《数据库规范》阶段 3 清理候选	密度管控
rd_mold_proc_head	管控要求	历史遗留英文列:无面板字段引用、本表该列全空(2026-09-28 体检)——见《数据库规范》阶段 3 清理候选	管控要求
rd_mold_proc_head	跌落强度	历史遗留英文列:无面板字段引用、本表该列全空(2026-09-28 体检)——见《数据库规范》阶段 3 清理候选	跌落强度
rd_mold_proc_head	高度cm	历史遗留英文列:无面板字段引用、本表该列全空(2026-09-28 体检)——见《数据库规范》阶段 3 清理候选	高度cm
rd_mold_proc_head	要求	历史遗留英文列:无面板字段引用、本表该列全空(2026-09-28 体检)——见《数据库规范》阶段 3 清理候选	要求
rd_mold_proc_head	抗压强度	历史遗留英文列:无面板字段引用、本表该列全空(2026-09-28 体检)——见《数据库规范》阶段 3 清理候选	抗压强度
rd_mold_proc_head	压头下降速度mm/min	历史遗留英文列:无面板字段引用、本表该列全空(2026-09-28 体检)——见《数据库规范》阶段 3 清理候选	压头下降速度mm/min
rd_mold_proc_head	压降	历史遗留英文列:无面板字段引用、本表该列全空(2026-09-28 体检)——见《数据库规范》阶段 3 清理候选	压降
rd_mold_proc_head	测试管路	历史遗留英文列:无面板字段引用、本表该列全空(2026-09-28 体检)——见《数据库规范》阶段 3 清理候选	测试管路
rd_mold_proc_head	测试流速L/min	历史遗留英文列:无面板字段引用、本表该列全空(2026-09-28 体检)——见《数据库规范》阶段 3 清理候选	测试流速L/min
rd_mold_proc_head	配料要求	历史遗留英文列:无面板字段引用、本表该列全空(2026-09-28 体检)——见《数据库规范》阶段 3 清理候选	配料要求
rd_mold_proc_head	表区	历史遗留英文列:无面板字段引用、本表该列全空(2026-09-28 体检)——见《数据库规范》阶段 3 清理候选	表区
bs_wh		仓库档案(仓库编码/名称,库存台账仓库真源)	「仓库」明细行表
bs_wh	允许零库存出库	允许负库存(面板字段列)	允许负库存
bs_wh	联系人	历史遗留英文列:无面板字段引用、本表该列全空(2026-09-28 体检)——见《数据库规范》阶段 3 清理候选	联系人
bs_wh	联系电话	历史遗留英文列:无面板字段引用、本表该列全空(2026-09-28 体检)——见《数据库规范》阶段 3 清理候选	联系电话
bs_wh	仓库分类	历史遗留英文列:无面板字段引用、本表该列全空(2026-09-28 体检)——见《数据库规范》阶段 3 清理候选	仓库分类
bs_wh	仓库分类编码	历史遗留英文列:无面板字段引用、本表该列全空(2026-09-28 体检)——见《数据库规范》阶段 3 清理候选	仓库分类编码
bs_wh	省	历史遗留英文列:无面板字段引用、本表该列全空(2026-09-28 体检)——见《数据库规范》阶段 3 清理候选	省
bs_wh	市	历史遗留英文列:无面板字段引用、本表该列全空(2026-09-28 体检)——见《数据库规范》阶段 3 清理候选	市
bs_wh	区	历史遗留英文列:无面板字段引用、本表该列全空(2026-09-28 体检)——见《数据库规范》阶段 3 清理候选	区
bs_wh	仓库管理员编码	历史遗留英文列:无面板字段引用、本表该列全空(2026-09-28 体检)——见《数据库规范》阶段 3 清理候选	仓库管理员编码
bs_wh	分类id	历史遗留英文列:无面板字段引用、本表该列全空(2026-09-28 体检)——见《数据库规范》阶段 3 清理候选	分类id
bs_wh	仓库管理员id	历史遗留英文列:无面板字段引用、本表该列全空(2026-09-28 体检)——见《数据库规范》阶段 3 清理候选	仓库管理员id
rd_instr_use_detail		仪器使用记录表行表	「仪器使用记录表」明细行表
rd_instr_use_detail	单据编号	单号(面板字段列)	单据编号
rd_instr_use_detail	仪器状态	仪器状态\n√/×(面板字段列)	仪器状态\n√/×
rd_instr_use_detail	是否内校	是否内校\n√/-(面板字段列)	是否内校\n√/-
rd_instr_use_detail	asp_user1	创建人	asp_user1
rd_instr_use_detail	asp_time1	创建时间	asp_time1
rd_instr_use_detail	asp_user2	最后修改人	asp_user2
rd_instr_use_detail	asp_time2	最后修改时间	asp_time2
rd_instr_use_detail	asp_cancel	删除标记	asp_cancel
qc_jjf_detail	单据编号	单号(面板字段列)	单据编号
qc_jjf_detail	asp_cancel	删除标记	asp_cancel
qc_jjf_detail	asp_user1	创建人	asp_user1
qc_jjf_detail	asp_user2	最后修改人	asp_user2
qc_jjf_detail	asp_time1	创建时间	asp_time1
qc_jjf_detail	asp_time2	最后修改时间	asp_time2
yj_plan_term	stage	工序(面板字段列)	工序
yj_plan_term	asp_user1	创建人	asp_user1
yj_plan_term	asp_time1	创建时间	asp_time1
yj_plan_term	asp_user2	最后修改人	asp_user2
yj_plan_term	asp_time2	最后修改时间	asp_time2
bd_dispatch		工序派工单头表(经典遗留面板)	「工序派工单」头表
bd_dispatch	单据日期	单据日期(空白草稿自动填当天)	单据日期
bd_dispatch	单据编号	单号(面板字段列)	单据编号
bd_dispatch	业务类型	历史遗留英文列:无面板字段引用、本表该列全空(2026-09-28 体检)——见《数据库规范》阶段 3 清理候选	业务类型
bd_dispatch	生产车间	历史遗留英文列:无面板字段引用、本表该列全空(2026-09-28 体检)——见《数据库规范》阶段 3 清理候选	生产车间
bd_dispatch	加工单号	历史遗留英文列:无面板字段引用、本表该列全空(2026-09-28 体检)——见《数据库规范》阶段 3 清理候选	加工单号
bd_dispatch	产品名称	历史遗留英文列:无面板字段引用、本表该列全空(2026-09-28 体检)——见《数据库规范》阶段 3 清理候选	产品名称
bd_dispatch	预开工日	历史遗留英文列:无面板字段引用、本表该列全空(2026-09-28 体检)——见《数据库规范》阶段 3 清理候选	预开工日
bd_dispatch	预完工日	历史遗留英文列:无面板字段引用、本表该列全空(2026-09-28 体检)——见《数据库规范》阶段 3 清理候选	预完工日
bd_dispatch	经手人	历史遗留英文列:无面板字段引用、本表该列全空(2026-09-28 体检)——见《数据库规范》阶段 3 清理候选	经手人
bd_dispatch	项目	历史遗留英文列:无面板字段引用、本表该列全空(2026-09-28 体检)——见《数据库规范》阶段 3 清理候选	项目
bd_dispatch	部门	历史遗留英文列:无面板字段引用、本表该列全空(2026-09-28 体检)——见《数据库规范》阶段 3 清理候选	部门
bd_dispatch	备注	历史遗留英文列:无面板字段引用、本表该列全空(2026-09-28 体检)——见《数据库规范》阶段 3 清理候选	备注
bd_dispatch	单据状态	历史遗留英文列:无面板字段引用、本表该列全空(2026-09-28 体检)——见《数据库规范》阶段 3 清理候选	单据状态
bd_dispatch	审核人	审核人(流程)(面板字段列)	审核人
bd_dispatch	审核时间	历史遗留英文列:无面板字段引用、本表该列全空(2026-09-28 体检)——见《数据库规范》阶段 3 清理候选	审核时间
bd_dispatch	审批人	历史遗留英文列:无面板字段引用、本表该列全空(2026-09-28 体检)——见《数据库规范》阶段 3 清理候选	审批人
bd_dispatch	审批时间	历史遗留英文列:无面板字段引用、本表该列全空(2026-09-28 体检)——见《数据库规范》阶段 3 清理候选	审批时间
bd_dispatch	asp_user1	创建人	asp_user1
bd_dispatch	asp_time1	创建时间	asp_time1
bd_dispatch	asp_user2	最后修改人	asp_user2
bd_dispatch	asp_time2	最后修改时间	asp_time2
bd_dispatch	asp_cancel	删除标记	asp_cancel
qc_scp	单据编号	单号(面板字段列)	单据编号
qc_scp	单据日期	单据日期(空白草稿自动填当天)	单据日期
qc_scp	文档编号	历史遗留英文列:无面板字段引用、本表该列全空(2026-09-28 体检)——见《数据库规范》阶段 3 清理候选	文档编号
qc_scp	物料名称	历史遗留英文列:无面板字段引用、本表该列全空(2026-09-28 体检)——见《数据库规范》阶段 3 清理候选	物料名称
qc_scp	物料编码	历史遗留英文列:无面板字段引用、本表该列全空(2026-09-28 体检)——见《数据库规范》阶段 3 清理候选	物料编码
qc_scp	物料批次	历史遗留英文列:无面板字段引用、本表该列全空(2026-09-28 体检)——见《数据库规范》阶段 3 清理候选	物料批次
qc_scp	生产量	历史遗留英文列:无面板字段引用、本表该列全空(2026-09-28 体检)——见《数据库规范》阶段 3 清理候选	生产量
qc_scp	责任人	产品负责人(面板字段列)	责任人(产品负责人):**新增时预填当前用户、可手改**;同时是纸面底部落款①「编制」格
qc_scp	材料来源描述	历史遗留英文列:无面板字段引用、本表该列全空(2026-09-28 体检)——见《数据库规范》阶段 3 清理候选	材料来源描述
qc_scp	测试结果	历史遗留英文列:无面板字段引用、本表该列全空(2026-09-28 体检)——见《数据库规范》阶段 3 清理候选	测试结果
qc_scp	研发部意见	历史遗留英文列:无面板字段引用、本表该列全空(2026-09-28 体检)——见《数据库规范》阶段 3 清理候选	研发部意见
qc_scp	产品开发部意见	历史遗留英文列:无面板字段引用、本表该列全空(2026-09-28 体检)——见《数据库规范》阶段 3 清理候选	产品开发部意见
qc_scp	品质部意见	历史遗留英文列:无面板字段引用、本表该列全空(2026-09-28 体检)——见《数据库规范》阶段 3 清理候选	品质部意见
qc_scp	备注	历史遗留英文列:无面板字段引用、本表该列全空(2026-09-28 体检)——见《数据库规范》阶段 3 清理候选	备注
qc_scp	单据状态	历史遗留英文列:无面板字段引用、本表该列全空(2026-09-28 体检)——见《数据库规范》阶段 3 清理候选	单据状态
qc_scp	审核人	审核人(流程)(面板字段列)	审核人(流程):纸面落款②「审核」=一级审批通过的人(驳回/弃审清空)
qc_scp	审核时间	历史遗留英文列:无面板字段引用、本表该列全空(2026-09-28 体检)——见《数据库规范》阶段 3 清理候选	审核时间:一级审批通过的时间(驳回/弃审清空)
qc_scp	审批人	历史遗留英文列:无面板字段引用、本表该列全空(2026-09-28 体检)——见《数据库规范》阶段 3 清理候选	审批人:纸面落款③「批准」=超级管理员(驳回/弃审清空)
qc_scp	审批时间	历史遗留英文列:无面板字段引用、本表该列全空(2026-09-28 体检)——见《数据库规范》阶段 3 清理候选	审批时间:超级管理员批准的时间
qc_scp	asp_user1	创建人	asp_user1
qc_scp	asp_time1	创建时间	asp_time1
qc_scp	asp_user2	最后修改人	asp_user2
qc_scp	asp_time2	最后修改时间	asp_time2
qc_scp	asp_cancel	删除标记	asp_cancel
rd_spec_assign	产品编号	历史遗留英文列:无面板字段引用、本表该列全空(2026-09-28 体检)——见《数据库规范》阶段 3 清理候选	产品编号
rd_spec_assign	单据编号	单号(面板字段列)	单据编号
rd_spec_assign	规格书种类	历史遗留英文列:无面板字段引用、本表该列全空(2026-09-28 体检)——见《数据库规范》阶段 3 清理候选	规格书种类
rd_spec_assign	负责人	历史遗留英文列:无面板字段引用、本表该列全空(2026-09-28 体检)——见《数据库规范》阶段 3 清理候选	负责人
rd_spec_assign	责任人	产品负责人(面板字段列)	责任人
rd_spec_assign	asp_user1	创建人	asp_user1
rd_spec_assign	asp_time1	创建时间	asp_time1
rd_spec_assign	asp_user2	最后修改人	asp_user2
rd_spec_assign	asp_time2	最后修改时间	asp_time2
rd_spec_assign	asp_cancel	删除标记	asp_cancel
rd_instr_use_head		仪器使用记录表头表	「仪器使用记录表」头表
rd_instr_use_head	单据编号	单号(面板字段列)	单据编号
rd_instr_use_head	asp_user1	创建人	asp_user1
rd_instr_use_head	asp_time1	创建时间	asp_time1
rd_instr_use_head	asp_user2	最后修改人	asp_user2
rd_instr_use_head	asp_time2	最后修改时间	asp_time2
rd_instr_use_head	asp_cancel	删除标记	asp_cancel
day_report		生产日报表头表(自制物料/成型/切炭/组装四车间合一)	「生产日报表」头表
day_report	单据日期	单据日期(空白草稿自动填当天)	单据日期
day_report	asp_user1	创建人	asp_user1
day_report	asp_time1	创建时间	asp_time1
day_report	asp_user2	最后修改人	asp_user2
day_report	asp_time2	最后修改时间	asp_time2
day_report	asp_cancel	删除标记	asp_cancel
qc_op		工序质检单头表(制程检验,首件/巡检语义)	「工序质检单」头表
qc_op	单据编号	单号(面板字段列)	单据编号
qc_op	单据日期	单据日期(空白草稿自动填当天)	单据日期
qc_op	工单号	历史遗留英文列:无面板字段引用、本表该列全空(2026-09-28 体检)——见《数据库规范》阶段 3 清理候选	工单号
qc_op	工序	历史遗留英文列:无面板字段引用、本表该列全空(2026-09-28 体检)——见《数据库规范》阶段 3 清理候选	工序
qc_op	检验员	历史遗留英文列:无面板字段引用、本表该列全空(2026-09-28 体检)——见《数据库规范》阶段 3 清理候选	检验员
qc_op	检验日期	历史遗留英文列:无面板字段引用、本表该列全空(2026-09-28 体检)——见《数据库规范》阶段 3 清理候选	检验日期
qc_op	总结论	历史遗留英文列:无面板字段引用、本表该列全空(2026-09-28 体检)——见《数据库规范》阶段 3 清理候选	总结论
qc_op	备注	历史遗留英文列:无面板字段引用、本表该列全空(2026-09-28 体检)——见《数据库规范》阶段 3 清理候选	备注
qc_op	单据状态	历史遗留英文列:无面板字段引用、本表该列全空(2026-09-28 体检)——见《数据库规范》阶段 3 清理候选	单据状态
qc_op	审核人	审核人(流程)(面板字段列)	审核人
qc_op	审核时间	历史遗留英文列:无面板字段引用、本表该列全空(2026-09-28 体检)——见《数据库规范》阶段 3 清理候选	审核时间
qc_op	asp_user1	创建人	asp_user1
qc_op	asp_time1	创建时间	asp_time1
qc_op	asp_user2	最后修改人	asp_user2
qc_op	asp_time2	最后修改时间	asp_time2
qc_op	asp_cancel	删除标记	asp_cancel
bd_tax_type		税别档案	「税别资料」明细行表
bd_tax_type	税别编码	历史遗留英文列:无面板字段引用、本表该列全空(2026-09-28 体检)——见《数据库规范》阶段 3 清理候选	税别编码
bd_tax_type	税别名称	历史遗留英文列:无面板字段引用、本表该列全空(2026-09-28 体检)——见《数据库规范》阶段 3 清理候选	税别名称
bd_tax_type	税率%	历史遗留英文列:无面板字段引用、本表该列全空(2026-09-28 体检)——见《数据库规范》阶段 3 清理候选	税率%
bd_tax_type	备注	历史遗留英文列:无面板字段引用、本表该列全空(2026-09-28 体检)——见《数据库规范》阶段 3 清理候选	备注
bd_tax_type	状态	历史遗留英文列:无面板字段引用、本表该列全空(2026-09-28 体检)——见《数据库规范》阶段 3 清理候选	状态
bd_tax_type	asp_user1	创建人	asp_user1
bd_tax_type	asp_time1	创建时间	asp_time1
bd_tax_type	asp_user2	最后修改人	asp_user2
bd_tax_type	asp_time2	最后修改时间	asp_time2
bd_tax_type	asp_cancel	删除标记	asp_cancel
bd_tax_type	停用	历史遗留英文列:无面板字段引用、本表该列全空(2026-09-28 体检)——见《数据库规范》阶段 3 清理候选	停用
bd_finish_in		产成品入库单头表(切炭双出口直销自动生成并审核)	「产成品入库单」头表
bd_finish_in	单据日期	历史遗留英文列:无面板字段引用、本表该列全空(2026-09-28 体检)——见《数据库规范》阶段 3 清理候选	单据日期
bd_finish_in	单据编号	单号(面板字段列)	单据编号
bd_finish_in	业务类型	历史遗留英文列:无面板字段引用、本表该列全空(2026-09-28 体检)——见《数据库规范》阶段 3 清理候选	业务类型
bd_finish_in	入库类别	历史遗留英文列:无面板字段引用、本表该列全空(2026-09-28 体检)——见《数据库规范》阶段 3 清理候选	入库类别
bd_finish_in	生产车间	历史遗留英文列:无面板字段引用、本表该列全空(2026-09-28 体检)——见《数据库规范》阶段 3 清理候选	生产车间
bd_finish_in	经手人	历史遗留英文列:无面板字段引用、本表该列全空(2026-09-28 体检)——见《数据库规范》阶段 3 清理候选	经手人
bd_finish_in	项目	历史遗留英文列:无面板字段引用、本表该列全空(2026-09-28 体检)——见《数据库规范》阶段 3 清理候选	项目
bd_finish_in	仓库	历史遗留英文列:无面板字段引用、本表该列全空(2026-09-28 体检)——见《数据库规范》阶段 3 清理候选	仓库
bd_finish_in	销售订单号	历史遗留英文列:无面板字段引用、本表该列全空(2026-09-28 体检)——见《数据库规范》阶段 3 清理候选	销售订单号
bd_finish_in	匹配来源单号	历史遗留英文列:无面板字段引用、本表该列全空(2026-09-28 体检)——见《数据库规范》阶段 3 清理候选	匹配来源单号
bd_finish_in	凭证字号	历史遗留英文列:无面板字段引用、本表该列全空(2026-09-28 体检)——见《数据库规范》阶段 3 清理候选	凭证字号
bd_finish_in	备注	历史遗留英文列:无面板字段引用、本表该列全空(2026-09-28 体检)——见《数据库规范》阶段 3 清理候选	备注
bd_finish_in	单据状态	历史遗留英文列:无面板字段引用、本表该列全空(2026-09-28 体检)——见《数据库规范》阶段 3 清理候选	单据状态
bd_finish_in	审核人	审核人(流程)(面板字段列)	审核人
bd_finish_in	审核时间	历史遗留英文列:无面板字段引用、本表该列全空(2026-09-28 体检)——见《数据库规范》阶段 3 清理候选	审核时间
bd_finish_in	审批人	历史遗留英文列:无面板字段引用、本表该列全空(2026-09-28 体检)——见《数据库规范》阶段 3 清理候选	审批人
bd_finish_in	审批时间	历史遗留英文列:无面板字段引用、本表该列全空(2026-09-28 体检)——见《数据库规范》阶段 3 清理候选	审批时间
qc_scp_detail	单据编号	单号(面板字段列)	单据编号
qc_scp_detail	asp_cancel	删除标记	asp_cancel
qc_scp_detail	asp_user1	创建人	asp_user1
qc_scp_detail	asp_user2	最后修改人	asp_user2
qc_scp_detail	asp_time1	创建时间	asp_time1
qc_scp_detail	asp_time2	最后修改时间	asp_time2
rd_dom_test_detail		内部委托测试申请单行表	「内部委托测试申请单」明细行表
rd_dom_test_detail	单据编号	单号(面板字段列)	单据编号
rd_dom_test_detail	背景/目的	测试（检测）背景/目的(面板字段列)	测试（检测）背景/目的
rd_dom_test_detail	方法	测试（检测）方法(面板字段列)	测试（检测）方法
rd_dom_test_detail	标准	测试（检测）标准(面板字段列)	测试（检测）标准
rd_dom_test_detail	目标	测试（检测）目标(面板字段列)	测试（检测）目标
rd_dom_test_detail	样品处理	测完后样品样品处理(面板字段列)	测完后样品样品处理
rd_dom_test_detail	asp_user1	创建人	asp_user1
rd_dom_test_detail	asp_time1	创建时间	asp_time1
rd_dom_test_detail	asp_user2	最后修改人	asp_user2
rd_dom_test_detail	asp_time2	最后修改时间	asp_time2
rd_dom_test_detail	asp_cancel	删除标记	asp_cancel
day_report_detail		生产日报表行表(姓名/时间/产品/数量/报废等)	「生产日报表」明细行表
day_report_detail	asp_user1	创建人	asp_user1
day_report_detail	asp_time1	创建时间	asp_time1
day_report_detail	asp_user2	最后修改人	asp_user2
day_report_detail	asp_time2	最后修改时间	asp_time2
day_report_detail	asp_cancel	删除标记	asp_cancel
qc_op_detail		工序质检单行表(检验项目/标准/实测值)	「工序质检单」明细行表
qc_op_detail	单据编号	单号(面板字段列)	单据编号
qc_op_detail	检验项目	历史遗留英文列:无面板字段引用、本表该列全空(2026-09-28 体检)——见《数据库规范》阶段 3 清理候选	检验项目
qc_op_detail	标准要求	历史遗留英文列:无面板字段引用、本表该列全空(2026-09-28 体检)——见《数据库规范》阶段 3 清理候选	标准要求
qc_op_detail	检验结果	历史遗留英文列:无面板字段引用、本表该列全空(2026-09-28 体检)——见《数据库规范》阶段 3 清理候选	检验结果
qc_op_detail	实测数值	历史遗留英文列:无面板字段引用、本表该列全空(2026-09-28 体检)——见《数据库规范》阶段 3 清理候选	实测数值
qc_op_detail	备注	历史遗留英文列:无面板字段引用、本表该列全空(2026-09-28 体检)——见《数据库规范》阶段 3 清理候选	备注
qc_op_detail	asp_user1	创建人	asp_user1
qc_op_detail	asp_time1	创建时间	asp_time1
qc_op_detail	asp_user2	最后修改人	asp_user2
qc_op_detail	asp_time2	最后修改时间	asp_time2
qc_op_detail	asp_cancel	删除标记	asp_cancel
qc_lyb	单据编号	单号(面板字段列)	单据编号
qc_lyb	单据日期	单据日期(空白草稿自动填当天)	单据日期
qc_lyb	文档编号	历史遗留英文列:无面板字段引用、本表该列全空(2026-09-28 体检)——见《数据库规范》阶段 3 清理候选	文档编号
qc_lyb	供应商	历史遗留英文列:无面板字段引用、本表该列全空(2026-09-28 体检)——见《数据库规范》阶段 3 清理候选	供应商
qc_lyb	物料批次	历史遗留英文列:无面板字段引用、本表该列全空(2026-09-28 体检)——见《数据库规范》阶段 3 清理候选	物料批次
qc_lyb	物料名称	历史遗留英文列:无面板字段引用、本表该列全空(2026-09-28 体检)——见《数据库规范》阶段 3 清理候选	物料名称
qc_lyb	来料数量	历史遗留英文列:无面板字段引用、本表该列全空(2026-09-28 体检)——见《数据库规范》阶段 3 清理候选	来料数量
qc_lyb	物料编码	历史遗留英文列:无面板字段引用、本表该列全空(2026-09-28 体检)——见《数据库规范》阶段 3 清理候选	物料编码
qc_lyb	不良率	不良率%(>3%不合格)(面板字段列)	不良率
qc_lyb	异常描述	历史遗留英文列:无面板字段引用、本表该列全空(2026-09-28 体检)——见《数据库规范》阶段 3 清理候选	异常描述
qc_lyb	供应商原因	历史遗留英文列:无面板字段引用、本表该列全空(2026-09-28 体检)——见《数据库规范》阶段 3 清理候选	供应商原因
qc_lyb	内部原因	历史遗留英文列:无面板字段引用、本表该列全空(2026-09-28 体检)——见《数据库规范》阶段 3 清理候选	内部原因
qc_lyb	处理方式	历史遗留英文列:无面板字段引用、本表该列全空(2026-09-28 体检)——见《数据库规范》阶段 3 清理候选	处理方式
qc_lyb	改善追踪结果	历史遗留英文列:无面板字段引用、本表该列全空(2026-09-28 体检)——见《数据库规范》阶段 3 清理候选	改善追踪结果
qc_lyb	编制人	历史遗留英文列:无面板字段引用、本表该列全空(2026-09-28 体检)——见《数据库规范》阶段 3 清理候选	编制人:纸面底部落款①「编制」=提交审批的人(只读,提交时自动写;正文「异常描述/处理方式」的签名格同字段同口径)
qc_lyb	备注	历史遗留英文列:无面板字段引用、本表该列全空(2026-09-28 体检)——见《数据库规范》阶段 3 清理候选	备注
qc_lyb	单据状态	历史遗留英文列:无面板字段引用、本表该列全空(2026-09-28 体检)——见《数据库规范》阶段 3 清理候选	单据状态
qc_lyb	审核人	审核人(流程)(面板字段列)	审核人(流程):纸面落款②「审核」=一级审批通过的人(驳回/弃审清空)
qc_lyb	审核时间	历史遗留英文列:无面板字段引用、本表该列全空(2026-09-28 体检)——见《数据库规范》阶段 3 清理候选	审核时间:一级审批通过的时间(驳回/弃审清空)
qc_lyb	审批人	历史遗留英文列:无面板字段引用、本表该列全空(2026-09-28 体检)——见《数据库规范》阶段 3 清理候选	审批人:纸面落款③「批准」=超级管理员(驳回/弃审清空)
qc_lyb	审批时间	历史遗留英文列:无面板字段引用、本表该列全空(2026-09-28 体检)——见《数据库规范》阶段 3 清理候选	审批时间:超级管理员批准的时间
qc_lyb	asp_user1	创建人	asp_user1
qc_lyb	asp_time1	创建时间	asp_time1
qc_lyb	asp_user2	最后修改人	asp_user2
qc_lyb	asp_time2	最后修改时间	asp_time2
qc_lyb	asp_cancel	删除标记	asp_cancel
rd_asm_proc_head		组装工艺清单头表	「组装工艺清单」头表
rd_asm_proc_head	单据编号	单号(面板字段列)	单据编号
rd_asm_proc_head	备注	历史遗留英文列:无面板字段引用、本表该列全空(2026-09-28 体检)——见《数据库规范》阶段 3 清理候选	备注
rd_asm_proc_head	产品种类	历史遗留英文列:无面板字段引用、本表该列全空(2026-09-28 体检)——见《数据库规范》阶段 3 清理候选	产品种类
rd_asm_proc_head	整体规格外径	历史遗留英文列:无面板字段引用、本表该列全空(2026-09-28 体检)——见《数据库规范》阶段 3 清理候选	整体规格（外径）
rd_asm_proc_head	整体规格长度	历史遗留英文列:无面板字段引用、本表该列全空(2026-09-28 体检)——见《数据库规范》阶段 3 清理候选	整体规格（长度）
rd_asm_proc_head	成品重量	历史遗留英文列:无面板字段引用、本表该列全空(2026-09-28 体检)——见《数据库规范》阶段 3 清理候选	成品重量
rd_asm_proc_head	表区	历史遗留英文列:无面板字段引用、本表该列全空(2026-09-28 体检)——见《数据库规范》阶段 3 清理候选	表区
bd_expense_type		费用类别档案	「费用类别」明细行表
bd_expense_type	费用类别编码	历史遗留英文列:无面板字段引用、本表该列全空(2026-09-28 体检)——见《数据库规范》阶段 3 清理候选	费用类别编码
bd_expense_type	费用类别名称	历史遗留英文列:无面板字段引用、本表该列全空(2026-09-28 体检)——见《数据库规范》阶段 3 清理候选	费用类别名称
bd_expense_type	备注	历史遗留英文列:无面板字段引用、本表该列全空(2026-09-28 体检)——见《数据库规范》阶段 3 清理候选	备注
bd_expense_type	状态	历史遗留英文列:无面板字段引用、本表该列全空(2026-09-28 体检)——见《数据库规范》阶段 3 清理候选	状态
bd_expense_type	asp_user1	创建人	asp_user1
bd_expense_type	asp_time1	创建时间	asp_time1
bd_expense_type	asp_user2	最后修改人	asp_user2
bd_expense_type	asp_time2	最后修改时间	asp_time2
bd_expense_type	asp_cancel	删除标记	asp_cancel
bd_expense_type	上级类别	历史遗留英文列:无面板字段引用、本表该列全空(2026-09-28 体检)——见《数据库规范》阶段 3 清理候选	上级类别
bd_expense_type	停用	历史遗留英文列:无面板字段引用、本表该列全空(2026-09-28 体检)——见《数据库规范》阶段 3 清理候选	停用
bl_finish_in		产成品入库单行表(负数量=红字冲回) (禁用)	「产成品入库单」明细行表
bl_finish_in	单据编号	单号(面板字段列)	单据编号
bl_finish_in	产品名称	历史遗留英文列:无面板字段引用、本表该列全空(2026-09-28 体检)——见《数据库规范》阶段 3 清理候选	产品名称
bl_finish_in	仓库	历史遗留英文列:无面板字段引用、本表该列全空(2026-09-28 体检)——见《数据库规范》阶段 3 清理候选	仓库
bl_finish_in	存货图片	历史遗留英文列:无面板字段引用、本表该列全空(2026-09-28 体检)——见《数据库规范》阶段 3 清理候选	存货图片
bl_finish_in	规格型号	历史遗留英文列:无面板字段引用、本表该列全空(2026-09-28 体检)——见《数据库规范》阶段 3 清理候选	规格型号
bl_finish_in	智能选单	历史遗留英文列:无面板字段引用、本表该列全空(2026-09-28 体检)——见《数据库规范》阶段 3 清理候选	智能选单
bl_finish_in	计量单位	历史遗留英文列:无面板字段引用、本表该列全空(2026-09-28 体检)——见《数据库规范》阶段 3 清理候选	计量单位
bl_finish_in	金额	历史遗留英文列:无面板字段引用、本表该列全空(2026-09-28 体检)——见《数据库规范》阶段 3 清理候选	金额
bl_finish_in	单价	历史遗留英文列:无面板字段引用、本表该列全空(2026-09-28 体检)——见《数据库规范》阶段 3 清理候选	单价
bl_finish_in	现存量	历史遗留英文列:无面板字段引用、本表该列全空(2026-09-28 体检)——见《数据库规范》阶段 3 清理候选	现存量
bl_finish_in	现存量说明	历史遗留英文列:无面板字段引用、本表该列全空(2026-09-28 体检)——见《数据库规范》阶段 3 清理候选	现存量说明
bl_finish_in	图号	历史遗留英文列:无面板字段引用、本表该列全空(2026-09-28 体检)——见《数据库规范》阶段 3 清理候选	图号
bl_finish_in	备注	历史遗留英文列:无面板字段引用、本表该列全空(2026-09-28 体检)——见《数据库规范》阶段 3 清理候选	备注
bl_finish_in	产品编码	历史遗留英文列:无面板字段引用、本表该列全空(2026-09-28 体检)——见《数据库规范》阶段 3 清理候选	产品编码
bl_finish_in	批号	历史遗留英文列:无面板字段引用、本表该列全空(2026-09-28 体检)——见《数据库规范》阶段 3 清理候选	批号
feed_confirm		投料确认单头表(阶段:溶解/合成/A液/B液/浆体)	「投料确认单」头表
feed_confirm	单据日期	单据日期(空白草稿自动填当天)	单据日期
feed_confirm	asp_user1	创建人	asp_user1
feed_confirm	asp_time1	创建时间	asp_time1
feed_confirm	asp_user2	最后修改人	asp_user2
feed_confirm	asp_time2	最后修改时间	asp_time2
feed_confirm	asp_cancel	删除标记	asp_cancel
bd_manu_order		生产加工单头表(经典遗留面板)	「生产加工单」头表
bd_manu_order	预开工日	历史遗留英文列:无面板字段引用、本表该列全空(2026-09-28 体检)——见《数据库规范》阶段 3 清理候选	预开工日
bd_manu_order	预完工日	历史遗留英文列:无面板字段引用、本表该列全空(2026-09-28 体检)——见《数据库规范》阶段 3 清理候选	预完工日
bd_manu_order	重量	重量/kg(面板字段列)	重量
bd_manu_order	开工日期	历史遗留英文列:无面板字段引用、本表该列全空(2026-09-28 体检)——见《数据库规范》阶段 3 清理候选	开工日期
bd_manu_order	完工日期	历史遗留英文列:无面板字段引用、本表该列全空(2026-09-28 体检)——见《数据库规范》阶段 3 清理候选	完工日期
bd_manu_order	是否手工修改单据编码	历史遗留英文列:无面板字段引用、本表该列全空(2026-09-28 体检)——见《数据库规范》阶段 3 清理候选	是否手工修改单据编码
bd_manu_order	负责人	历史遗留英文列:无面板字段引用、本表该列全空(2026-09-28 体检)——见《数据库规范》阶段 3 清理候选	负责人
bd_manu_order	备注	历史遗留英文列:无面板字段引用、本表该列全空(2026-09-28 体检)——见《数据库规范》阶段 3 清理候选	备注
bd_manu_order	附件1	单据附件列位(与送料暂收单同款:页面单格聚合,上传按序占位,文件实体存 yj_attachment)	附件1(前端成型/后端组装两套纸质工单上传;工序文件在共享文件库,只读+授权改动)
bd_manu_order	排产班组	排产班组(参考图班别;排产工作台指派,下拉=班组档案)	排产班组(参考图班别;排产工作台指派,v1 手填,班组档案完善后换参照)
qc_disposal		不良品处理单(转隔离仓/报废,审核即移仓过账)	「不良品处理单」明细行表
qc_disposal	单据编号	单号(面板字段列)	单据编号
qc_disposal	单据日期	单据日期(空白草稿自动填当天)	单据日期
qc_disposal	来源单号	历史遗留英文列:无面板字段引用、本表该列全空(2026-09-28 体检)——见《数据库规范》阶段 3 清理候选	来源单号
qc_disposal	物料编码	历史遗留英文列:无面板字段引用、本表该列全空(2026-09-28 体检)——见《数据库规范》阶段 3 清理候选	物料编码
qc_disposal	物料名称	历史遗留英文列:无面板字段引用、本表该列全空(2026-09-28 体检)——见《数据库规范》阶段 3 清理候选	物料名称
qc_disposal	批号	历史遗留英文列:无面板字段引用、本表该列全空(2026-09-28 体检)——见《数据库规范》阶段 3 清理候选	批号
qc_disposal	数量	历史遗留英文列:无面板字段引用、本表该列全空(2026-09-28 体检)——见《数据库规范》阶段 3 清理候选	数量
qc_disposal	原仓库	历史遗留英文列:无面板字段引用、本表该列全空(2026-09-28 体检)——见《数据库规范》阶段 3 清理候选	原仓库
qc_disposal	处置方式	历史遗留英文列:无面板字段引用、本表该列全空(2026-09-28 体检)——见《数据库规范》阶段 3 清理候选	处置方式
qc_disposal	处置原因	历史遗留英文列:无面板字段引用、本表该列全空(2026-09-28 体检)——见《数据库规范》阶段 3 清理候选	处置原因
qc_disposal	经手人	历史遗留英文列:无面板字段引用、本表该列全空(2026-09-28 体检)——见《数据库规范》阶段 3 清理候选	经手人
qc_disposal	备注	历史遗留英文列:无面板字段引用、本表该列全空(2026-09-28 体检)——见《数据库规范》阶段 3 清理候选	备注
qc_disposal	单据状态	历史遗留英文列:无面板字段引用、本表该列全空(2026-09-28 体检)——见《数据库规范》阶段 3 清理候选	单据状态
qc_disposal	审核人	审核人(流程)(面板字段列)	审核人
qc_disposal	审核时间	历史遗留英文列:无面板字段引用、本表该列全空(2026-09-28 体检)——见《数据库规范》阶段 3 清理候选	审核时间
qc_disposal	asp_user1	创建人	asp_user1
qc_disposal	asp_time1	创建时间	asp_time1
qc_disposal	asp_user2	最后修改人	asp_user2
qc_disposal	asp_time2	最后修改时间	asp_time2
qc_disposal	asp_cancel	删除标记	asp_cancel
rd_asm_proc_detail		组装工艺清单行表	「组装工艺清单」明细行表
rd_asm_proc_detail	单据编号	单号(面板字段列)	单据编号
rd_asm_proc_detail	工序	历史遗留英文列:无面板字段引用、本表该列全空(2026-09-28 体检)——见《数据库规范》阶段 3 清理候选	工序
rd_asm_proc_detail	工序控制内容	历史遗留英文列:无面板字段引用、本表该列全空(2026-09-28 体检)——见《数据库规范》阶段 3 清理候选	工序控制内容
rd_asm_proc_detail	管控要求	历史遗留英文列:无面板字段引用、本表该列全空(2026-09-28 体检)——见《数据库规范》阶段 3 清理候选	管控要求
rd_asm_proc_detail	检查比例	历史遗留英文列:无面板字段引用、本表该列全空(2026-09-28 体检)——见《数据库规范》阶段 3 清理候选	检查比例
rd_asm_proc_detail	asp_user1	创建人	asp_user1
rd_asm_proc_detail	asp_time1	创建时间	asp_time1
rd_asm_proc_detail	asp_user2	最后修改人	asp_user2
rd_asm_proc_detail	asp_time2	最后修改时间	asp_time2
rd_asm_proc_detail	asp_cancel	删除标记	asp_cancel
rd_asm_proc_detail	序号	历史遗留英文列:无面板字段引用、本表该列全空(2026-09-28 体检)——见《数据库规范》阶段 3 清理候选	序号
rd_asm_proc_detail	物料编号	历史遗留英文列:无面板字段引用、本表该列全空(2026-09-28 体检)——见《数据库规范》阶段 3 清理候选	物料编号
rd_asm_proc_detail	物料规格	历史遗留英文列:无面板字段引用、本表该列全空(2026-09-28 体检)——见《数据库规范》阶段 3 清理候选	物料规格
rd_asm_proc_detail	外观要求	历史遗留英文列:无面板字段引用、本表该列全空(2026-09-28 体检)——见《数据库规范》阶段 3 清理候选	外观要求
rd_asm_proc_detail	更改内容	历史遗留英文列:无面板字段引用、本表该列全空(2026-09-28 体检)——见《数据库规范》阶段 3 清理候选	更改内容
rd_asm_proc_detail	更改原因	历史遗留英文列:无面板字段引用、本表该列全空(2026-09-28 体检)——见《数据库规范》阶段 3 清理候选	更改原因
rd_asm_proc_detail	更改时间	历史遗留英文列:无面板字段引用、本表该列全空(2026-09-28 体检)——见《数据库规范》阶段 3 清理候选	更改时间
rd_asm_proc_detail	责任人	产品负责人(面板字段列)	责任人
rd_asm_proc_detail	日期	历史遗留英文列:无面板字段引用、本表该列全空(2026-09-28 体检)——见《数据库规范》阶段 3 清理候选	单据日期(面板字段列)
rd_dom_test_head		内部委托测试申请单头表	「内部委托测试申请单」头表
rd_dom_test_head	单据编号	单号(面板字段列)	单据编号
rd_dom_test_head	申请单类型	历史遗留英文列:无面板字段引用、本表该列全空(2026-09-28 体检)——见《数据库规范》阶段 3 清理候选	申请单类型
rd_dom_test_head	密级	历史遗留英文列:无面板字段引用、本表该列全空(2026-09-28 体检)——见《数据库规范》阶段 3 清理候选	密级
rd_dom_test_head	文件使用范围	历史遗留英文列:无面板字段引用、本表该列全空(2026-09-28 体检)——见《数据库规范》阶段 3 清理候选	文件使用范围
rd_dom_test_head	asp_user1	创建人	asp_user1
rd_dom_test_head	asp_time1	创建时间	asp_time1
rd_dom_test_head	asp_user2	最后修改人	asp_user2
rd_dom_test_head	asp_time2	最后修改时间	asp_time2
rd_dom_test_head	asp_cancel	删除标记	asp_cancel
outh		出货单	出库流水(2026-09-30 由遗留纺织表 outh 重建为 MES 语义):一行 = 一张已审核出库单据的一行。成本列由 inv_cost_ledger 回填
bd_account		会计科目档案	「会计科目」明细行表
bd_account	科目编码	历史遗留英文列:无面板字段引用、本表该列全空(2026-09-28 体检)——见《数据库规范》阶段 3 清理候选	科目编码
bd_account	科目名称	历史遗留英文列:无面板字段引用、本表该列全空(2026-09-28 体检)——见《数据库规范》阶段 3 清理候选	科目名称
bd_account	科目类别	历史遗留英文列:无面板字段引用、本表该列全空(2026-09-28 体检)——见《数据库规范》阶段 3 清理候选	科目类别
bd_account	备注	历史遗留英文列:无面板字段引用、本表该列全空(2026-09-28 体检)——见《数据库规范》阶段 3 清理候选	备注
bd_account	状态	历史遗留英文列:无面板字段引用、本表该列全空(2026-09-28 体检)——见《数据库规范》阶段 3 清理候选	状态
bd_account	asp_user1	创建人	asp_user1
bd_account	asp_time1	创建时间	asp_time1
bd_account	asp_user2	最后修改人	asp_user2
bd_account	asp_time2	最后修改时间	asp_time2
bd_account	asp_cancel	删除标记	asp_cancel
bd_account	上级科目	历史遗留英文列:无面板字段引用、本表该列全空(2026-09-28 体检)——见《数据库规范》阶段 3 清理候选	上级科目
bd_account	余额方向	历史遗留英文列:无面板字段引用、本表该列全空(2026-09-28 体检)——见《数据库规范》阶段 3 清理候选	余额方向
bd_account	停用	历史遗留英文列:无面板字段引用、本表该列全空(2026-09-28 体检)——见《数据库规范》阶段 3 清理候选	停用
qc_lyb_detail	单据编号	单号(面板字段列)	单据编号
qc_lyb_detail	asp_cancel	删除标记	asp_cancel
qc_lyb_detail	asp_user1	创建人	asp_user1
qc_lyb_detail	asp_user2	最后修改人	asp_user2
qc_lyb_detail	asp_time1	创建时间	asp_time1
qc_lyb_detail	asp_time2	最后修改时间	asp_time2
feed_confirm_detail		投料确认单行表(投料成分/理论/实际)	「投料确认单」明细行表
feed_confirm_detail	asp_user1	创建人	asp_user1
feed_confirm_detail	asp_time1	创建时间	asp_time1
feed_confirm_detail	asp_user2	最后修改人	asp_user2
feed_confirm_detail	asp_time2	最后修改时间	asp_time2
feed_confirm_detail	asp_cancel	删除标记	asp_cancel
rd_spec_doc_head		规格书头表(按规格书种类页签)	「规格书」头表
rd_spec_doc_head	单据编号	单号(面板字段列)	单据编号
rd_spec_doc_head	客户名	历史遗留英文列:无面板字段引用、本表该列全空(2026-09-28 体检)——见《数据库规范》阶段 3 清理候选	客户名
rd_spec_doc_head	客户料号	历史遗留英文列:无面板字段引用、本表该列全空(2026-09-28 体检)——见《数据库规范》阶段 3 清理候选	客户料号
rd_spec_doc_head	版本	历史遗留英文列:无面板字段引用、本表该列全空(2026-09-28 体检)——见《数据库规范》阶段 3 清理候选	版本
rd_spec_doc_head	日期	历史遗留英文列:无面板字段引用、本表该列全空(2026-09-28 体检)——见《数据库规范》阶段 3 清理候选	日期
rd_spec_doc_head	制订日期	历史遗留英文列:无面板字段引用、本表该列全空(2026-09-28 体检)——见《数据库规范》阶段 3 清理候选	制订日期
rd_spec_doc_head	审核日期	历史遗留英文列:无面板字段引用、本表该列全空(2026-09-28 体检)——见《数据库规范》阶段 3 清理候选	审核日期
rd_spec_doc_head	批准日期	历史遗留英文列:无面板字段引用、本表该列全空(2026-09-28 体检)——见《数据库规范》阶段 3 清理候选	批准日期
rd_spec_doc_head	备注	历史遗留英文列:无面板字段引用、本表该列全空(2026-09-28 体检)——见《数据库规范》阶段 3 清理候选	备注
rd_spec_doc_head	适用范围	历史遗留英文列:无面板字段引用、本表该列全空(2026-09-28 体检)——见《数据库规范》阶段 3 清理候选	适用范围
rd_spec_doc_head	产品主要性能	历史遗留英文列:无面板字段引用、本表该列全空(2026-09-28 体检)——见《数据库规范》阶段 3 清理候选	产品主要性能
rd_spec_doc_head	包装方式	历史遗留英文列:无面板字段引用、本表该列全空(2026-09-28 体检)——见《数据库规范》阶段 3 清理候选	包装方式
rd_spec_doc_head	运输要求	历史遗留英文列:无面板字段引用、本表该列全空(2026-09-28 体检)——见《数据库规范》阶段 3 清理候选	运输要求
rd_spec_doc_head	存储环境	历史遗留英文列:无面板字段引用、本表该列全空(2026-09-28 体检)——见《数据库规范》阶段 3 清理候选	存储环境
bl_manu_order		生产加工单行表(经典遗留面板)	「生产加工单」明细行表
bl_manu_order	存货图片	历史遗留英文列:无面板字段引用、本表该列全空(2026-09-28 体检)——见《数据库规范》阶段 3 清理候选	存货图片
bl_manu_order	齐套数量(主)	历史遗留英文列:无面板字段引用、本表该列全空(2026-09-28 体检)——见《数据库规范》阶段 3 清理候选	齐套数量(主)
bl_manu_order	累计汇报套数(工序单位)	历史遗留英文列:无面板字段引用、本表该列全空(2026-09-28 体检)——见《数据库规范》阶段 3 清理候选	累计汇报套数(工序单位)
bl_manu_order	可用量	历史遗留英文列:无面板字段引用、本表该列全空(2026-09-28 体检)——见《数据库规范》阶段 3 清理候选	可用量
bl_manu_order	图号	历史遗留英文列:无面板字段引用、本表该列全空(2026-09-28 体检)——见《数据库规范》阶段 3 清理候选	图号
bl_manu_order	单重	历史遗留英文列:无面板字段引用、本表该列全空(2026-09-28 体检)——见《数据库规范》阶段 3 清理候选	单重
bl_manu_order	需求令号	历史遗留英文列:无面板字段引用、本表该列全空(2026-09-28 体检)——见《数据库规范》阶段 3 清理候选	需求令号
bl_manu_order	备注	历史遗留英文列:无面板字段引用、本表该列全空(2026-09-28 体检)——见《数据库规范》阶段 3 清理候选	备注
qc_scy	单据编号	单号(面板字段列)	单据编号
qc_scy	单据日期	单据日期(空白草稿自动填当天)	单据日期
qc_scy	文档编号	历史遗留英文列:无面板字段引用、本表该列全空(2026-09-28 体检)——见《数据库规范》阶段 3 清理候选	文档编号
qc_scy	产品物料名称	产品/物料名称(面板字段列)	产品/物料名称
qc_scy	产品物料批次	产品/物料批次(面板字段列)	产品/物料批次
qc_scy	产品物料编码	产品/物料编码(面板字段列)	产品/物料编码
qc_scy	生产量	历史遗留英文列:无面板字段引用、本表该列全空(2026-09-28 体检)——见《数据库规范》阶段 3 清理候选	生产量
qc_scy	异常描述	历史遗留英文列:无面板字段引用、本表该列全空(2026-09-28 体检)——见《数据库规范》阶段 3 清理候选	异常描述
qc_scy	原因分析	历史遗留英文列:无面板字段引用、本表该列全空(2026-09-28 体检)——见《数据库规范》阶段 3 清理候选	原因分析
qc_scy	改善对策	历史遗留英文列:无面板字段引用、本表该列全空(2026-09-28 体检)——见《数据库规范》阶段 3 清理候选	改善对策
qc_scy	效果跟踪	历史遗留英文列:无面板字段引用、本表该列全空(2026-09-28 体检)——见《数据库规范》阶段 3 清理候选	效果跟踪
qc_scy	品质部意见	历史遗留英文列:无面板字段引用、本表该列全空(2026-09-28 体检)——见《数据库规范》阶段 3 清理候选	品质部意见
qc_scy	编制人	历史遗留英文列:无面板字段引用、本表该列全空(2026-09-28 体检)——见《数据库规范》阶段 3 清理候选	编制人:纸面底部落款①「编制」=提交审批的人(只读,提交时自动写;正文 5 处签名格同字段同口径)
qc_scy	备注	历史遗留英文列:无面板字段引用、本表该列全空(2026-09-28 体检)——见《数据库规范》阶段 3 清理候选	备注
qc_scy	单据状态	历史遗留英文列:无面板字段引用、本表该列全空(2026-09-28 体检)——见《数据库规范》阶段 3 清理候选	单据状态
qc_scy	审核人	审核人(流程)(面板字段列)	审核人(流程):纸面落款②「审核」=一级审批通过的人(驳回/弃审清空)
qc_scy	审核时间	历史遗留英文列:无面板字段引用、本表该列全空(2026-09-28 体检)——见《数据库规范》阶段 3 清理候选	审核时间:一级审批通过的时间(驳回/弃审清空)
qc_scy	审批人	历史遗留英文列:无面板字段引用、本表该列全空(2026-09-28 体检)——见《数据库规范》阶段 3 清理候选	审批人:纸面落款③「批准」=超级管理员(驳回/弃审清空)
qc_scy	审批时间	历史遗留英文列:无面板字段引用、本表该列全空(2026-09-28 体检)——见《数据库规范》阶段 3 清理候选	审批时间:超级管理员批准的时间
qc_scy	asp_user1	创建人	asp_user1
qc_scy	asp_time1	创建时间	asp_time1
qc_scy	asp_user2	最后修改人	asp_user2
qc_scy	asp_time2	最后修改时间	asp_time2
qc_scy	asp_cancel	删除标记	asp_cancel
rd_approval		立项申请表(文件类,管理员保存即归档)	「立项申请」头表
rd_approval	单据编号	单号(面板字段列)	单据编号
rd_approval	客户名	历史遗留英文列:无面板字段引用、本表该列全空(2026-09-28 体检)——见《数据库规范》阶段 3 清理候选	客户名
rd_approval	立项背景	历史遗留英文列:无面板字段引用、本表该列全空(2026-09-28 体检)——见《数据库规范》阶段 3 清理候选	立项背景
rd_approval	机型及应用位置	历史遗留英文列:无面板字段引用、本表该列全空(2026-09-28 体检)——见《数据库规范》阶段 3 清理候选	机型及应用位置
rd_approval	滤芯炭棒规格或结构	滤芯/炭棒规格或结构(面板字段列)	滤芯/炭棒规格或结构
rd_approval	项目开发目标	历史遗留英文列:无面板字段引用、本表该列全空(2026-09-28 体检)——见《数据库规范》阶段 3 清理候选	项目开发目标
rd_approval	项目输出	历史遗留英文列:无面板字段引用、本表该列全空(2026-09-28 体检)——见《数据库规范》阶段 3 清理候选	项目输出
rd_approval	开发周期要求	历史遗留英文列:无面板字段引用、本表该列全空(2026-09-28 体检)——见《数据库规范》阶段 3 清理候选	开发周期要求
rd_approval	其它要求	历史遗留英文列:无面板字段引用、本表该列全空(2026-09-28 体检)——见《数据库规范》阶段 3 清理候选	其它要求
rd_approval	申请立项人	历史遗留英文列:无面板字段引用、本表该列全空(2026-09-28 体检)——见《数据库规范》阶段 3 清理候选	申请立项人
rd_approval	申请立项日期	历史遗留英文列:无面板字段引用、本表该列全空(2026-09-28 体检)——见《数据库规范》阶段 3 清理候选	申请立项日期
rd_approval	文件管理人	历史遗留英文列:无面板字段引用、本表该列全空(2026-09-28 体检)——见《数据库规范》阶段 3 清理候选	文件管理人
rd_approval	备注	历史遗留英文列:无面板字段引用、本表该列全空(2026-09-28 体检)——见《数据库规范》阶段 3 清理候选	备注
bs_dict		数据字典	「数据字典」明细行表
bs_dict	asp_user1	创建人	asp_user1
bs_dict	asp_time1	创建时间	asp_time1
bs_dict	asp_cancel	删除标记	asp_cancel
bs_dict	asp_user2	最后修改人	asp_user2
bs_dict	asp_time2	最后修改时间	asp_time2
mix_record		物料混合记录头表(四次混合行式化)	「物料混合记录」头表
mix_record	单据日期	单据日期(空白草稿自动填当天)	单据日期
mix_record	asp_user1	创建人	asp_user1
mix_record	asp_time1	创建时间	asp_time1
mix_record	asp_user2	最后修改人	asp_user2
mix_record	asp_time2	最后修改时间	asp_time2
mix_record	asp_cancel	删除标记	asp_cancel
yj_role	remark	备注	行备注
rd_spec_doc_detail		规格书行表	「规格书」明细行表
rd_spec_doc_detail	单据编号	单号(面板字段列)	单据编号
rd_spec_doc_detail	表区	历史遗留英文列:无面板字段引用、本表该列全空(2026-09-28 体检)——见《数据库规范》阶段 3 清理候选	表区
rd_spec_doc_detail	序号	历史遗留英文列:无面板字段引用、本表该列全空(2026-09-28 体检)——见《数据库规范》阶段 3 清理候选	序号
rd_spec_doc_detail	更改内容	历史遗留英文列:无面板字段引用、本表该列全空(2026-09-28 体检)——见《数据库规范》阶段 3 清理候选	更改内容
rd_spec_doc_detail	更改原因	历史遗留英文列:无面板字段引用、本表该列全空(2026-09-28 体检)——见《数据库规范》阶段 3 清理候选	更改原因
rd_spec_doc_detail	更改时间	历史遗留英文列:无面板字段引用、本表该列全空(2026-09-28 体检)——见《数据库规范》阶段 3 清理候选	更改时间
rd_spec_doc_detail	责任人	产品负责人(面板字段列)	责任人
rd_spec_doc_detail	备注	历史遗留英文列:无面板字段引用、本表该列全空(2026-09-28 体检)——见《数据库规范》阶段 3 清理候选	备注
rd_spec_doc_detail	检验项目	历史遗留英文列:无面板字段引用、本表该列全空(2026-09-28 体检)——见《数据库规范》阶段 3 清理候选	检验项目
rd_spec_doc_detail	检验要求	历史遗留英文列:无面板字段引用、本表该列全空(2026-09-28 体检)——见《数据库规范》阶段 3 清理候选	检验要求
rd_spec_doc_detail	检验方法	历史遗留英文列:无面板字段引用、本表该列全空(2026-09-28 体检)——见《数据库规范》阶段 3 清理候选	检验方法
rd_spec_doc_detail	检验依据	历史遗留英文列:无面板字段引用、本表该列全空(2026-09-28 体检)——见《数据库规范》阶段 3 清理候选	检验依据
rd_spec_doc_detail	物料编码	历史遗留英文列:无面板字段引用、本表该列全空(2026-09-28 体检)——见《数据库规范》阶段 3 清理候选	物料编码
rd_spec_doc_detail	物料名称	历史遗留英文列:无面板字段引用、本表该列全空(2026-09-28 体检)——见《数据库规范》阶段 3 清理候选	物料名称
rd_spec_doc_detail	规格参数	历史遗留英文列:无面板字段引用、本表该列全空(2026-09-28 体检)——见《数据库规范》阶段 3 清理候选	规格参数
rd_spec_doc_detail	数量	历史遗留英文列:无面板字段引用、本表该列全空(2026-09-28 体检)——见《数据库规范》阶段 3 清理候选	数量
rd_spec_doc_detail	asp_user1	创建人	asp_user1
rd_spec_doc_detail	asp_time1	创建时间	asp_time1
rd_spec_doc_detail	asp_user2	最后修改人	asp_user2
rd_spec_doc_detail	asp_time2	最后修改时间	asp_time2
rd_spec_doc_detail	asp_cancel	删除标记	asp_cancel
rd_spike_water_detail		加标水配置记录表行表	「加标水配置记录表」明细行表
rd_spike_water_detail	单据编号	单号(面板字段列)	单据编号
rd_spike_water_detail	配水量	配水量\n（L）(面板字段列)	配水量\n（L）
rd_spike_water_detail	汞标准溶液	汞标准溶液 \n1000mg/L(面板字段列)	汞标准溶液 \n1000mg/L
rd_spike_water_detail	氯化钠	氯化钠（g）(面板字段列)	氯化钠（g）
rd_spike_water_detail	三氯甲烷储备液	三氯甲烷储备液\n（1000mg/L）(面板字段列)	三氯甲烷储备液\n（1000mg/L）
rd_spike_water_detail	PH	PH\n8.5±0.25(面板字段列)	PH\n8.5±0.25
rd_spike_water_detail	TDS	TDS（mg/L）200-500mg/L(面板字段列)	TDS（mg/L）200-500mg/L
rd_spike_water_detail	水温	水温（℃）(面板字段列)	水温（℃）
rd_spike_water_detail	浊度值	浊度值（NTU）\n＜1NTU(面板字段列)	浊度值（NTU）\n＜1NTU
rd_spike_water_detail	asp_user1	创建人	asp_user1
rd_spike_water_detail	asp_time1	创建时间	asp_time1
rd_spike_water_detail	asp_user2	最后修改人	asp_user2
rd_spike_water_detail	asp_time2	最后修改时间	asp_time2
rd_spike_water_detail	asp_cancel	删除标记	asp_cancel
rd_insp_plan_head		出货检验计划表头表	「出货检验计划表」头表
rd_insp_plan_head	单据编号	单号(面板字段列)	单据编号
rd_insp_plan_head	版本号	历史遗留英文列:无面板字段引用、本表该列全空(2026-09-28 体检)——见《数据库规范》阶段 3 清理候选	版本号
rd_insp_plan_head	密级	历史遗留英文列:无面板字段引用、本表该列全空(2026-09-28 体检)——见《数据库规范》阶段 3 清理候选	密级
rd_insp_plan_head	客户名	历史遗留英文列:无面板字段引用、本表该列全空(2026-09-28 体检)——见《数据库规范》阶段 3 清理候选	客户名
rd_insp_plan_head	管理人	历史遗留英文列:无面板字段引用、本表该列全空(2026-09-28 体检)——见《数据库规范》阶段 3 清理候选	管理人
rd_insp_plan_head	主要性能	历史遗留英文列:无面板字段引用、本表该列全空(2026-09-28 体检)——见《数据库规范》阶段 3 清理候选	主要性能
rd_insp_plan_head	滤芯尺寸	历史遗留英文列:无面板字段引用、本表该列全空(2026-09-28 体检)——见《数据库规范》阶段 3 清理候选	滤芯尺寸
rd_insp_plan_head	授权使用人	历史遗留英文列:无面板字段引用、本表该列全空(2026-09-28 体检)——见《数据库规范》阶段 3 清理候选	授权使用人
rd_insp_plan_head	编写人	历史遗留英文列:无面板字段引用、本表该列全空(2026-09-28 体检)——见《数据库规范》阶段 3 清理候选	编写人
rd_insp_plan_head	审核人	审核人(流程)(面板字段列)	审核人
rd_insp_plan_head	备注	历史遗留英文列:无面板字段引用、本表该列全空(2026-09-28 体检)——见《数据库规范》阶段 3 清理候选	备注
bd_so_order		销售订单头表(星辰ERP同步)	「销售订单」头表
bd_so_order	单据编号	单号(面板字段列)	单据编号
bd_so_order	备注	历史遗留英文列:无面板字段引用、本表该列全空(2026-09-28 体检)——见《数据库规范》阶段 3 清理候选	备注
bd_so_order	审核人	审核人(流程)(面板字段列)	审核人
bd_so_order	审批人	历史遗留英文列:无面板字段引用、本表该列全空(2026-09-28 体检)——见《数据库规范》阶段 3 清理候选	审批人
bd_so_order	审批时间	历史遗留英文列:无面板字段引用、本表该列全空(2026-09-28 体检)——见《数据库规范》阶段 3 清理候选	审批时间
bd_so_order	结算状态	历史遗留英文列:无面板字段引用、本表该列全空(2026-09-28 体检)——见《数据库规范》阶段 3 清理候选	结算状态
bd_so_order	交货方式	历史遗留英文列:无面板字段引用、本表该列全空(2026-09-28 体检)——见《数据库规范》阶段 3 清理候选	交货方式
bd_so_order	商品组合	历史遗留英文列:无面板字段引用、本表该列全空(2026-09-28 体检)——见《数据库规范》阶段 3 清理候选	商品组合
bd_so_order	商品数量	历史遗留英文列:无面板字段引用、本表该列全空(2026-09-28 体检)——见《数据库规范》阶段 3 清理候选	商品数量
bd_so_order	单据整单折前价税合计	历史遗留英文列:无面板字段引用、本表该列全空(2026-09-28 体检)——见《数据库规范》阶段 3 清理候选	单据整单折前价税合计
bd_so_order	实际出入库状态	历史遗留英文列:无面板字段引用、本表该列全空(2026-09-28 体检)——见《数据库规范》阶段 3 清理候选	实际出入库状态
bd_so_order	审核日期	历史遗留英文列:无面板字段引用、本表该列全空(2026-09-28 体检)——见《数据库规范》阶段 3 清理候选	审核日期
bd_so_order	联系信息	历史遗留英文列:无面板字段引用、本表该列全空(2026-09-28 体检)——见《数据库规范》阶段 3 清理候选	联系信息
bd_so_order	发货省份id	历史遗留英文列:无面板字段引用、本表该列全空(2026-09-28 体检)——见《数据库规范》阶段 3 清理候选	发货省份id
bd_so_order	发货省份名称	历史遗留英文列:无面板字段引用、本表该列全空(2026-09-28 体检)——见《数据库规范》阶段 3 清理候选	发货省份名称
bd_so_order	发货省份编码	历史遗留英文列:无面板字段引用、本表该列全空(2026-09-28 体检)——见《数据库规范》阶段 3 清理候选	发货省份编码
bd_so_order	发货市区id	历史遗留英文列:无面板字段引用、本表该列全空(2026-09-28 体检)——见《数据库规范》阶段 3 清理候选	发货市区id
bd_so_order	发货市区名称	历史遗留英文列:无面板字段引用、本表该列全空(2026-09-28 体检)——见《数据库规范》阶段 3 清理候选	发货市区名称
bd_so_order	发货市区编码	历史遗留英文列:无面板字段引用、本表该列全空(2026-09-28 体检)——见《数据库规范》阶段 3 清理候选	发货市区编码
bd_so_order	发货区县id	历史遗留英文列:无面板字段引用、本表该列全空(2026-09-28 体检)——见《数据库规范》阶段 3 清理候选	发货区县id
bd_so_order	发货区县名称	历史遗留英文列:无面板字段引用、本表该列全空(2026-09-28 体检)——见《数据库规范》阶段 3 清理候选	发货区县名称
bd_so_order	发货区县编码	历史遗留英文列:无面板字段引用、本表该列全空(2026-09-28 体检)——见《数据库规范》阶段 3 清理候选	发货区县编码
bd_so_order	发货详细地址	历史遗留英文列:无面板字段引用、本表该列全空(2026-09-28 体检)——见《数据库规范》阶段 3 清理候选	发货详细地址
bd_so_order	发货人	历史遗留英文列:无面板字段引用、本表该列全空(2026-09-28 体检)——见《数据库规范》阶段 3 清理候选	发货人
bd_so_order	发货联系电话	历史遗留英文列:无面板字段引用、本表该列全空(2026-09-28 体检)——见《数据库规范》阶段 3 清理候选	发货联系电话
bd_so_order	发货地址	历史遗留英文列:无面板字段引用、本表该列全空(2026-09-28 体检)——见《数据库规范》阶段 3 清理候选	发货地址
bd_so_order	业务模式0:普通销售，1:直运销售	历史遗留英文列:无面板字段引用、本表该列全空(2026-09-28 体检)——见《数据库规范》阶段 3 清理候选	业务模式0:普通销售，1:直运销售
bd_so_order	交货方式id,6-物流发货，8-车辆配送，9-客户自提	历史遗留英文列:无面板字段引用、本表该列全空(2026-09-28 体检)——见《数据库规范》阶段 3 清理候选	交货方式id,6-物流发货，8-车辆配送，9-客户自提
bd_so_order	发票类型：1：普票，2:专票	历史遗留英文列:无面板字段引用、本表该列全空(2026-09-28 体检)——见《数据库规范》阶段 3 清理候选	发票类型：1：普票，2:专票
bd_so_order	费用信息单据体	历史遗留英文列:无面板字段引用、本表该列全空(2026-09-28 体检)——见《数据库规范》阶段 3 清理候选	费用信息单据体
mix_record_detail		物料混合记录行表(混合次序/物料批次/重量)	「物料混合记录」明细行表
mix_record_detail	asp_user1	创建人	asp_user1
mix_record_detail	asp_time1	创建时间	asp_time1
mix_record_detail	asp_user2	最后修改人	asp_user2
mix_record_detail	asp_time2	最后修改时间	asp_time2
mix_record_detail	asp_cancel	删除标记	asp_cancel
qc_scy_detail	单据编号	单号(面板字段列)	单据编号
qc_scy_detail	asp_cancel	删除标记	asp_cancel
qc_scy_detail	asp_user1	创建人	asp_user1
qc_scy_detail	asp_user2	最后修改人	asp_user2
qc_scy_detail	asp_time1	创建时间	asp_time1
qc_scy_detail	asp_time2	最后修改时间	asp_time2
rd_spike_water_head		加标水配置记录表头表	「加标水配置记录表」头表
rd_spike_water_head	单据编号	单号(面板字段列)	单据编号
rd_spike_water_head	asp_user1	创建人	asp_user1
rd_spike_water_head	asp_time1	创建时间	asp_time1
rd_spike_water_head	asp_user2	最后修改人	asp_user2
rd_spike_water_head	asp_time2	最后修改时间	asp_time2
rd_spike_water_head	asp_cancel	删除标记	asp_cancel
bd_other_in		其他入库单头表 (禁用)	「其他入库单」头表
bd_other_in	单据日期	历史遗留英文列:无面板字段引用、本表该列全空(2026-09-28 体检)——见《数据库规范》阶段 3 清理候选	单据日期
bd_other_in	单据编号	单号(面板字段列)	单据编号
bd_other_in	业务类型	历史遗留英文列:无面板字段引用、本表该列全空(2026-09-28 体检)——见《数据库规范》阶段 3 清理候选	业务类型
bd_other_in	项目	历史遗留英文列:无面板字段引用、本表该列全空(2026-09-28 体检)——见《数据库规范》阶段 3 清理候选	项目
bd_other_in	往来单位	历史遗留英文列:无面板字段引用、本表该列全空(2026-09-28 体检)——见《数据库规范》阶段 3 清理候选	往来单位
bd_other_in	匹配来源单号	历史遗留英文列:无面板字段引用、本表该列全空(2026-09-28 体检)——见《数据库规范》阶段 3 清理候选	匹配来源单号
bd_other_in	备注	历史遗留英文列:无面板字段引用、本表该列全空(2026-09-28 体检)——见《数据库规范》阶段 3 清理候选	备注
bd_other_in	单据状态	历史遗留英文列:无面板字段引用、本表该列全空(2026-09-28 体检)——见《数据库规范》阶段 3 清理候选	单据状态
bd_other_in	审核人	审核人(流程)(面板字段列)	审核人
bd_other_in	审核时间	历史遗留英文列:无面板字段引用、本表该列全空(2026-09-28 体检)——见《数据库规范》阶段 3 清理候选	审核时间
bd_other_in	审批人	历史遗留英文列:无面板字段引用、本表该列全空(2026-09-28 体检)——见《数据库规范》阶段 3 清理候选	审批人
bd_other_in	审批时间	历史遗留英文列:无面板字段引用、本表该列全空(2026-09-28 体检)——见《数据库规范》阶段 3 清理候选	审批时间
bd_other_in	入库类别	历史遗留英文列:无面板字段引用、本表该列全空(2026-09-28 体检)——见《数据库规范》阶段 3 清理候选	入库类别
bd_other_in	来料客户	历史遗留英文列:无面板字段引用、本表该列全空(2026-09-28 体检)——见《数据库规范》阶段 3 清理候选	来料客户
gran_record		造粒记录头表(温湿度/PE/纯水/捏合吹扫/水分)	「造粒记录」头表
gran_record	单据日期	单据日期(空白草稿自动填当天)	单据日期
gran_record	asp_user1	创建人	asp_user1
gran_record	asp_time1	创建时间	asp_time1
gran_record	asp_user2	最后修改人	asp_user2
gran_record	asp_time2	最后修改时间	asp_time2
gran_record	asp_cancel	删除标记	asp_cancel
sl_recv	批次号	送料批次号(采购订单分批送料:批次号=采购订单号+3位序号;由生单自动生成,贯通暂收/检验/入库/退回)	送料批次号:供应商编码去掉 YJ- 前缀 + - + 生单当天 yyyyMMdd(如 YJ-TX、2026-09-10 ⇒ TX-20260910);采购订单→送料暂收单生单时写入,下游检验/入库/退回逐站继承;仅本单草稿态单头可人工修改,审核后整链只读;明细行随单头一致
rd_insp_plan_detail		出货检验计划表行表	「出货检验计划表」明细行表
rd_insp_plan_detail	单据编号	单号(面板字段列)	单据编号
rd_insp_plan_detail	质量控制内容	历史遗留英文列:无面板字段引用、本表该列全空(2026-09-28 体检)——见《数据库规范》阶段 3 清理候选	质量控制内容
rd_insp_plan_detail	检测仪器	历史遗留英文列:无面板字段引用、本表该列全空(2026-09-28 体检)——见《数据库规范》阶段 3 清理候选	检测仪器
rd_insp_plan_detail	检验	历史遗留英文列:无面板字段引用、本表该列全空(2026-09-28 体检)——见《数据库规范》阶段 3 清理候选	检验
rd_insp_plan_detail	不合格应对措施	历史遗留英文列:无面板字段引用、本表该列全空(2026-09-28 体检)——见《数据库规范》阶段 3 清理候选	不合格应对措施
rd_insp_plan_detail	检测频率	历史遗留英文列:无面板字段引用、本表该列全空(2026-09-28 体检)——见《数据库规范》阶段 3 清理候选	检测频率
rd_insp_plan_detail	取样方式	历史遗留英文列:无面板字段引用、本表该列全空(2026-09-28 体检)——见《数据库规范》阶段 3 清理候选	取样方式
rd_insp_plan_detail	检验内容	历史遗留英文列:无面板字段引用、本表该列全空(2026-09-28 体检)——见《数据库规范》阶段 3 清理候选	检验内容
rd_insp_plan_detail	asp_user1	创建人	asp_user1
rd_insp_plan_detail	asp_time1	创建时间	asp_time1
rd_insp_plan_detail	asp_user2	最后修改人	asp_user2
rd_insp_plan_detail	asp_time2	最后修改时间	asp_time2
rd_insp_plan_detail	asp_cancel	删除标记	asp_cancel
rd_approval_detail		立项申请表占位行表(恒空,doc模式要求)	「立项申请」明细行表
rd_approval_detail	单据编号	单号(面板字段列)	单据编号
rd_approval_detail	asp_cancel	删除标记	asp_cancel
rd_approval_detail	asp_user1	创建人	asp_user1
rd_approval_detail	asp_user2	最后修改人	asp_user2
rd_approval_detail	asp_time1	创建时间	asp_time1
rd_approval_detail	asp_time2	最后修改时间	asp_time2
bl_so_order		销售订单行表(星辰ERP同步)	「销售订单」明细行表
bl_so_order	单据编号	单号(面板字段列)	单据编号
bl_so_order	图片url	历史遗留英文列:无面板字段引用、本表该列全空(2026-09-28 体检)——见《数据库规范》阶段 3 清理候选	图片url
bl_so_order	商品助记码	历史遗留英文列:无面板字段引用、本表该列全空(2026-09-28 体检)——见《数据库规范》阶段 3 清理候选	商品助记码
bl_so_order	仓库id	历史遗留英文列:无面板字段引用、本表该列全空(2026-09-28 体检)——见《数据库规范》阶段 3 清理候选	仓库id
bl_so_order	仓库	历史遗留英文列:无面板字段引用、本表该列全空(2026-09-28 体检)——见《数据库规范》阶段 3 清理候选	仓库名称
bl_so_order	仓库编码	历史遗留英文列:无面板字段引用、本表该列全空(2026-09-28 体检)——见《数据库规范》阶段 3 清理候选	仓库编码
bl_so_order	仓位id	历史遗留英文列:无面板字段引用、本表该列全空(2026-09-28 体检)——见《数据库规范》阶段 3 清理候选	仓位id
bl_so_order	仓位名称	历史遗留英文列:无面板字段引用、本表该列全空(2026-09-28 体检)——见《数据库规范》阶段 3 清理候选	仓位名称
bl_so_order	仓位编码	历史遗留英文列:无面板字段引用、本表该列全空(2026-09-28 体检)——见《数据库规范》阶段 3 清理候选	仓位编码
bl_so_order	辅助属性id	历史遗留英文列:无面板字段引用、本表该列全空(2026-09-28 体检)——见《数据库规范》阶段 3 清理候选	辅助属性id
bl_so_order	辅助属性名称	历史遗留英文列:无面板字段引用、本表该列全空(2026-09-28 体检)——见《数据库规范》阶段 3 清理候选	辅助属性名称
bl_so_order	辅助属性编码	历史遗留英文列:无面板字段引用、本表该列全空(2026-09-28 体检)——见《数据库规范》阶段 3 清理候选	辅助属性编码
bl_so_order	辅助属性1id	历史遗留英文列:无面板字段引用、本表该列全空(2026-09-28 体检)——见《数据库规范》阶段 3 清理候选	辅助属性1id
bl_so_order	辅助属性1名称	历史遗留英文列:无面板字段引用、本表该列全空(2026-09-28 体检)——见《数据库规范》阶段 3 清理候选	辅助属性1名称
bl_so_order	辅助属性1编码	历史遗留英文列:无面板字段引用、本表该列全空(2026-09-28 体检)——见《数据库规范》阶段 3 清理候选	辅助属性1编码
bl_so_order	辅助属性2id	历史遗留英文列:无面板字段引用、本表该列全空(2026-09-28 体检)——见《数据库规范》阶段 3 清理候选	辅助属性2id
bl_so_order	辅助属性2名称	历史遗留英文列:无面板字段引用、本表该列全空(2026-09-28 体检)——见《数据库规范》阶段 3 清理候选	辅助属性2名称
bl_so_order	辅助属性2编码	历史遗留英文列:无面板字段引用、本表该列全空(2026-09-28 体检)——见《数据库规范》阶段 3 清理候选	辅助属性2编码
bl_so_order	辅助属性3id	历史遗留英文列:无面板字段引用、本表该列全空(2026-09-28 体检)——见《数据库规范》阶段 3 清理候选	辅助属性3id
bl_so_order	辅助属性3名称	历史遗留英文列:无面板字段引用、本表该列全空(2026-09-28 体检)——见《数据库规范》阶段 3 清理候选	辅助属性3名称
bl_so_order	辅助属性3编码	历史遗留英文列:无面板字段引用、本表该列全空(2026-09-28 体检)——见《数据库规范》阶段 3 清理候选	辅助属性3编码
bl_so_order	条形码	历史遗留英文列:无面板字段引用、本表该列全空(2026-09-28 体检)——见《数据库规范》阶段 3 清理候选	条形码
bl_so_order	换算公式	历史遗留英文列:无面板字段引用、本表该列全空(2026-09-28 体检)——见《数据库规范》阶段 3 清理候选	换算公式
bl_so_order	批次号	历史遗留英文列:无面板字段引用、本表该列全空(2026-09-28 体检)——见《数据库规范》阶段 3 清理候选	批次号
bl_so_order	产地	历史遗留英文列:无面板字段引用、本表该列全空(2026-09-28 体检)——见《数据库规范》阶段 3 清理候选	产地
bl_so_order	注册证号	历史遗留英文列:无面板字段引用、本表该列全空(2026-09-28 体检)——见《数据库规范》阶段 3 清理候选	注册证号
bl_so_order	生产许可证号	历史遗留英文列:无面板字段引用、本表该列全空(2026-09-28 体检)——见《数据库规范》阶段 3 清理候选	生产许可证号
bl_so_order	生产日期	历史遗留英文列:无面板字段引用、本表该列全空(2026-09-28 体检)——见《数据库规范》阶段 3 清理候选	生产日期
bl_so_order	有效日期	历史遗留英文列:无面板字段引用、本表该列全空(2026-09-28 体检)——见《数据库规范》阶段 3 清理候选	有效日期
bl_so_order	保质期类型，1	历史遗留英文列:无面板字段引用、本表该列全空(2026-09-28 体检)——见《数据库规范》阶段 3 清理候选	保质期类型，1
bl_so_order	序列号格式	历史遗留英文列:无面板字段引用、本表该列全空(2026-09-28 体检)——见《数据库规范》阶段 3 清理候选	序列号格式
bl_so_order	辅助单位id	历史遗留英文列:无面板字段引用、本表该列全空(2026-09-28 体检)——见《数据库规范》阶段 3 清理候选	辅助单位id
bl_so_order	辅助单位名称	历史遗留英文列:无面板字段引用、本表该列全空(2026-09-28 体检)——见《数据库规范》阶段 3 清理候选	辅助单位名称
bl_so_order	辅助单位编码	历史遗留英文列:无面板字段引用、本表该列全空(2026-09-28 体检)——见《数据库规范》阶段 3 清理候选	辅助单位编码
bl_so_order	源单id	历史遗留英文列:无面板字段引用、本表该列全空(2026-09-28 体检)——见《数据库规范》阶段 3 清理候选	源单id
bl_so_order	源单id_src_bill_no	历史遗留英文列:无面板字段引用、本表该列全空(2026-09-28 体检)——见《数据库规范》阶段 3 清理候选	源单id_src_bill_no
bl_so_order	源单类型id	历史遗留英文列:无面板字段引用、本表该列全空(2026-09-28 体检)——见《数据库规范》阶段 3 清理候选	源单类型id
bl_so_order	源单类型名称	历史遗留英文列:无面板字段引用、本表该列全空(2026-09-28 体检)——见《数据库规范》阶段 3 清理候选	源单类型名称
bl_so_order	源单类型编码	历史遗留英文列:无面板字段引用、本表该列全空(2026-09-28 体检)——见《数据库规范》阶段 3 清理候选	源单类型编码
bl_so_order	源单日期	历史遗留英文列:无面板字段引用、本表该列全空(2026-09-28 体检)——见《数据库规范》阶段 3 清理候选	源单日期
bl_so_order	源单行号	采购订单行号(面板字段列)	源单行号
bl_so_order	外部商品编码	历史遗留英文列:无面板字段引用、本表该列全空(2026-09-28 体检)——见《数据库规范》阶段 3 清理候选	外部商品编码
bl_so_order	外部商品单位	历史遗留英文列:无面板字段引用、本表该列全空(2026-09-28 体检)——见《数据库规范》阶段 3 清理候选	外部商品单位
bl_so_order	客户订单号	历史遗留英文列:无面板字段引用、本表该列全空(2026-09-28 体检)——见《数据库规范》阶段 3 清理候选	客户订单号
bl_other_in		其他入库单行表 (禁用)	「其他入库单」明细行表
bl_other_in	单据编号	单号(面板字段列)	单据编号
bl_other_in	仓库	历史遗留英文列:无面板字段引用、本表该列全空(2026-09-28 体检)——见《数据库规范》阶段 3 清理候选	仓库
bl_other_in	存货名称	历史遗留英文列:无面板字段引用、本表该列全空(2026-09-28 体检)——见《数据库规范》阶段 3 清理候选	存货名称
bl_other_in	规格型号	历史遗留英文列:无面板字段引用、本表该列全空(2026-09-28 体检)——见《数据库规范》阶段 3 清理候选	规格型号
bl_other_in	计量单位	历史遗留英文列:无面板字段引用、本表该列全空(2026-09-28 体检)——见《数据库规范》阶段 3 清理候选	计量单位
bl_other_in	数量	历史遗留英文列:无面板字段引用、本表该列全空(2026-09-28 体检)——见《数据库规范》阶段 3 清理候选	数量
bl_other_in	智能选单	历史遗留英文列:无面板字段引用、本表该列全空(2026-09-28 体检)——见《数据库规范》阶段 3 清理候选	智能选单
bl_other_in	计量单位2	历史遗留英文列:无面板字段引用、本表该列全空(2026-09-28 体检)——见《数据库规范》阶段 3 清理候选	计量单位2
bl_other_in	数量2	历史遗留英文列:无面板字段引用、本表该列全空(2026-09-28 体检)——见《数据库规范》阶段 3 清理候选	数量2
bl_other_in	金额	历史遗留英文列:无面板字段引用、本表该列全空(2026-09-28 体检)——见《数据库规范》阶段 3 清理候选	金额
bl_other_in	现存量	历史遗留英文列:无面板字段引用、本表该列全空(2026-09-28 体检)——见《数据库规范》阶段 3 清理候选	现存量
bl_other_in	现存量说明	历史遗留英文列:无面板字段引用、本表该列全空(2026-09-28 体检)——见《数据库规范》阶段 3 清理候选	现存量说明
bl_other_in	备注	历史遗留英文列:无面板字段引用、本表该列全空(2026-09-28 体检)——见《数据库规范》阶段 3 清理候选	备注
bl_other_in	存货编码	历史遗留英文列:无面板字段引用、本表该列全空(2026-09-28 体检)——见《数据库规范》阶段 3 清理候选	存货编码
bl_other_in	批号	历史遗留英文列:无面板字段引用、本表该列全空(2026-09-28 体检)——见《数据库规范》阶段 3 清理候选	批号
rd_mold_proc_detail		成型工艺清单行表	「成型工艺清单」明细行表
rd_mold_proc_detail	单据编号	单号(面板字段列)	单据编号
rd_mold_proc_detail	物料编号	历史遗留英文列:无面板字段引用、本表该列全空(2026-09-28 体检)——见《数据库规范》阶段 3 清理候选	物料编号
rd_mold_proc_detail	设计添加量	历史遗留英文列:无面板字段引用、本表该列全空(2026-09-28 体检)——见《数据库规范》阶段 3 清理候选	设计添加量
qc_record		检验记录单头表(八类合一:首件/烧结制程/脱模/来料/材料进厂/黑水/巡线/管控点)	「检验记录单」头表
qc_record	单据编号	单号(面板字段列)	单据编号
qc_record	单据日期	单据日期(空白草稿自动填当天)	单据日期
qc_record	检验类型	历史遗留英文列:无面板字段引用、本表该列全空(2026-09-28 体检)——见《数据库规范》阶段 3 清理候选	检验类型
qc_record	车间	历史遗留英文列:无面板字段引用、本表该列全空(2026-09-28 体检)——见《数据库规范》阶段 3 清理候选	车间
qc_record	产品编号	历史遗留英文列:无面板字段引用、本表该列全空(2026-09-28 体检)——见《数据库规范》阶段 3 清理候选	产品编号
qc_record	规格	历史遗留英文列:无面板字段引用、本表该列全空(2026-09-28 体检)——见《数据库规范》阶段 3 清理候选	规格
qc_record	抽样数量	历史遗留英文列:无面板字段引用、本表该列全空(2026-09-28 体检)——见《数据库规范》阶段 3 清理候选	抽样数量
qc_record	不良率	不良率%(>3%不合格)(面板字段列)	不良率
qc_record	检验员	历史遗留英文列:无面板字段引用、本表该列全空(2026-09-28 体检)——见《数据库规范》阶段 3 清理候选	检验员
qc_record	总结论	历史遗留英文列:无面板字段引用、本表该列全空(2026-09-28 体检)——见《数据库规范》阶段 3 清理候选	总结论
qc_record	处理方式	历史遗留英文列:无面板字段引用、本表该列全空(2026-09-28 体检)——见《数据库规范》阶段 3 清理候选	处理方式
qc_record	备注	历史遗留英文列:无面板字段引用、本表该列全空(2026-09-28 体检)——见《数据库规范》阶段 3 清理候选	备注
qc_record	单据状态	历史遗留英文列:无面板字段引用、本表该列全空(2026-09-28 体检)——见《数据库规范》阶段 3 清理候选	单据状态
qc_record	审核人	审核人(流程)(面板字段列)	审核人
qc_record	审核时间	历史遗留英文列:无面板字段引用、本表该列全空(2026-09-28 体检)——见《数据库规范》阶段 3 清理候选	审核时间
qc_record	asp_user1	创建人	asp_user1
qc_record	asp_time1	创建时间	asp_time1
qc_record	asp_user2	最后修改人	asp_user2
qc_record	asp_time2	最后修改时间	asp_time2
qc_record	asp_cancel	删除标记	asp_cancel
sl_recv_detail	规格型号	规格型号(2026-09-21 由「型号」更名:全链统一为规格型号,与采购订单/检验单/入库单/退料单同名直通)	型号
sl_recv_detail	批次号	送料批次号(采购订单分批送料:批次号=采购订单号+3位序号;由生单自动生成,贯通暂收/检验/入库/退回)	送料批次号(明细):随单头一致,由 BatchService.syncBatchNo 每次保存/审核按单头覆盖写入,不可手工修改
bd_other_out		其他出库单头表 (禁用)	「其他出库单」头表
bd_other_out	单据日期	历史遗留英文列:无面板字段引用、本表该列全空(2026-09-28 体检)——见《数据库规范》阶段 3 清理候选	单据日期
bd_other_out	单据编号	单号(面板字段列)	单据编号
bd_other_out	业务类型	历史遗留英文列:无面板字段引用、本表该列全空(2026-09-28 体检)——见《数据库规范》阶段 3 清理候选	业务类型
bd_other_out	出库类别	历史遗留英文列:无面板字段引用、本表该列全空(2026-09-28 体检)——见《数据库规范》阶段 3 清理候选	出库类别
bd_other_out	经手人	历史遗留英文列:无面板字段引用、本表该列全空(2026-09-28 体检)——见《数据库规范》阶段 3 清理候选	经手人
bd_other_out	项目	历史遗留英文列:无面板字段引用、本表该列全空(2026-09-28 体检)——见《数据库规范》阶段 3 清理候选	项目
bd_other_out	往来单位	历史遗留英文列:无面板字段引用、本表该列全空(2026-09-28 体检)——见《数据库规范》阶段 3 清理候选	往来单位
bd_other_out	来源单据	历史遗留英文列:无面板字段引用、本表该列全空(2026-09-28 体检)——见《数据库规范》阶段 3 清理候选	来源单据
bd_other_out	外部单据号	历史遗留英文列:无面板字段引用、本表该列全空(2026-09-28 体检)——见《数据库规范》阶段 3 清理候选	外部单据号
bd_other_out	来源单号	历史遗留英文列:无面板字段引用、本表该列全空(2026-09-28 体检)——见《数据库规范》阶段 3 清理候选	来源单号
bd_other_out	数据来源	历史遗留英文列:无面板字段引用、本表该列全空(2026-09-28 体检)——见《数据库规范》阶段 3 清理候选	数据来源
bd_other_out	销售订单号	历史遗留英文列:无面板字段引用、本表该列全空(2026-09-28 体检)——见《数据库规范》阶段 3 清理候选	销售订单号
bd_other_out	自动生入库单	历史遗留英文列:无面板字段引用、本表该列全空(2026-09-28 体检)——见《数据库规范》阶段 3 清理候选	自动生入库单
bd_other_out	凭证字号	历史遗留英文列:无面板字段引用、本表该列全空(2026-09-28 体检)——见《数据库规范》阶段 3 清理候选	凭证字号
bd_other_out	备注	历史遗留英文列:无面板字段引用、本表该列全空(2026-09-28 体检)——见《数据库规范》阶段 3 清理候选	备注
bd_other_out	单据状态	历史遗留英文列:无面板字段引用、本表该列全空(2026-09-28 体检)——见《数据库规范》阶段 3 清理候选	单据状态
bd_other_out	审核人	审核人(流程)(面板字段列)	审核人
bd_other_out	审核时间	历史遗留英文列:无面板字段引用、本表该列全空(2026-09-28 体检)——见《数据库规范》阶段 3 清理候选	审核时间
bd_other_out	审批人	历史遗留英文列:无面板字段引用、本表该列全空(2026-09-28 体检)——见《数据库规范》阶段 3 清理候选	审批人
bd_other_out	审批时间	历史遗留英文列:无面板字段引用、本表该列全空(2026-09-28 体检)——见《数据库规范》阶段 3 清理候选	审批时间
bd_other_out	来料客户	历史遗留英文列:无面板字段引用、本表该列全空(2026-09-28 体检)——见《数据库规范》阶段 3 清理候选	来料客户
rd_plan		项目实施计划(10阶段×五字段:计划内容/计划开始/计划完成/实际完成/责任人,项目定级必填下拉)	「项目实施计划」头表
rd_plan	单据编号	单号(面板字段列)	单据编号
rd_plan	单据日期	单据日期(空白草稿自动填当天)	单据日期
rd_plan	项目名称	历史遗留英文列:无面板字段引用、本表该列全空(2026-09-28 体检)——见《数据库规范》阶段 3 清理候选	项目名称
rd_plan	项目定级	历史遗留英文列:无面板字段引用、本表该列全空(2026-09-28 体检)——见《数据库规范》阶段 3 清理候选	项目定级
rd_plan	测试内容	历史遗留英文列:无面板字段引用、本表该列全空(2026-09-28 体检)——见《数据库规范》阶段 3 清理候选	测试内容
rd_plan	测试产品打样要求	历史遗留英文列:无面板字段引用、本表该列全空(2026-09-28 体检)——见《数据库规范》阶段 3 清理候选	测试产品打样要求
rd_plan	测试目标	历史遗留英文列:无面板字段引用、本表该列全空(2026-09-28 体检)——见《数据库规范》阶段 3 清理候选	测试目标
rd_plan	测试条件	历史遗留英文列:无面板字段引用、本表该列全空(2026-09-28 体检)——见《数据库规范》阶段 3 清理候选	测试条件
rd_plan	测试方法	历史遗留英文列:无面板字段引用、本表该列全空(2026-09-28 体检)——见《数据库规范》阶段 3 清理候选	测试方法
rd_plan	测试标准	历史遗留英文列:无面板字段引用、本表该列全空(2026-09-28 体检)——见《数据库规范》阶段 3 清理候选	测试标准
rd_plan	测试计划	历史遗留英文列:无面板字段引用、本表该列全空(2026-09-28 体检)——见《数据库规范》阶段 3 清理候选	测试计划
rd_plan	负责人	历史遗留英文列:无面板字段引用、本表该列全空(2026-09-28 体检)——见《数据库规范》阶段 3 清理候选	负责人
rd_plan	编制日期	历史遗留英文列:无面板字段引用、本表该列全空(2026-09-28 体检)——见《数据库规范》阶段 3 清理候选	编制日期
rd_plan	文件管理人	历史遗留英文列:无面板字段引用、本表该列全空(2026-09-28 体检)——见《数据库规范》阶段 3 清理候选	文件管理人
rd_plan	备注	历史遗留英文列:无面板字段引用、本表该列全空(2026-09-28 体检)——见《数据库规范》阶段 3 清理候选	备注
rd_plan	asp_user1	创建人	asp_user1
rd_plan	asp_time1	创建时间	asp_time1
rd_plan	asp_user2	最后修改人	asp_user2
rd_plan	asp_time2	最后修改时间	asp_time2
rd_plan	asp_cancel	删除标记	asp_cancel
rd_plan	阶段1	历史遗留英文列:无面板字段引用、本表该列全空(2026-09-28 体检)——见《数据库规范》阶段 3 清理候选	阶段1
rd_plan	阶段2	历史遗留英文列:无面板字段引用、本表该列全空(2026-09-28 体检)——见《数据库规范》阶段 3 清理候选	阶段2
rd_plan	阶段3	历史遗留英文列:无面板字段引用、本表该列全空(2026-09-28 体检)——见《数据库规范》阶段 3 清理候选	阶段3
rd_plan	阶段4	历史遗留英文列:无面板字段引用、本表该列全空(2026-09-28 体检)——见《数据库规范》阶段 3 清理候选	阶段4
rd_plan	阶段5	历史遗留英文列:无面板字段引用、本表该列全空(2026-09-28 体检)——见《数据库规范》阶段 3 清理候选	阶段5
rd_plan	阶段6	历史遗留英文列:无面板字段引用、本表该列全空(2026-09-28 体检)——见《数据库规范》阶段 3 清理候选	阶段6
rd_plan	阶段7	历史遗留英文列:无面板字段引用、本表该列全空(2026-09-28 体检)——见《数据库规范》阶段 3 清理候选	阶段7
rd_plan	阶段8	历史遗留英文列:无面板字段引用、本表该列全空(2026-09-28 体检)——见《数据库规范》阶段 3 清理候选	阶段8
rd_plan	阶段9	历史遗留英文列:无面板字段引用、本表该列全空(2026-09-28 体检)——见《数据库规范》阶段 3 清理候选	阶段9
rd_plan	阶段10	历史遗留英文列:无面板字段引用、本表该列全空(2026-09-28 体检)——见《数据库规范》阶段 3 清理候选	阶段10
rd_plan	阶段1_计划内容	历史遗留英文列:无面板字段引用、本表该列全空(2026-09-28 体检)——见《数据库规范》阶段 3 清理候选	阶段1_计划内容
rd_plan	阶段1_计划开始	历史遗留英文列:无面板字段引用、本表该列全空(2026-09-28 体检)——见《数据库规范》阶段 3 清理候选	阶段1_计划开始
rd_plan	阶段1_计划完成	历史遗留英文列:无面板字段引用、本表该列全空(2026-09-28 体检)——见《数据库规范》阶段 3 清理候选	阶段1_计划完成
rd_plan	阶段1_实际完成	历史遗留英文列:无面板字段引用、本表该列全空(2026-09-28 体检)——见《数据库规范》阶段 3 清理候选	阶段1_实际完成
rd_plan	阶段1_责任人	历史遗留英文列:无面板字段引用、本表该列全空(2026-09-28 体检)——见《数据库规范》阶段 3 清理候选	阶段1_责任人
rd_plan	阶段2_计划内容	历史遗留英文列:无面板字段引用、本表该列全空(2026-09-28 体检)——见《数据库规范》阶段 3 清理候选	阶段2_计划内容
rd_plan	阶段2_计划开始	历史遗留英文列:无面板字段引用、本表该列全空(2026-09-28 体检)——见《数据库规范》阶段 3 清理候选	阶段2_计划开始
rd_plan	阶段2_计划完成	历史遗留英文列:无面板字段引用、本表该列全空(2026-09-28 体检)——见《数据库规范》阶段 3 清理候选	阶段2_计划完成
rd_plan	阶段2_实际完成	历史遗留英文列:无面板字段引用、本表该列全空(2026-09-28 体检)——见《数据库规范》阶段 3 清理候选	阶段2_实际完成
rd_plan	阶段2_责任人	历史遗留英文列:无面板字段引用、本表该列全空(2026-09-28 体检)——见《数据库规范》阶段 3 清理候选	阶段2_责任人
rd_plan	阶段3_计划内容	历史遗留英文列:无面板字段引用、本表该列全空(2026-09-28 体检)——见《数据库规范》阶段 3 清理候选	阶段3_计划内容
rd_plan	阶段3_计划开始	历史遗留英文列:无面板字段引用、本表该列全空(2026-09-28 体检)——见《数据库规范》阶段 3 清理候选	阶段3_计划开始
rd_plan	阶段3_计划完成	历史遗留英文列:无面板字段引用、本表该列全空(2026-09-28 体检)——见《数据库规范》阶段 3 清理候选	阶段3_计划完成
rd_plan	阶段3_实际完成	历史遗留英文列:无面板字段引用、本表该列全空(2026-09-28 体检)——见《数据库规范》阶段 3 清理候选	阶段3_实际完成
rd_plan	阶段3_责任人	历史遗留英文列:无面板字段引用、本表该列全空(2026-09-28 体检)——见《数据库规范》阶段 3 清理候选	阶段3_责任人
rd_plan	阶段4_计划内容	历史遗留英文列:无面板字段引用、本表该列全空(2026-09-28 体检)——见《数据库规范》阶段 3 清理候选	阶段4_计划内容
rd_plan	阶段4_计划开始	历史遗留英文列:无面板字段引用、本表该列全空(2026-09-28 体检)——见《数据库规范》阶段 3 清理候选	阶段4_计划开始
rd_plan	阶段4_计划完成	历史遗留英文列:无面板字段引用、本表该列全空(2026-09-28 体检)——见《数据库规范》阶段 3 清理候选	阶段4_计划完成
rd_plan	阶段4_实际完成	历史遗留英文列:无面板字段引用、本表该列全空(2026-09-28 体检)——见《数据库规范》阶段 3 清理候选	阶段4_实际完成
rd_plan	阶段4_责任人	历史遗留英文列:无面板字段引用、本表该列全空(2026-09-28 体检)——见《数据库规范》阶段 3 清理候选	阶段4_责任人
rd_plan	阶段5_计划内容	历史遗留英文列:无面板字段引用、本表该列全空(2026-09-28 体检)——见《数据库规范》阶段 3 清理候选	阶段5_计划内容
rd_plan	阶段5_计划开始	历史遗留英文列:无面板字段引用、本表该列全空(2026-09-28 体检)——见《数据库规范》阶段 3 清理候选	阶段5_计划开始
rd_plan	阶段5_计划完成	历史遗留英文列:无面板字段引用、本表该列全空(2026-09-28 体检)——见《数据库规范》阶段 3 清理候选	阶段5_计划完成
rd_plan	阶段5_实际完成	历史遗留英文列:无面板字段引用、本表该列全空(2026-09-28 体检)——见《数据库规范》阶段 3 清理候选	阶段5_实际完成
rd_plan	阶段5_责任人	历史遗留英文列:无面板字段引用、本表该列全空(2026-09-28 体检)——见《数据库规范》阶段 3 清理候选	阶段5_责任人
rd_plan	阶段6_计划内容	历史遗留英文列:无面板字段引用、本表该列全空(2026-09-28 体检)——见《数据库规范》阶段 3 清理候选	阶段6_计划内容
rd_plan	阶段6_计划开始	历史遗留英文列:无面板字段引用、本表该列全空(2026-09-28 体检)——见《数据库规范》阶段 3 清理候选	阶段6_计划开始
rd_plan	阶段6_计划完成	历史遗留英文列:无面板字段引用、本表该列全空(2026-09-28 体检)——见《数据库规范》阶段 3 清理候选	阶段6_计划完成
rd_plan	阶段6_实际完成	历史遗留英文列:无面板字段引用、本表该列全空(2026-09-28 体检)——见《数据库规范》阶段 3 清理候选	阶段6_实际完成
rd_plan	阶段6_责任人	历史遗留英文列:无面板字段引用、本表该列全空(2026-09-28 体检)——见《数据库规范》阶段 3 清理候选	阶段6_责任人
rd_plan	阶段7_计划内容	历史遗留英文列:无面板字段引用、本表该列全空(2026-09-28 体检)——见《数据库规范》阶段 3 清理候选	阶段7_计划内容
rd_plan	阶段7_计划开始	历史遗留英文列:无面板字段引用、本表该列全空(2026-09-28 体检)——见《数据库规范》阶段 3 清理候选	阶段7_计划开始
rd_plan	阶段7_计划完成	历史遗留英文列:无面板字段引用、本表该列全空(2026-09-28 体检)——见《数据库规范》阶段 3 清理候选	阶段7_计划完成
rd_plan	阶段7_实际完成	历史遗留英文列:无面板字段引用、本表该列全空(2026-09-28 体检)——见《数据库规范》阶段 3 清理候选	阶段7_实际完成
rd_plan	阶段7_责任人	历史遗留英文列:无面板字段引用、本表该列全空(2026-09-28 体检)——见《数据库规范》阶段 3 清理候选	阶段7_责任人
rd_plan	阶段8_计划内容	历史遗留英文列:无面板字段引用、本表该列全空(2026-09-28 体检)——见《数据库规范》阶段 3 清理候选	阶段8_计划内容
rd_plan	阶段8_计划开始	历史遗留英文列:无面板字段引用、本表该列全空(2026-09-28 体检)——见《数据库规范》阶段 3 清理候选	阶段8_计划开始
rd_plan	阶段8_计划完成	历史遗留英文列:无面板字段引用、本表该列全空(2026-09-28 体检)——见《数据库规范》阶段 3 清理候选	阶段8_计划完成
rd_plan	阶段8_实际完成	历史遗留英文列:无面板字段引用、本表该列全空(2026-09-28 体检)——见《数据库规范》阶段 3 清理候选	阶段8_实际完成
rd_plan	阶段8_责任人	历史遗留英文列:无面板字段引用、本表该列全空(2026-09-28 体检)——见《数据库规范》阶段 3 清理候选	阶段8_责任人
rd_plan	阶段9_计划内容	历史遗留英文列:无面板字段引用、本表该列全空(2026-09-28 体检)——见《数据库规范》阶段 3 清理候选	阶段9_计划内容
rd_plan	阶段9_计划开始	历史遗留英文列:无面板字段引用、本表该列全空(2026-09-28 体检)——见《数据库规范》阶段 3 清理候选	阶段9_计划开始
rd_plan	阶段9_计划完成	历史遗留英文列:无面板字段引用、本表该列全空(2026-09-28 体检)——见《数据库规范》阶段 3 清理候选	阶段9_计划完成
rd_plan	阶段9_实际完成	历史遗留英文列:无面板字段引用、本表该列全空(2026-09-28 体检)——见《数据库规范》阶段 3 清理候选	阶段9_实际完成
rd_plan	阶段9_责任人	历史遗留英文列:无面板字段引用、本表该列全空(2026-09-28 体检)——见《数据库规范》阶段 3 清理候选	阶段9_责任人
rd_plan	阶段10_计划内容	历史遗留英文列:无面板字段引用、本表该列全空(2026-09-28 体检)——见《数据库规范》阶段 3 清理候选	阶段10_计划内容
rd_plan	阶段10_计划开始	历史遗留英文列:无面板字段引用、本表该列全空(2026-09-28 体检)——见《数据库规范》阶段 3 清理候选	阶段10_计划开始
rd_plan	阶段10_计划完成	历史遗留英文列:无面板字段引用、本表该列全空(2026-09-28 体检)——见《数据库规范》阶段 3 清理候选	阶段10_计划完成
rd_plan	阶段10_实际完成	历史遗留英文列:无面板字段引用、本表该列全空(2026-09-28 体检)——见《数据库规范》阶段 3 清理候选	阶段10_实际完成
rd_plan	阶段10_责任人	历史遗留英文列:无面板字段引用、本表该列全空(2026-09-28 体检)——见《数据库规范》阶段 3 清理候选	阶段10_责任人
rd_prod_info_head		产品信息表头表(归档后产品开发下发5个下游文件)	「产品信息表」头表
rd_prod_info_head	单据编号	单号(面板字段列)	单据编号
rd_prod_info_head	单据日期	单据日期(空白草稿自动填当天)	单据日期
rd_prod_info_head	产品类型	历史遗留英文列:无面板字段引用、本表该列全空(2026-09-28 体检)——见《数据库规范》阶段 3 清理候选	产品类型
rd_prod_info_head	炭棒尺寸	历史遗留英文列:无面板字段引用、本表该列全空(2026-09-28 体检)——见《数据库规范》阶段 3 清理候选	炭棒尺寸
rd_prod_info_head	特殊性能描述	主要性能描述(面板字段列)	特殊性能描述
rd_prod_info_head	下单数量	历史遗留英文列:无面板字段引用、本表该列全空(2026-09-28 体检)——见《数据库规范》阶段 3 清理候选	下单数量
rd_prod_info_head	产品分类	历史遗留英文列:无面板字段引用、本表该列全空(2026-09-28 体检)——见《数据库规范》阶段 3 清理候选	产品分类
rd_prod_info_head	客户图纸或规格书	历史遗留英文列:无面板字段引用、本表该列全空(2026-09-28 体检)——见《数据库规范》阶段 3 清理候选	客户图纸或规格书
rd_prod_info_head	责任人	产品负责人(面板字段列)	责任人
rd_prod_info_head	审核人	审核人(流程)(面板字段列)	审核人
rd_prod_info_head	asp_user1	创建人	asp_user1
rd_prod_info_head	asp_time1	创建时间	asp_time1
rd_prod_info_head	asp_user2	最后修改人	asp_user2
rd_prod_info_head	asp_time2	最后修改时间	asp_time2
rd_prod_info_head	asp_cancel	删除标记	asp_cancel
yj_doc_batch	batch_no	送料批次号:纯入库日期 yyyyMMdd(如 20260921);同一日期算同一批次(同一天多批同号,不唯一);日期取采购入库单「单据日期」,填单时预设、可人工修改,审核时以表头值为准并回填全链;历史 YJ-/10位号原样保留	送料批次号:供应商编码去掉 YJ- 前缀 + - + 生单当天 yyyyMMdd(如 YJ-TX、2026-09-10 ⇒ TX-20260910);采购订单→送料暂收单生单那一刻写入(status=ACTIVE),下游逐站继承不再取号;无序号,同一天同供应商共号;弃审/作废不回收
qc_record_detail		检验记录单行表(检验项目/标准要求/结果/品序号)	「检验记录单」明细行表
qc_record_detail	单据编号	单号(面板字段列)	单据编号
qc_record_detail	检验项目	历史遗留英文列:无面板字段引用、本表该列全空(2026-09-28 体检)——见《数据库规范》阶段 3 清理候选	检验项目
qc_record_detail	标准要求	历史遗留英文列:无面板字段引用、本表该列全空(2026-09-28 体检)——见《数据库规范》阶段 3 清理候选	标准要求
qc_record_detail	检验结果	历史遗留英文列:无面板字段引用、本表该列全空(2026-09-28 体检)——见《数据库规范》阶段 3 清理候选	检验结果
qc_record_detail	实测数值	历史遗留英文列:无面板字段引用、本表该列全空(2026-09-28 体检)——见《数据库规范》阶段 3 清理候选	实测数值
qc_record_detail	品序号	品序号(首件1#/2#…)(面板字段列)	品序号(首件1#/2#…)
qc_record_detail	备注	历史遗留英文列:无面板字段引用、本表该列全空(2026-09-28 体检)——见《数据库规范》阶段 3 清理候选	备注
qc_record_detail	asp_user1	创建人	asp_user1
qc_record_detail	asp_time1	创建时间	asp_time1
qc_record_detail	asp_user2	最后修改人	asp_user2
qc_record_detail	asp_time2	最后修改时间	asp_time2
qc_record_detail	asp_cancel	删除标记	asp_cancel
yj_share_file_cat	asp_user1	创建人	asp_user1
yj_share_file_cat	asp_time1	创建时间	asp_time1
yj_share_file_cat	asp_user2	最后修改人	asp_user2
yj_share_file_cat	asp_time2	最后修改时间	asp_time2
bl_other_out		其他出库单行表 (禁用)	「其他出库单」明细行表
bl_other_out	单据编号	单号(面板字段列)	单据编号
bl_other_out	仓库	历史遗留英文列:无面板字段引用、本表该列全空(2026-09-28 体检)——见《数据库规范》阶段 3 清理候选	仓库
bl_other_out	存货名称	历史遗留英文列:无面板字段引用、本表该列全空(2026-09-28 体检)——见《数据库规范》阶段 3 清理候选	存货名称
bl_other_out	规格型号	历史遗留英文列:无面板字段引用、本表该列全空(2026-09-28 体检)——见《数据库规范》阶段 3 清理候选	规格型号
bl_other_out	计量单位	历史遗留英文列:无面板字段引用、本表该列全空(2026-09-28 体检)——见《数据库规范》阶段 3 清理候选	计量单位
bl_other_out	数量	历史遗留英文列:无面板字段引用、本表该列全空(2026-09-28 体检)——见《数据库规范》阶段 3 清理候选	数量
bl_other_out	单价	历史遗留英文列:无面板字段引用、本表该列全空(2026-09-28 体检)——见《数据库规范》阶段 3 清理候选	单价
bl_other_out	金额	历史遗留英文列:无面板字段引用、本表该列全空(2026-09-28 体检)——见《数据库规范》阶段 3 清理候选	金额
bl_other_out	现存量	历史遗留英文列:无面板字段引用、本表该列全空(2026-09-28 体检)——见《数据库规范》阶段 3 清理候选	现存量
bl_other_out	备注	历史遗留英文列:无面板字段引用、本表该列全空(2026-09-28 体检)——见《数据库规范》阶段 3 清理候选	备注
bl_other_out	存货编码	历史遗留英文列:无面板字段引用、本表该列全空(2026-09-28 体检)——见《数据库规范》阶段 3 清理候选	存货编码
bl_other_out	批号	历史遗留英文列:无面板字段引用、本表该列全空(2026-09-28 体检)——见《数据库规范》阶段 3 清理候选	批号
rd_prod_info_detail		产品信息表行表	「产品信息表」明细行表
rd_prod_info_detail	单据编号	单号(面板字段列)	单据编号
rd_prod_info_detail	asp_user1	创建人	asp_user1
rd_prod_info_detail	asp_time1	创建时间	asp_time1
rd_prod_info_detail	asp_user2	最后修改人	asp_user2
rd_prod_info_detail	asp_time2	最后修改时间	asp_time2
rd_prod_info_detail	asp_cancel	删除标记	asp_cancel
wh_record		无黑处理登记头表(加湿前后重量/无黑时间)	「无黑处理登记」头表
wh_record	单据日期	单据日期(空白草稿自动填当天)	单据日期
wh_record	asp_user1	创建人	asp_user1
wh_record	asp_time1	创建时间	asp_time1
wh_record	asp_user2	最后修改人	asp_user2
wh_record	asp_time2	最后修改时间	asp_time2
wh_record	asp_cancel	删除标记	asp_cancel
bd_outsource_in		委外入库单头表 (禁用)	「委外入库单」头表
bd_outsource_in	单据日期	历史遗留英文列:无面板字段引用、本表该列全空(2026-09-28 体检)——见《数据库规范》阶段 3 清理候选	单据日期
bd_outsource_in	单据编号	单号(面板字段列)	单据编号
bd_outsource_in	业务类型	历史遗留英文列:无面板字段引用、本表该列全空(2026-09-28 体检)——见《数据库规范》阶段 3 清理候选	业务类型
bd_outsource_in	委外供应商	历史遗留英文列:无面板字段引用、本表该列全空(2026-09-28 体检)——见《数据库规范》阶段 3 清理候选	委外供应商
bd_outsource_in	委外加工单号	历史遗留英文列:无面板字段引用、本表该列全空(2026-09-28 体检)——见《数据库规范》阶段 3 清理候选	委外加工单号
bd_outsource_in	经手人	历史遗留英文列:无面板字段引用、本表该列全空(2026-09-28 体检)——见《数据库规范》阶段 3 清理候选	经手人
bd_outsource_in	备注	历史遗留英文列:无面板字段引用、本表该列全空(2026-09-28 体检)——见《数据库规范》阶段 3 清理候选	备注
bd_outsource_in	来源单据	历史遗留英文列:无面板字段引用、本表该列全空(2026-09-28 体检)——见《数据库规范》阶段 3 清理候选	来源单据
bd_outsource_in	来源单号	历史遗留英文列:无面板字段引用、本表该列全空(2026-09-28 体检)——见《数据库规范》阶段 3 清理候选	来源单号
bd_outsource_in	单据状态	历史遗留英文列:无面板字段引用、本表该列全空(2026-09-28 体检)——见《数据库规范》阶段 3 清理候选	单据状态
bd_outsource_in	审核人	审核人(流程)(面板字段列)	审核人
bd_outsource_in	审核时间	历史遗留英文列:无面板字段引用、本表该列全空(2026-09-28 体检)——见《数据库规范》阶段 3 清理候选	审核时间
bd_outsource_in	审批人	历史遗留英文列:无面板字段引用、本表该列全空(2026-09-28 体检)——见《数据库规范》阶段 3 清理候选	审批人
bd_outsource_in	审批时间	历史遗留英文列:无面板字段引用、本表该列全空(2026-09-28 体检)——见《数据库规范》阶段 3 清理候选	审批时间
yj_share_file	asp_user1	创建人	asp_user1
yj_share_file	asp_time1	创建时间	asp_time1
yj_share_file	asp_user2	最后修改人	asp_user2
yj_share_file	asp_time2	最后修改时间	asp_time2
yj_share_file	asp_cancel	删除标记	asp_cancel
rd_plan_detail		项目实施计划占位行表(恒空,doc模式要求)	「项目实施计划」明细行表
rd_plan_detail	单据编号	单号(面板字段列)	单据编号
rd_plan_detail	asp_cancel	删除标记	asp_cancel
rd_plan_detail	asp_user1	创建人	asp_user1
rd_plan_detail	asp_user2	最后修改人	asp_user2
rd_plan_detail	asp_time1	创建时间	asp_time1
rd_plan_detail	asp_time2	最后修改时间	asp_time2
yj_std_lib	item_code	库内条目编码(项目名)	物料/产品编码
yj_std_lib	asp_user1	创建人	asp_user1
yj_std_lib	asp_time1	创建时间	asp_time1
yj_std_lib	asp_user2	最后修改人	asp_user2
yj_std_lib	asp_time2	最后修改时间	asp_time2
yj_std_lib	asp_cancel	删除标记	asp_cancel
rd_progress		项目进度查询头表	「项目进度查询」头表
rd_progress	单据编号	单号(面板字段列)	单据编号
rd_progress	单据日期	单据日期(空白草稿自动填当天)	单据日期
rd_progress	项目名称	历史遗留英文列:无面板字段引用、本表该列全空(2026-09-28 体检)——见《数据库规范》阶段 3 清理候选	项目名称
rd_progress	项目层级	项目(一/二级)(面板字段列)	项目(一/二级)
rd_progress	项目定级	历史遗留英文列:无面板字段引用、本表该列全空(2026-09-28 体检)——见《数据库规范》阶段 3 清理候选	项目定级
rd_progress	测试内容	历史遗留英文列:无面板字段引用、本表该列全空(2026-09-28 体检)——见《数据库规范》阶段 3 清理候选	测试内容
rd_progress	测试产品打样要求	历史遗留英文列:无面板字段引用、本表该列全空(2026-09-28 体检)——见《数据库规范》阶段 3 清理候选	测试产品打样要求
rd_progress	测试目标	历史遗留英文列:无面板字段引用、本表该列全空(2026-09-28 体检)——见《数据库规范》阶段 3 清理候选	测试目标
rd_progress	测试条件	历史遗留英文列:无面板字段引用、本表该列全空(2026-09-28 体检)——见《数据库规范》阶段 3 清理候选	测试条件
rd_progress	测试方法	历史遗留英文列:无面板字段引用、本表该列全空(2026-09-28 体检)——见《数据库规范》阶段 3 清理候选	测试方法
rd_progress	测试标准	历史遗留英文列:无面板字段引用、本表该列全空(2026-09-28 体检)——见《数据库规范》阶段 3 清理候选	测试标准
rd_progress	备注	历史遗留英文列:无面板字段引用、本表该列全空(2026-09-28 体检)——见《数据库规范》阶段 3 清理候选	备注
rd_progress	asp_user1	创建人	asp_user1
rd_progress	asp_time1	创建时间	asp_time1
rd_progress	asp_user2	最后修改人	asp_user2
rd_progress	asp_time2	最后修改时间	asp_time2
rd_progress	asp_cancel	删除标记	asp_cancel
rd_progress	密级	历史遗留英文列:无面板字段引用、本表该列全空(2026-09-28 体检)——见《数据库规范》阶段 3 清理候选	密级
rd_progress	文件使用范围	历史遗留英文列:无面板字段引用、本表该列全空(2026-09-28 体检)——见《数据库规范》阶段 3 清理候选	文件使用范围
rd_progress	文档编号	历史遗留英文列:无面板字段引用、本表该列全空(2026-09-28 体检)——见《数据库规范》阶段 3 清理候选	文档编号
pack_confirm		封箱确认头表(装箱人/确认人/主管签名)	「封箱确认」头表
pack_confirm	asp_user1	创建人	asp_user1
pack_confirm	asp_time1	创建时间	asp_time1
pack_confirm	asp_user2	最后修改人	asp_user2
pack_confirm	asp_time2	最后修改时间	asp_time2
pack_confirm	asp_cancel	删除标记	asp_cancel
bl_outsource_in		委外入库单行表 (禁用)	「委外入库单」明细行表
bl_outsource_in	单据编号	单号(面板字段列)	单据编号
bl_outsource_in	产品编码	历史遗留英文列:无面板字段引用、本表该列全空(2026-09-28 体检)——见《数据库规范》阶段 3 清理候选	产品编码
bl_outsource_in	产品名称	历史遗留英文列:无面板字段引用、本表该列全空(2026-09-28 体检)——见《数据库规范》阶段 3 清理候选	产品名称
bl_outsource_in	规格型号	历史遗留英文列:无面板字段引用、本表该列全空(2026-09-28 体检)——见《数据库规范》阶段 3 清理候选	规格型号
bl_outsource_in	计量单位	历史遗留英文列:无面板字段引用、本表该列全空(2026-09-28 体检)——见《数据库规范》阶段 3 清理候选	计量单位
bl_outsource_in	实收数量	历史遗留英文列:无面板字段引用、本表该列全空(2026-09-28 体检)——见《数据库规范》阶段 3 清理候选	实收数量
bl_outsource_in	单价	历史遗留英文列:无面板字段引用、本表该列全空(2026-09-28 体检)——见《数据库规范》阶段 3 清理候选	单价
bl_outsource_in	金额	历史遗留英文列:无面板字段引用、本表该列全空(2026-09-28 体检)——见《数据库规范》阶段 3 清理候选	金额
bl_outsource_in	现存量	历史遗留英文列:无面板字段引用、本表该列全空(2026-09-28 体检)——见《数据库规范》阶段 3 清理候选	现存量
bl_outsource_in	备注	历史遗留英文列:无面板字段引用、本表该列全空(2026-09-28 体检)——见《数据库规范》阶段 3 清理候选	备注
bl_outsource_in	批号	历史遗留英文列:无面板字段引用、本表该列全空(2026-09-28 体检)——见《数据库规范》阶段 3 清理候选	批号
bl_outsource_in	仓库	历史遗留英文列:无面板字段引用、本表该列全空(2026-09-28 体检)——见《数据库规范》阶段 3 清理候选	仓库
bl_dispatch	单据编号	单号(面板字段列)	单据编号
bl_dispatch	工序编码	历史遗留英文列:无面板字段引用、本表该列全空(2026-09-28 体检)——见《数据库规范》阶段 3 清理候选	工序编码
bl_dispatch	工序名称	历史遗留英文列:无面板字段引用、本表该列全空(2026-09-28 体检)——见《数据库规范》阶段 3 清理候选	工序名称
bl_dispatch	工作中心	历史遗留英文列:无面板字段引用、本表该列全空(2026-09-28 体检)——见《数据库规范》阶段 3 清理候选	工作中心
bl_dispatch	设备	历史遗留英文列:无面板字段引用、本表该列全空(2026-09-28 体检)——见《数据库规范》阶段 3 清理候选	设备
bl_dispatch	班组	历史遗留英文列:无面板字段引用、本表该列全空(2026-09-28 体检)——见《数据库规范》阶段 3 清理候选	班组
bl_dispatch	工人	历史遗留英文列:无面板字段引用、本表该列全空(2026-09-28 体检)——见《数据库规范》阶段 3 清理候选	工人
bl_dispatch	加工类型	历史遗留英文列:无面板字段引用、本表该列全空(2026-09-28 体检)——见《数据库规范》阶段 3 清理候选	加工类型
bl_dispatch	计划数量	历史遗留英文列:无面板字段引用、本表该列全空(2026-09-28 体检)——见《数据库规范》阶段 3 清理候选	计划数量
bl_dispatch	已派工数量	历史遗留英文列:无面板字段引用、本表该列全空(2026-09-28 体检)——见《数据库规范》阶段 3 清理候选	已派工数量
bl_dispatch	派工数量	历史遗留英文列:无面板字段引用、本表该列全空(2026-09-28 体检)——见《数据库规范》阶段 3 清理候选	派工数量
bl_dispatch	计量单位	历史遗留英文列:无面板字段引用、本表该列全空(2026-09-28 体检)——见《数据库规范》阶段 3 清理候选	计量单位
bl_dispatch	派工加工状态	历史遗留英文列:无面板字段引用、本表该列全空(2026-09-28 体检)——见《数据库规范》阶段 3 清理候选	派工加工状态
bl_dispatch	累计汇报数量	历史遗留英文列:无面板字段引用、本表该列全空(2026-09-28 体检)——见《数据库规范》阶段 3 清理候选	累计汇报数量
bl_dispatch	委外供应商	历史遗留英文列:无面板字段引用、本表该列全空(2026-09-28 体检)——见《数据库规范》阶段 3 清理候选	委外供应商
bl_dispatch	规格型号	历史遗留英文列:无面板字段引用、本表该列全空(2026-09-28 体检)——见《数据库规范》阶段 3 清理候选	规格型号
bl_dispatch	预开工日	历史遗留英文列:无面板字段引用、本表该列全空(2026-09-28 体检)——见《数据库规范》阶段 3 清理候选	预开工日
bl_dispatch	预完工日	历史遗留英文列:无面板字段引用、本表该列全空(2026-09-28 体检)——见《数据库规范》阶段 3 清理候选	预完工日
bl_dispatch	备注	历史遗留英文列:无面板字段引用、本表该列全空(2026-09-28 体检)——见《数据库规范》阶段 3 清理候选	备注
bl_dispatch	comm	公司	备注/说明(遗留英文列名)
bl_dispatch	asp_user1	创建人	asp_user1
bl_dispatch	asp_time1	创建时间	asp_time1
bl_dispatch	asp_user2	最后修改人	asp_user2
bl_dispatch	asp_time2	最后修改时间	asp_time2
bl_dispatch	asp_cancel	删除标记	asp_cancel
bl_dispatch	生产车间	历史遗留英文列:无面板字段引用、本表该列全空(2026-09-28 体检)——见《数据库规范》阶段 3 清理候选	生产车间
bd_outsource_issue		委外发料单头表 (禁用)	「委外发料单」头表
bd_outsource_issue	单据日期	历史遗留英文列:无面板字段引用、本表该列全空(2026-09-28 体检)——见《数据库规范》阶段 3 清理候选	单据日期
bd_outsource_issue	单据编号	单号(面板字段列)	单据编号
bd_outsource_issue	业务类型	历史遗留英文列:无面板字段引用、本表该列全空(2026-09-28 体检)——见《数据库规范》阶段 3 清理候选	业务类型
bd_outsource_issue	委外供应商	历史遗留英文列:无面板字段引用、本表该列全空(2026-09-28 体检)——见《数据库规范》阶段 3 清理候选	委外供应商
bd_outsource_issue	委外加工单号	历史遗留英文列:无面板字段引用、本表该列全空(2026-09-28 体检)——见《数据库规范》阶段 3 清理候选	委外加工单号
bd_outsource_issue	部门	历史遗留英文列:无面板字段引用、本表该列全空(2026-09-28 体检)——见《数据库规范》阶段 3 清理候选	部门
bd_outsource_issue	经手人	历史遗留英文列:无面板字段引用、本表该列全空(2026-09-28 体检)——见《数据库规范》阶段 3 清理候选	经手人
bd_outsource_issue	备注	历史遗留英文列:无面板字段引用、本表该列全空(2026-09-28 体检)——见《数据库规范》阶段 3 清理候选	备注
bd_outsource_issue	来源单据	历史遗留英文列:无面板字段引用、本表该列全空(2026-09-28 体检)——见《数据库规范》阶段 3 清理候选	来源单据
bd_outsource_issue	来源单号	历史遗留英文列:无面板字段引用、本表该列全空(2026-09-28 体检)——见《数据库规范》阶段 3 清理候选	来源单号
bd_outsource_issue	单据状态	历史遗留英文列:无面板字段引用、本表该列全空(2026-09-28 体检)——见《数据库规范》阶段 3 清理候选	单据状态
bd_outsource_issue	审核人	审核人(流程)(面板字段列)	审核人
bd_outsource_issue	审核时间	历史遗留英文列:无面板字段引用、本表该列全空(2026-09-28 体检)——见《数据库规范》阶段 3 清理候选	审核时间
bd_outsource_issue	审批人	历史遗留英文列:无面板字段引用、本表该列全空(2026-09-28 体检)——见《数据库规范》阶段 3 清理候选	审批人
bd_outsource_issue	审批时间	历史遗留英文列:无面板字段引用、本表该列全空(2026-09-28 体检)——见《数据库规范》阶段 3 清理候选	审批时间
rd_progress_detail	单据编号	单号(面板字段列)	单据编号
rd_progress_detail	子项目/尺寸	历史遗留英文列:无面板字段引用、本表该列全空(2026-09-28 体检)——见《数据库规范》阶段 3 清理候选	子项目/尺寸
rd_progress_detail	说明	历史遗留英文列:无面板字段引用、本表该列全空(2026-09-28 体检)——见《数据库规范》阶段 3 清理候选	说明
rd_progress_detail	内容	历史遗留英文列:无面板字段引用、本表该列全空(2026-09-28 体检)——见《数据库规范》阶段 3 清理候选	内容
rd_progress_detail	项目级	历史遗留英文列:无面板字段引用、本表该列全空(2026-09-28 体检)——见《数据库规范》阶段 3 清理候选	项目级
rd_progress_detail	项目负责	历史遗留英文列:无面板字段引用、本表该列全空(2026-09-28 体检)——见《数据库规范》阶段 3 清理候选	项目负责
rd_progress_detail	实施进度	历史遗留英文列:无面板字段引用、本表该列全空(2026-09-28 体检)——见《数据库规范》阶段 3 清理候选	实施进度
rd_progress_detail	里程完成	历史遗留英文列:无面板字段引用、本表该列全空(2026-09-28 体检)——见《数据库规范》阶段 3 清理候选	里程完成
rd_progress_detail	状态	历史遗留英文列:无面板字段引用、本表该列全空(2026-09-28 体检)——见《数据库规范》阶段 3 清理候选	状态
rd_progress_detail	测试员	历史遗留英文列:无面板字段引用、本表该列全空(2026-09-28 体检)——见《数据库规范》阶段 3 清理候选	测试员
rd_progress_detail	谁来批准	历史遗留英文列:无面板字段引用、本表该列全空(2026-09-28 体检)——见《数据库规范》阶段 3 清理候选	谁来批准
rd_progress_detail	谁来检验	历史遗留英文列:无面板字段引用、本表该列全空(2026-09-28 体检)——见《数据库规范》阶段 3 清理候选	谁来检验
rd_progress_detail	未批准原因	历史遗留英文列:无面板字段引用、本表该列全空(2026-09-28 体检)——见《数据库规范》阶段 3 清理候选	未批准原因
rd_progress_detail	asp_user1	创建人	asp_user1
rd_progress_detail	asp_time1	创建时间	asp_time1
rd_progress_detail	asp_user2	最后修改人	asp_user2
rd_progress_detail	asp_time2	最后修改时间	asp_time2
rd_progress_detail	asp_cancel	删除标记	asp_cancel
rd_progress_detail	项目名称	历史遗留英文列:无面板字段引用、本表该列全空(2026-09-28 体检)——见《数据库规范》阶段 3 清理候选	项目名称
rd_progress_detail	项目层级	项目(一/二级)(面板字段列)	项目(一/二级)
equip_check		设备点检记录头表	「设备点检记录」头表
equip_check	asp_user1	创建人	asp_user1
equip_check	asp_time1	创建时间	asp_time1
equip_check	asp_user2	最后修改人	asp_user2
equip_check	asp_time2	最后修改时间	asp_time2
equip_check	asp_cancel	删除标记	asp_cancel
rd_sample_no_head	单据日期	单据日期(空白草稿自动填当天)	日期(面板字段列)
bl_outsource_issue		委外发料单行表 (禁用)	「委外发料单」明细行表
bl_outsource_issue	单据编号	单号(面板字段列)	单据编号
bl_outsource_issue	材料编码	历史遗留英文列:无面板字段引用、本表该列全空(2026-09-28 体检)——见《数据库规范》阶段 3 清理候选	材料编码
bl_outsource_issue	材料名称	历史遗留英文列:无面板字段引用、本表该列全空(2026-09-28 体检)——见《数据库规范》阶段 3 清理候选	材料名称
bl_outsource_issue	规格型号	历史遗留英文列:无面板字段引用、本表该列全空(2026-09-28 体检)——见《数据库规范》阶段 3 清理候选	规格型号
bl_outsource_issue	计量单位	历史遗留英文列:无面板字段引用、本表该列全空(2026-09-28 体检)——见《数据库规范》阶段 3 清理候选	计量单位
bl_outsource_issue	数量	历史遗留英文列:无面板字段引用、本表该列全空(2026-09-28 体检)——见《数据库规范》阶段 3 清理候选	数量
bl_outsource_issue	单价	历史遗留英文列:无面板字段引用、本表该列全空(2026-09-28 体检)——见《数据库规范》阶段 3 清理候选	单价
bl_outsource_issue	金额	历史遗留英文列:无面板字段引用、本表该列全空(2026-09-28 体检)——见《数据库规范》阶段 3 清理候选	金额
bl_outsource_issue	仓库	历史遗留英文列:无面板字段引用、本表该列全空(2026-09-28 体检)——见《数据库规范》阶段 3 清理候选	仓库
bl_outsource_issue	备注	历史遗留英文列:无面板字段引用、本表该列全空(2026-09-28 体检)——见《数据库规范》阶段 3 清理候选	备注
bl_outsource_issue	批号	历史遗留英文列:无面板字段引用、本表该列全空(2026-09-28 体检)——见《数据库规范》阶段 3 清理候选	批号
rd_dev_task	asp_user1	创建人	asp_user1
rd_dev_task	asp_time1	创建时间	asp_time1
rd_dev_task	asp_user2	最后修改人	asp_user2
rd_dev_task	asp_time2	最后修改时间	asp_time2
rd_dev_task	asp_cancel	删除标记	asp_cancel
bs_settle_type	备注	历史遗留英文列:无面板字段引用、本表该列全空(2026-09-28 体检)——见《数据库规范》阶段 3 清理候选	备注
bs_settle_type	外部单据号	历史遗留英文列:无面板字段引用、本表该列全空(2026-09-28 体检)——见《数据库规范》阶段 3 清理候选	外部单据号
bs_settle_type	asp_user1	创建人	asp_user1
bs_settle_type	asp_time1	创建时间	asp_time1
bs_settle_type	asp_user2	最后修改人	asp_user2
bs_settle_type	asp_time2	最后修改时间	asp_time2
bs_settle_type	asp_cancel	删除标记	asp_cancel
rd_filter_eff_head		功能性滤效头表	「功能性滤效」头表
rd_filter_eff_head	单据编号	单号(面板字段列)	单据编号
rd_filter_eff_head	单据日期	单据日期(空白草稿自动填当天)	单据日期
rd_filter_eff_head	测试目的/背景	历史遗留英文列:无面板字段引用、本表该列全空(2026-09-28 体检)——见《数据库规范》阶段 3 清理候选	测试目的/背景
rd_filter_eff_head	样品配方	历史遗留英文列:无面板字段引用、本表该列全空(2026-09-28 体检)——见《数据库规范》阶段 3 清理候选	样品配方
rd_filter_eff_head	样品信息1	历史遗留英文列:无面板字段引用、本表该列全空(2026-09-28 体检)——见《数据库规范》阶段 3 清理候选	样品信息1
rd_filter_eff_head	样品信息2	历史遗留英文列:无面板字段引用、本表该列全空(2026-09-28 体检)——见《数据库规范》阶段 3 清理候选	样品信息2
rd_filter_eff_head	测试要求	历史遗留英文列:无面板字段引用、本表该列全空(2026-09-28 体检)——见《数据库规范》阶段 3 清理候选	测试要求
rd_filter_eff_head	测试时间	历史遗留英文列:无面板字段引用、本表该列全空(2026-09-28 体检)——见《数据库规范》阶段 3 清理候选	测试时间
rd_filter_eff_head	本次实验目的	历史遗留英文列:无面板字段引用、本表该列全空(2026-09-28 体检)——见《数据库规范》阶段 3 清理候选	本次实验目的
rd_filter_eff_head	测试装置及编号1	历史遗留英文列:无面板字段引用、本表该列全空(2026-09-28 体检)——见《数据库规范》阶段 3 清理候选	测试装置及编号1
rd_filter_eff_head	测试装置及编号2	历史遗留英文列:无面板字段引用、本表该列全空(2026-09-28 体检)——见《数据库规范》阶段 3 清理候选	测试装置及编号2
rd_filter_eff_head	加标方式	历史遗留英文列:无面板字段引用、本表该列全空(2026-09-28 体检)——见《数据库规范》阶段 3 清理候选	加标方式
rd_filter_eff_head	冲水方式	历史遗留英文列:无面板字段引用、本表该列全空(2026-09-28 体检)——见《数据库规范》阶段 3 清理候选	冲水方式
rd_filter_eff_head	测试用仪器/检出限	历史遗留英文列:无面板字段引用、本表该列全空(2026-09-28 体检)——见《数据库规范》阶段 3 清理候选	测试用仪器/检出限
rd_filter_eff_head	原水TDS	原水（tds）(面板字段列)	原水TDS
rd_filter_eff_head	水温	水温（℃）(面板字段列)	水温（℃）
rd_filter_eff_head	备注	历史遗留英文列:无面板字段引用、本表该列全空(2026-09-28 体检)——见《数据库规范》阶段 3 清理候选	备注
rd_filter_eff_head	asp_user1	创建人	asp_user1
rd_filter_eff_head	asp_time1	创建时间	asp_time1
rd_filter_eff_head	asp_user2	最后修改人	asp_user2
rd_filter_eff_head	asp_time2	最后修改时间	asp_time2
rd_filter_eff_head	asp_cancel	删除标记	asp_cancel
rd_filter_eff_head	样品信息4	历史遗留英文列:无面板字段引用、本表该列全空(2026-09-28 体检)——见《数据库规范》阶段 3 清理候选	样品信息4
rd_filter_eff_head	样品信息5	历史遗留英文列:无面板字段引用、本表该列全空(2026-09-28 体检)——见《数据库规范》阶段 3 清理候选	样品信息5
rd_filter_eff_head	样品信息6	历史遗留英文列:无面板字段引用、本表该列全空(2026-09-28 体检)——见《数据库规范》阶段 3 清理候选	样品信息6
rd_filter_eff_head	测试装置及编号3	历史遗留英文列:无面板字段引用、本表该列全空(2026-09-28 体检)——见《数据库规范》阶段 3 清理候选	测试装置及编号3
rd_filter_eff_head	测试装置及编号4	历史遗留英文列:无面板字段引用、本表该列全空(2026-09-28 体检)——见《数据库规范》阶段 3 清理候选	测试装置及编号4
rd_filter_eff_head	测试装置及编号5	历史遗留英文列:无面板字段引用、本表该列全空(2026-09-28 体检)——见《数据库规范》阶段 3 清理候选	测试装置及编号5
rd_filter_eff_head	测试装置及编号6	历史遗留英文列:无面板字段引用、本表该列全空(2026-09-28 体检)——见《数据库规范》阶段 3 清理候选	测试装置及编号6
equip_check_detail		设备点检记录行表(检查内容/方法/标准/结果/解决措施)	「设备点检记录」明细行表
equip_check_detail	asp_user1	创建人	asp_user1
equip_check_detail	asp_time1	创建时间	asp_time1
equip_check_detail	asp_user2	最后修改人	asp_user2
equip_check_detail	asp_time2	最后修改时间	asp_time2
equip_check_detail	asp_cancel	删除标记	asp_cancel
bd_outsource_order		委外加工单头表	「委外加工单」头表
bd_outsource_order	单据日期	历史遗留英文列:无面板字段引用、本表该列全空(2026-09-28 体检)——见《数据库规范》阶段 3 清理候选	单据日期
bd_outsource_order	单据编号	单号(面板字段列)	单据编号
bd_outsource_order	业务类型	历史遗留英文列:无面板字段引用、本表该列全空(2026-09-28 体检)——见《数据库规范》阶段 3 清理候选	业务类型
bd_outsource_order	委外供应商	历史遗留英文列:无面板字段引用、本表该列全空(2026-09-28 体检)——见《数据库规范》阶段 3 清理候选	委外供应商
bd_outsource_order	生产车间	历史遗留英文列:无面板字段引用、本表该列全空(2026-09-28 体检)——见《数据库规范》阶段 3 清理候选	生产车间
bd_outsource_order	部门	历史遗留英文列:无面板字段引用、本表该列全空(2026-09-28 体检)——见《数据库规范》阶段 3 清理候选	部门
bd_outsource_order	经手人	历史遗留英文列:无面板字段引用、本表该列全空(2026-09-28 体检)——见《数据库规范》阶段 3 清理候选	经手人
bd_outsource_order	交货日期	历史遗留英文列:无面板字段引用、本表该列全空(2026-09-28 体检)——见《数据库规范》阶段 3 清理候选	交货日期
bd_outsource_order	预完工日	历史遗留英文列:无面板字段引用、本表该列全空(2026-09-28 体检)——见《数据库规范》阶段 3 清理候选	预完工日
bd_outsource_order	备注	历史遗留英文列:无面板字段引用、本表该列全空(2026-09-28 体检)——见《数据库规范》阶段 3 清理候选	备注
bd_outsource_order	来源单据	历史遗留英文列:无面板字段引用、本表该列全空(2026-09-28 体检)——见《数据库规范》阶段 3 清理候选	来源单据
bd_outsource_order	来源单号	历史遗留英文列:无面板字段引用、本表该列全空(2026-09-28 体检)——见《数据库规范》阶段 3 清理候选	来源单号
bd_outsource_order	单据状态	历史遗留英文列:无面板字段引用、本表该列全空(2026-09-28 体检)——见《数据库规范》阶段 3 清理候选	单据状态
bd_outsource_order	审核人	审核人(流程)(面板字段列)	审核人
bd_outsource_order	审核时间	历史遗留英文列:无面板字段引用、本表该列全空(2026-09-28 体检)——见《数据库规范》阶段 3 清理候选	审核时间
bd_outsource_order	审批人	历史遗留英文列:无面板字段引用、本表该列全空(2026-09-28 体检)——见《数据库规范》阶段 3 清理候选	审批人
bd_outsource_order	审批时间	历史遗留英文列:无面板字段引用、本表该列全空(2026-09-28 体检)——见《数据库规范》阶段 3 清理候选	审批时间
rd_prod_doclist_head		产品文件列表(产品开发文件汇总):产品×4文件开发状态矩阵,状态由 DevTaskService 实时推导不存表	产品文件列表头表(占位):本面板是只读派生视图,矩阵由 DevTaskService 实时推导,不落库
rd_prod_doclist_head	单据日期	单据日期(空白草稿自动填当天)	日期(面板字段列)
qc_tc_in	编制人	编制人(底部落款,与审批留痕分开)	编制人:纸面底部落款①=提交审批的人(特采单两级审批,提交时后端自动写,只读不可手改)
qc_tc_in	审核人	审核人	审核人:纸面底部落款②=一级审批通过的人(组织架构勾了「特采单·审核反审核」的账号∪管理员;驳回/弃审时清空)
qc_tc_in	审核时间	审核时间	审核时间:一级审批通过的时间(与审批人同进同退,驳回/弃审清空)
qc_tc_in	审批人	审批人	审批人:纸面底部落款③「批准」=超级管理员(yj_user.is_admin=Y;二级审批通过时才落值,驳回/弃审清空)
qc_tc_in	审批时间	审批时间	审批时间:超级管理员批准的时间(二级审批通过时刻;驳回/弃审清空)
qc_tc_in	批次号	批次号:采购入库单审核时按批次键回填(纯入库日期 yyyyMMdd,同一日期同一批次)	送料批次号:特采链随链继承(特采单审核生成入库单时带入),不可修改
maint_plan		保养计划头表	「保养计划」头表
maint_plan	asp_user1	创建人	asp_user1
maint_plan	asp_time1	创建时间	asp_time1
maint_plan	asp_user2	最后修改人	asp_user2
maint_plan	asp_time2	最后修改时间	asp_time2
maint_plan	asp_cancel	删除标记	asp_cancel
bs_customer_group	上级编码	历史遗留英文列:无面板字段引用、本表该列全空(2026-09-28 体检)——见《数据库规范》阶段 3 清理候选	上级编码
bs_customer_group	备注	历史遗留英文列:无面板字段引用、本表该列全空(2026-09-28 体检)——见《数据库规范》阶段 3 清理候选	备注
bs_customer_group	asp_user1	创建人	asp_user1
bs_customer_group	asp_time1	创建时间	asp_time1
bs_customer_group	asp_user2	最后修改人	asp_user2
bs_customer_group	asp_time2	最后修改时间	asp_time2
bs_customer_group	asp_cancel	删除标记	asp_cancel
rd_filter_eff_detail		功能性滤效行表	「功能性滤效」明细行表
rd_filter_eff_detail	单据编号	单号(面板字段列)	单据编号
rd_filter_eff_detail	累计进水L	累计进水（L）(面板字段列)	累计进水（L）
rd_filter_eff_detail	水温	水温（℃）(面板字段列)	水温（℃）
rd_filter_eff_detail	压力样品1	压力（PSI)样品1(面板字段列)	压力（PSI)样品1
rd_filter_eff_detail	压力样品2	压力（PSI)样品2(面板字段列)	压力（PSI)样品2
rd_filter_eff_detail	流速样品1	流速（L/min)样品1(面板字段列)	流速（L/min)样品1
rd_filter_eff_detail	流速样品2	流速（L/min)样品2(面板字段列)	流速（L/min)样品2
rd_filter_eff_detail	原水含量5号缸	原水含量（ug/L）5号缸(面板字段列)	原水含量（ug/L）5号缸
rd_filter_eff_detail	出水样品1	出水含量（ug/L）样品1(面板字段列)	出水含量（ug/L）样品1
rd_filter_eff_detail	出水样品2	出水含量（ug/L）样品2(面板字段列)	出水含量（ug/L）样品2
rd_filter_eff_detail	去除率样品1	去除率%样品1(面板字段列)	去除率%样品1
rd_filter_eff_detail	去除率样品2	去除率%样品2(面板字段列)	去除率%样品2
rd_filter_eff_detail	测试时间	历史遗留英文列:无面板字段引用、本表该列全空(2026-09-28 体检)——见《数据库规范》阶段 3 清理候选	测试时间
rd_filter_eff_detail	asp_user1	创建人	asp_user1
rd_filter_eff_detail	asp_time1	创建时间	asp_time1
rd_filter_eff_detail	asp_user2	最后修改人	asp_user2
rd_filter_eff_detail	asp_time2	最后修改时间	asp_time2
rd_filter_eff_detail	asp_cancel	删除标记	asp_cancel
rd_filter_eff_detail	压力（PSI)样品4	历史遗留英文列:无面板字段引用、本表该列全空(2026-09-28 体检)——见《数据库规范》阶段 3 清理候选	压力（PSI)样品4
rd_filter_eff_detail	压力（PSI)样品5	历史遗留英文列:无面板字段引用、本表该列全空(2026-09-28 体检)——见《数据库规范》阶段 3 清理候选	压力（PSI)样品5
rd_filter_eff_detail	压力（PSI)样品6	历史遗留英文列:无面板字段引用、本表该列全空(2026-09-28 体检)——见《数据库规范》阶段 3 清理候选	压力（PSI)样品6
rd_filter_eff_detail	流速（L/min)样品3	历史遗留英文列:无面板字段引用、本表该列全空(2026-09-28 体检)——见《数据库规范》阶段 3 清理候选	流速（L/min)样品3
rd_filter_eff_detail	流速（L/min)样品4	历史遗留英文列:无面板字段引用、本表该列全空(2026-09-28 体检)——见《数据库规范》阶段 3 清理候选	流速（L/min)样品4
rd_filter_eff_detail	流速（L/min)样品5	历史遗留英文列:无面板字段引用、本表该列全空(2026-09-28 体检)——见《数据库规范》阶段 3 清理候选	流速（L/min)样品5
rd_filter_eff_detail	流速（L/min)样品6	历史遗留英文列:无面板字段引用、本表该列全空(2026-09-28 体检)——见《数据库规范》阶段 3 清理候选	流速（L/min)样品6
rd_filter_eff_detail	出水含量（ug/L）样品4	历史遗留英文列:无面板字段引用、本表该列全空(2026-09-28 体检)——见《数据库规范》阶段 3 清理候选	出水含量（ug/L）样品4
rd_filter_eff_detail	出水含量（ug/L）样品5	历史遗留英文列:无面板字段引用、本表该列全空(2026-09-28 体检)——见《数据库规范》阶段 3 清理候选	出水含量（ug/L）样品5
rd_filter_eff_detail	出水含量（ug/L）样品6	历史遗留英文列:无面板字段引用、本表该列全空(2026-09-28 体检)——见《数据库规范》阶段 3 清理候选	出水含量（ug/L）样品6
rd_filter_eff_detail	去除率%样品3	历史遗留英文列:无面板字段引用、本表该列全空(2026-09-28 体检)——见《数据库规范》阶段 3 清理候选	去除率%样品3
rd_filter_eff_detail	去除率%样品4	历史遗留英文列:无面板字段引用、本表该列全空(2026-09-28 体检)——见《数据库规范》阶段 3 清理候选	去除率%样品4
rd_filter_eff_detail	去除率%样品5	历史遗留英文列:无面板字段引用、本表该列全空(2026-09-28 体检)——见《数据库规范》阶段 3 清理候选	去除率%样品5
rd_filter_eff_detail	去除率%样品6	历史遗留英文列:无面板字段引用、本表该列全空(2026-09-28 体检)——见《数据库规范》阶段 3 清理候选	去除率%样品6
bl_outsource_order		委外加工单行表	「委外加工单」明细行表
bl_outsource_order	单据编号	单号(面板字段列)	单据编号
bl_outsource_order	产品编码	历史遗留英文列:无面板字段引用、本表该列全空(2026-09-28 体检)——见《数据库规范》阶段 3 清理候选	产品编码
bl_outsource_order	产品名称	历史遗留英文列:无面板字段引用、本表该列全空(2026-09-28 体检)——见《数据库规范》阶段 3 清理候选	产品名称
bl_outsource_order	规格型号	历史遗留英文列:无面板字段引用、本表该列全空(2026-09-28 体检)——见《数据库规范》阶段 3 清理候选	规格型号
bl_outsource_order	计量单位	历史遗留英文列:无面板字段引用、本表该列全空(2026-09-28 体检)——见《数据库规范》阶段 3 清理候选	计量单位
bl_outsource_order	数量	历史遗留英文列:无面板字段引用、本表该列全空(2026-09-28 体检)——见《数据库规范》阶段 3 清理候选	数量
bl_outsource_order	委外单价	历史遗留英文列:无面板字段引用、本表该列全空(2026-09-28 体检)——见《数据库规范》阶段 3 清理候选	委外单价
bl_outsource_order	金额	历史遗留英文列:无面板字段引用、本表该列全空(2026-09-28 体检)——见《数据库规范》阶段 3 清理候选	金额
bl_outsource_order	现存量	历史遗留英文列:无面板字段引用、本表该列全空(2026-09-28 体检)——见《数据库规范》阶段 3 清理候选	现存量
bl_outsource_order	行中止	历史遗留英文列:无面板字段引用、本表该列全空(2026-09-28 体检)——见《数据库规范》阶段 3 清理候选	行中止
bl_outsource_order	备注	历史遗留英文列:无面板字段引用、本表该列全空(2026-09-28 体检)——见《数据库规范》阶段 3 清理候选	备注
bl_outsource_order	asp_user1	创建人	asp_user1
bl_outsource_order	asp_time1	创建时间	asp_time1
bl_outsource_order	asp_cancel	删除标记	asp_cancel
bl_outsource_order	asp_user2	最后修改人	asp_user2
bl_outsource_order	asp_time2	最后修改时间	asp_time2
yj_message	单据编号	单号(面板字段列)	单据编号
yj_message	asp_user1	创建人	asp_user1
yj_message	asp_time1	创建时间	asp_time1
yj_message	asp_user2	最后修改人	asp_user2
yj_message	asp_time2	最后修改时间	asp_time2
yj_message	asp_cancel	删除标记	asp_cancel
bd_purchase_in		采购入库单头表(审核过账kucun入库) (禁用)	「采购入库单」头表
bd_purchase_in	单据编号	单号(面板字段列)	单据编号
bd_purchase_in	业务类型	历史遗留英文列:无面板字段引用、本表该列全空(2026-09-28 体检)——见《数据库规范》阶段 3 清理候选	业务类型
bd_purchase_in	币种	历史遗留英文列:无面板字段引用、本表该列全空(2026-09-28 体检)——见《数据库规范》阶段 3 清理候选	币种
bd_purchase_in	汇率	历史遗留英文列:无面板字段引用、本表该列全空(2026-09-28 体检)——见《数据库规范》阶段 3 清理候选	汇率
bd_purchase_in	经手人	历史遗留英文列:无面板字段引用、本表该列全空(2026-09-28 体检)——见《数据库规范》阶段 3 清理候选	经手人
bd_purchase_in	项目	历史遗留英文列:无面板字段引用、本表该列全空(2026-09-28 体检)——见《数据库规范》阶段 3 清理候选	项目
bd_purchase_in	仓库	历史遗留英文列:无面板字段引用、本表该列全空(2026-09-28 体检)——见《数据库规范》阶段 3 清理候选	仓库
bd_purchase_in	合同号	历史遗留英文列:无面板字段引用、本表该列全空(2026-09-28 体检)——见《数据库规范》阶段 3 清理候选	合同号
bd_purchase_in	资金批次	历史遗留英文列:无面板字段引用、本表该列全空(2026-09-28 体检)——见《数据库规范》阶段 3 清理候选	资金批次
bd_purchase_in	采购类型	历史遗留英文列:无面板字段引用、本表该列全空(2026-09-28 体检)——见《数据库规范》阶段 3 清理候选	采购类型
bd_purchase_in	合同号最新	历史遗留英文列:无面板字段引用、本表该列全空(2026-09-28 体检)——见《数据库规范》阶段 3 清理候选	合同号最新
bd_purchase_in	备注	历史遗留英文列:无面板字段引用、本表该列全空(2026-09-28 体检)——见《数据库规范》阶段 3 清理候选	备注
bd_purchase_in	审核人	审核人(流程)(面板字段列)	审核人
bd_purchase_in	审核时间	历史遗留英文列:无面板字段引用、本表该列全空(2026-09-28 体检)——见《数据库规范》阶段 3 清理候选	审核时间
bd_purchase_in	审批人	历史遗留英文列:无面板字段引用、本表该列全空(2026-09-28 体检)——见《数据库规范》阶段 3 清理候选	审批人
bd_purchase_in	审批时间	历史遗留英文列:无面板字段引用、本表该列全空(2026-09-28 体检)——见《数据库规范》阶段 3 清理候选	审批时间
bd_purchase_in	验货人	历史遗留英文列:无面板字段引用、本表该列全空(2026-09-28 体检)——见《数据库规范》阶段 3 清理候选	验货人
bd_purchase_in	匹配来源单号	历史遗留英文列:无面板字段引用、本表该列全空(2026-09-28 体检)——见《数据库规范》阶段 3 清理候选	匹配来源单号
bd_purchase_in	销售订单号	历史遗留英文列:无面板字段引用、本表该列全空(2026-09-28 体检)——见《数据库规范》阶段 3 清理候选	销售订单号
bd_purchase_in	入库类别	历史遗留英文列:无面板字段引用、本表该列全空(2026-09-28 体检)——见《数据库规范》阶段 3 清理候选	入库类别
bd_purchase_in	单据状态_bill_status	历史遗留英文列:无面板字段引用、本表该列全空(2026-09-28 体检)——见《数据库规范》阶段 3 清理候选	单据状态_bill_status
bd_purchase_in	单据关闭状态	历史遗留英文列:无面板字段引用、本表该列全空(2026-09-28 体检)——见《数据库规范》阶段 3 清理候选	单据关闭状态
bd_purchase_in	供应商id	历史遗留英文列:无面板字段引用、本表该列全空(2026-09-28 体检)——见《数据库规范》阶段 3 清理候选	供应商id
bd_purchase_in	经手人编码	历史遗留英文列:无面板字段引用、本表该列全空(2026-09-28 体检)——见《数据库规范》阶段 3 清理候选	经手人编码
bd_purchase_in	金额	历史遗留英文列:无面板字段引用、本表该列全空(2026-09-28 体检)——见《数据库规范》阶段 3 清理候选	金额
bd_purchase_in	交货方式id	历史遗留英文列:无面板字段引用、本表该列全空(2026-09-28 体检)——见《数据库规范》阶段 3 清理候选	交货方式id
bd_purchase_in	交货方式	历史遗留英文列:无面板字段引用、本表该列全空(2026-09-28 体检)——见《数据库规范》阶段 3 清理候选	交货方式
bd_purchase_in	交货方式编码	历史遗留英文列:无面板字段引用、本表该列全空(2026-09-28 体检)——见《数据库规范》阶段 3 清理候选	交货方式编码
bd_purchase_in	结算状态	历史遗留英文列:无面板字段引用、本表该列全空(2026-09-28 体检)——见《数据库规范》阶段 3 清理候选	结算状态
bd_purchase_in	修改时间	历史遗留英文列:无面板字段引用、本表该列全空(2026-09-28 体检)——见《数据库规范》阶段 3 清理候选	修改时间
bd_purchase_in	审核时间_audit_time	历史遗留英文列:无面板字段引用、本表该列全空(2026-09-28 体检)——见《数据库规范》阶段 3 清理候选	审核时间_audit_time
bd_purchase_in	创建人id	历史遗留英文列:无面板字段引用、本表该列全空(2026-09-28 体检)——见《数据库规范》阶段 3 清理候选	创建人id
bd_purchase_in	创建人	历史遗留英文列:无面板字段引用、本表该列全空(2026-09-28 体检)——见《数据库规范》阶段 3 清理候选	创建人
bd_purchase_in	创建人编码	历史遗留英文列:无面板字段引用、本表该列全空(2026-09-28 体检)——见《数据库规范》阶段 3 清理候选	creator_number
bd_purchase_in	修改人id	历史遗留英文列:无面板字段引用、本表该列全空(2026-09-28 体检)——见《数据库规范》阶段 3 清理候选	修改人id
bd_purchase_in	修改人	历史遗留英文列:无面板字段引用、本表该列全空(2026-09-28 体检)——见《数据库规范》阶段 3 清理候选	修改人
bd_purchase_in	修改人编码	历史遗留英文列:无面板字段引用、本表该列全空(2026-09-28 体检)——见《数据库规范》阶段 3 清理候选	modifier_number
bd_purchase_in	审核人id	历史遗留英文列:无面板字段引用、本表该列全空(2026-09-28 体检)——见《数据库规范》阶段 3 清理候选	审核人id
bd_purchase_in	审核人_auditor_name	历史遗留英文列:无面板字段引用、本表该列全空(2026-09-28 体检)——见《数据库规范》阶段 3 清理候选	审核人_auditor_name
bd_purchase_in	审核人编码	历史遗留英文列:无面板字段引用、本表该列全空(2026-09-28 体检)——见《数据库规范》阶段 3 清理候选	auditor_number
bd_purchase_in	部门id	历史遗留英文列:无面板字段引用、本表该列全空(2026-09-28 体检)——见《数据库规范》阶段 3 清理候选	部门id
bd_purchase_in	部门	历史遗留英文列:无面板字段引用、本表该列全空(2026-09-28 体检)——见《数据库规范》阶段 3 清理候选	部门
bd_purchase_in	部门编码	历史遗留英文列:无面板字段引用、本表该列全空(2026-09-28 体检)——见《数据库规范》阶段 3 清理候选	部门编码
bd_purchase_in	客户id	历史遗留英文列:无面板字段引用、本表该列全空(2026-09-28 体检)——见《数据库规范》阶段 3 清理候选	客户id
bd_purchase_in	客户	历史遗留英文列:无面板字段引用、本表该列全空(2026-09-28 体检)——见《数据库规范》阶段 3 清理候选	客户
bd_purchase_in	客户编码	历史遗留英文列:无面板字段引用、本表该列全空(2026-09-28 体检)——见《数据库规范》阶段 3 清理候选	客户编码
bd_purchase_in	联系人电话	历史遗留英文列:无面板字段引用、本表该列全空(2026-09-28 体检)——见《数据库规范》阶段 3 清理候选	联系人电话
bd_purchase_in	联系人国家名称	历史遗留英文列:无面板字段引用、本表该列全空(2026-09-28 体检)——见《数据库规范》阶段 3 清理候选	联系人国家名称
bd_purchase_in	联系人国家编码	历史遗留英文列:无面板字段引用、本表该列全空(2026-09-28 体检)——见《数据库规范》阶段 3 清理候选	联系人国家编码
bd_purchase_in	联系人省份名称	历史遗留英文列:无面板字段引用、本表该列全空(2026-09-28 体检)——见《数据库规范》阶段 3 清理候选	联系人省份名称
bd_purchase_in	联系人省份编码	历史遗留英文列:无面板字段引用、本表该列全空(2026-09-28 体检)——见《数据库规范》阶段 3 清理候选	联系人省份编码
bd_purchase_in	联系人市区名称	历史遗留英文列:无面板字段引用、本表该列全空(2026-09-28 体检)——见《数据库规范》阶段 3 清理候选	联系人市区名称
bd_purchase_in	联系人市区编码	历史遗留英文列:无面板字段引用、本表该列全空(2026-09-28 体检)——见《数据库规范》阶段 3 清理候选	联系人市区编码
bd_purchase_in	联系人区县名称	历史遗留英文列:无面板字段引用、本表该列全空(2026-09-28 体检)——见《数据库规范》阶段 3 清理候选	联系人区县名称
bd_purchase_in	联系人区县编码	历史遗留英文列:无面板字段引用、本表该列全空(2026-09-28 体检)——见《数据库规范》阶段 3 清理候选	联系人区县编码
bd_purchase_in	联系地址	历史遗留英文列:无面板字段引用、本表该列全空(2026-09-28 体检)——见《数据库规范》阶段 3 清理候选	联系地址
bd_purchase_in	未结算金额本位币	历史遗留英文列:无面板字段引用、本表该列全空(2026-09-28 体检)——见《数据库规范》阶段 3 清理候选	total_unsettle_amount_for
bd_purchase_in	应收款余额	历史遗留英文列:无面板字段引用、本表该列全空(2026-09-28 体检)——见《数据库规范》阶段 3 清理候选	应收款余额
bd_purchase_in	上次欠款	历史遗留英文列:无面板字段引用、本表该列全空(2026-09-28 体检)——见《数据库规范》阶段 3 清理候选	上次欠款
bd_purchase_in	付款方式	历史遗留英文列:无面板字段引用、本表该列全空(2026-09-28 体检)——见《数据库规范》阶段 3 清理候选	付款方式
bd_purchase_in	付款方式编码	历史遗留英文列:无面板字段引用、本表该列全空(2026-09-28 体检)——见《数据库规范》阶段 3 清理候选	edit_pay_type_number
bd_purchase_in	预付金额	历史遗留英文列:无面板字段引用、本表该列全空(2026-09-28 体检)——见《数据库规范》阶段 3 清理候选	预付金额
bd_purchase_in	整单折扣额	历史遗留英文列:无面板字段引用、本表该列全空(2026-09-28 体检)——见《数据库规范》阶段 3 清理候选	整单折扣额
bd_purchase_in	付款账户	历史遗留英文列:无面板字段引用、本表该列全空(2026-09-28 体检)——见《数据库规范》阶段 3 清理候选	付款账户
bd_purchase_in	付款账户编码	历史遗留英文列:无面板字段引用、本表该列全空(2026-09-28 体检)——见《数据库规范》阶段 3 清理候选	edit_pay_account_number
bd_purchase_in	保险金额	历史遗留英文列:无面板字段引用、本表该列全空(2026-09-28 体检)——见《数据库规范》阶段 3 清理候选	保险金额
bd_purchase_in	到期日	历史遗留英文列:无面板字段引用、本表该列全空(2026-09-28 体检)——见《数据库规范》阶段 3 清理候选	到期日
bd_purchase_in	结算期限id	历史遗留英文列:无面板字段引用、本表该列全空(2026-09-28 体检)——见《数据库规范》阶段 3 清理候选	结算期限id
bd_purchase_in	结算期限编码	历史遗留英文列:无面板字段引用、本表该列全空(2026-09-28 体检)——见《数据库规范》阶段 3 清理候选	结算期限编码
bd_purchase_in	结算期限	历史遗留英文列:无面板字段引用、本表该列全空(2026-09-28 体检)——见《数据库规范》阶段 3 清理候选	结算期限
bd_purchase_in	发货人	历史遗留英文列:无面板字段引用、本表该列全空(2026-09-28 体检)——见《数据库规范》阶段 3 清理候选	发货人
bd_purchase_in	发货电话	历史遗留英文列:无面板字段引用、本表该列全空(2026-09-28 体检)——见《数据库规范》阶段 3 清理候选	发货电话
bd_purchase_in	发货地址	历史遗留英文列:无面板字段引用、本表该列全空(2026-09-28 体检)——见《数据库规范》阶段 3 清理候选	发货地址
bd_purchase_in	发货国家id	历史遗留英文列:无面板字段引用、本表该列全空(2026-09-28 体检)——见《数据库规范》阶段 3 清理候选	发货国家id
bd_purchase_in	发货国家名称	历史遗留英文列:无面板字段引用、本表该列全空(2026-09-28 体检)——见《数据库规范》阶段 3 清理候选	发货国家名称
bd_purchase_in	发货国家编码	历史遗留英文列:无面板字段引用、本表该列全空(2026-09-28 体检)——见《数据库规范》阶段 3 清理候选	发货国家编码
bd_purchase_in	发货省份id	历史遗留英文列:无面板字段引用、本表该列全空(2026-09-28 体检)——见《数据库规范》阶段 3 清理候选	发货省份id
bd_purchase_in	发货省份名称	历史遗留英文列:无面板字段引用、本表该列全空(2026-09-28 体检)——见《数据库规范》阶段 3 清理候选	发货省份名称
bd_purchase_in	发货省份编码	历史遗留英文列:无面板字段引用、本表该列全空(2026-09-28 体检)——见《数据库规范》阶段 3 清理候选	发货省份编码
bd_purchase_in	发货市区id	历史遗留英文列:无面板字段引用、本表该列全空(2026-09-28 体检)——见《数据库规范》阶段 3 清理候选	发货市区id
bd_purchase_in	发货市区名称	历史遗留英文列:无面板字段引用、本表该列全空(2026-09-28 体检)——见《数据库规范》阶段 3 清理候选	发货市区名称
bd_purchase_in	发货市区编码	历史遗留英文列:无面板字段引用、本表该列全空(2026-09-28 体检)——见《数据库规范》阶段 3 清理候选	发货市区编码
bd_purchase_in	发货区县id	历史遗留英文列:无面板字段引用、本表该列全空(2026-09-28 体检)——见《数据库规范》阶段 3 清理候选	发货区县id
bd_purchase_in	发货区县名称	历史遗留英文列:无面板字段引用、本表该列全空(2026-09-28 体检)——见《数据库规范》阶段 3 清理候选	发货区县名称
bd_purchase_in	发货区县编码	历史遗留英文列:无面板字段引用、本表该列全空(2026-09-28 体检)——见《数据库规范》阶段 3 清理候选	发货区县编码
bd_purchase_in	附件地址	历史遗留英文列:无面板字段引用、本表该列全空(2026-09-28 体检)——见《数据库规范》阶段 3 清理候选	附件地址
bd_purchase_in	仓库id	历史遗留英文列:无面板字段引用、本表该列全空(2026-09-28 体检)——见《数据库规范》阶段 3 清理候选	仓库id
bd_purchase_in	仓库编码	历史遗留英文列:无面板字段引用、本表该列全空(2026-09-28 体检)——见《数据库规范》阶段 3 清理候选	仓库编码
bd_purchase_in	仓位id	历史遗留英文列:无面板字段引用、本表该列全空(2026-09-28 体检)——见《数据库规范》阶段 3 清理候选	仓位id
bd_purchase_in	仓位	历史遗留英文列:无面板字段引用、本表该列全空(2026-09-28 体检)——见《数据库规范》阶段 3 清理候选	仓位
bd_purchase_in	仓位编码	历史遗留英文列:无面板字段引用、本表该列全空(2026-09-28 体检)——见《数据库规范》阶段 3 清理候选	仓位编码
bd_purchase_in	附件1	单据附件列位(与送料暂收单同款:页面单格聚合,上传按序占位,文件实体存 yj_attachment)	附件1
bd_purchase_in	附件2	单据附件列位(与送料暂收单同款:页面单格聚合,上传按序占位,文件实体存 yj_attachment)	附件2
bd_purchase_in	附件3	单据附件列位(与送料暂收单同款:页面单格聚合,上传按序占位,文件实体存 yj_attachment)	附件3
bd_purchase_in	附件4	单据附件列位(与送料暂收单同款:页面单格聚合,上传按序占位,文件实体存 yj_attachment)	附件4
bd_purchase_in	附件5	单据附件列位(与送料暂收单同款:页面单格聚合,上传按序占位,文件实体存 yj_attachment)	附件5
bd_purchase_in	附件6	单据附件列位(与送料暂收单同款:页面单格聚合,上传按序占位,文件实体存 yj_attachment)	附件6
bd_purchase_in	ERP单号	历史遗留英文列:无面板字段引用、本表该列全空(2026-09-28 体检)——见《数据库规范》阶段 3 清理候选	ERP单号
bd_purchase_in	转ERP操作人	历史遗留英文列:无面板字段引用、本表该列全空(2026-09-28 体检)——见《数据库规范》阶段 3 清理候选	转ERP操作人
bd_purchase_in	转ERP时间	历史遗留英文列:无面板字段引用、本表该列全空(2026-09-28 体检)——见《数据库规范》阶段 3 清理候选	转ERP时间
bd_purchase_in	批次号	送料批次号(采购订单分批送料:批次号=采购订单号+3位序号;由生单自动生成,贯通暂收/检验/入库/退回)	送料批次号:随链从送料暂收单/来料检验单继承(生单时带入),不重新取号、不可修改;库存台账 kucun.lot_no 按它记批号
rd_alkaline_head		碱性测试头表	「碱性」头表
rd_alkaline_head	单据编号	单号(面板字段列)	单据编号
rd_alkaline_head	单据日期	单据日期(空白草稿自动填当天)	单据日期
rd_alkaline_head	密级	历史遗留英文列:无面板字段引用、本表该列全空(2026-09-28 体检)——见《数据库规范》阶段 3 清理候选	密级
rd_alkaline_head	适用范围	历史遗留英文列:无面板字段引用、本表该列全空(2026-09-28 体检)——见《数据库规范》阶段 3 清理候选	适用范围
rd_alkaline_head	测试负责人	历史遗留英文列:无面板字段引用、本表该列全空(2026-09-28 体检)——见《数据库规范》阶段 3 清理候选	测试负责人
rd_alkaline_head	报告编号	历史遗留英文列:无面板字段引用、本表该列全空(2026-09-28 体检)——见《数据库规范》阶段 3 清理候选	报告编号
rd_alkaline_head	测试目的/背景	历史遗留英文列:无面板字段引用、本表该列全空(2026-09-28 体检)——见《数据库规范》阶段 3 清理候选	测试目的/背景
rd_alkaline_head	测试时间	历史遗留英文列:无面板字段引用、本表该列全空(2026-09-28 体检)——见《数据库规范》阶段 3 清理候选	测试时间
rd_alkaline_head	炭棒尺寸	历史遗留英文列:无面板字段引用、本表该列全空(2026-09-28 体检)——见《数据库规范》阶段 3 清理候选	炭棒尺寸
rd_alkaline_head	本次实验目的	历史遗留英文列:无面板字段引用、本表该列全空(2026-09-28 体检)——见《数据库规范》阶段 3 清理候选	本次实验目的
rd_alkaline_head	测试仪器	历史遗留英文列:无面板字段引用、本表该列全空(2026-09-28 体检)——见《数据库规范》阶段 3 清理候选	测试仪器
rd_alkaline_head	测试装置及工位	历史遗留英文列:无面板字段引用、本表该列全空(2026-09-28 体检)——见《数据库规范》阶段 3 清理候选	测试装置及工位
rd_alkaline_head	测试方式	历史遗留英文列:无面板字段引用、本表该列全空(2026-09-28 体检)——见《数据库规范》阶段 3 清理候选	测试方式
rd_alkaline_head	原水自来水	历史遗留英文列:无面板字段引用、本表该列全空(2026-09-28 体检)——见《数据库规范》阶段 3 清理候选	原水自来水
rd_alkaline_head	原水超纯水	历史遗留英文列:无面板字段引用、本表该列全空(2026-09-28 体检)——见《数据库规范》阶段 3 清理候选	原水超纯水
rd_alkaline_head	原水RO纯水	历史遗留英文列:无面板字段引用、本表该列全空(2026-09-28 体检)——见《数据库规范》阶段 3 清理候选	原水RO纯水
rd_alkaline_head	原水PH	历史遗留英文列:无面板字段引用、本表该列全空(2026-09-28 体检)——见《数据库规范》阶段 3 清理候选	原水PH
rd_alkaline_head	原水TDS	原水（tds）(面板字段列)	原水TDS
rd_alkaline_head	水温	水温（℃）(面板字段列)	水温（℃）
rd_alkaline_head	备注	历史遗留英文列:无面板字段引用、本表该列全空(2026-09-28 体检)——见《数据库规范》阶段 3 清理候选	备注
rd_alkaline_head	asp_user1	创建人	asp_user1
rd_alkaline_head	asp_time1	创建时间	asp_time1
rd_alkaline_head	asp_user2	最后修改人	asp_user2
rd_alkaline_head	asp_time2	最后修改时间	asp_time2
rd_alkaline_head	asp_cancel	删除标记	asp_cancel
maint_plan_detail		保养计划行表(设备/保养项目/周期/情况)	「保养计划」明细行表
maint_plan_detail	asp_user1	创建人	asp_user1
maint_plan_detail	asp_time1	创建时间	asp_time1
maint_plan_detail	asp_user2	最后修改人	asp_user2
maint_plan_detail	asp_time2	最后修改时间	asp_time2
maint_plan_detail	asp_cancel	删除标记	asp_cancel
bs_supplier_group	上级编码	历史遗留英文列:无面板字段引用、本表该列全空(2026-09-28 体检)——见《数据库规范》阶段 3 清理候选	上级编码
bs_supplier_group	asp_user1	创建人	asp_user1
bs_supplier_group	asp_time1	创建时间	asp_time1
bs_supplier_group	asp_user2	最后修改人	asp_user2
bs_supplier_group	asp_time2	最后修改时间	asp_time2
bs_supplier_group	asp_cancel	删除标记	asp_cancel
sample_req		样品申请单头表(录入/审核/执行三级)	「样品申请单」头表
sample_req	asp_user1	创建人	asp_user1
sample_req	asp_time1	创建时间	asp_time1
sample_req	asp_user2	最后修改人	asp_user2
sample_req	asp_time2	最后修改时间	asp_time2
sample_req	asp_cancel	删除标记	asp_cancel
bl_purchase_in		采购入库单行表(批号三键入库) (禁用)	「采购入库单」明细行表
bl_purchase_in	单据编号	单号(面板字段列)	单据编号
bl_purchase_in	存货图片	历史遗留英文列:无面板字段引用、本表该列全空(2026-09-28 体检)——见《数据库规范》阶段 3 清理候选	存货图片
bl_purchase_in	实收数量2	历史遗留英文列:无面板字段引用、本表该列全空(2026-09-28 体检)——见《数据库规范》阶段 3 清理候选	实收数量2
bl_purchase_in	计量单位2	历史遗留英文列:无面板字段引用、本表该列全空(2026-09-28 体检)——见《数据库规范》阶段 3 清理候选	计量单位2
bl_purchase_in	计量单位组合	历史遗留英文列:无面板字段引用、本表该列全空(2026-09-28 体检)——见《数据库规范》阶段 3 清理候选	计量单位组合
bl_purchase_in	换算率	历史遗留英文列:无面板字段引用、本表该列全空(2026-09-28 体检)——见《数据库规范》阶段 3 清理候选	换算率
bl_purchase_in	单价2	历史遗留英文列:无面板字段引用、本表该列全空(2026-09-28 体检)——见《数据库规范》阶段 3 清理候选	单价2
bl_purchase_in	含税单价2	历史遗留英文列:无面板字段引用、本表该列全空(2026-09-28 体检)——见《数据库规范》阶段 3 清理候选	含税单价2
bl_purchase_in	费用调整	历史遗留英文列:无面板字段引用、本表该列全空(2026-09-28 体检)——见《数据库规范》阶段 3 清理候选	费用调整
bl_purchase_in	费用金额	历史遗留英文列:无面板字段引用、本表该列全空(2026-09-28 体检)——见《数据库规范》阶段 3 清理候选	费用金额
bl_purchase_in	现存量说明	历史遗留英文列:无面板字段引用、本表该列全空(2026-09-28 体检)——见《数据库规范》阶段 3 清理候选	现存量说明
bl_purchase_in	产成品图片	历史遗留英文列:无面板字段引用、本表该列全空(2026-09-28 体检)——见《数据库规范》阶段 3 清理候选	产成品图片
bl_purchase_in	备注	历史遗留英文列:无面板字段引用、本表该列全空(2026-09-28 体检)——见《数据库规范》阶段 3 清理候选	备注
bl_purchase_in	批号	历史遗留英文列:无面板字段引用、本表该列全空(2026-09-28 体检)——见《数据库规范》阶段 3 清理候选	批号
bl_purchase_in	行号	历史遗留英文列:无面板字段引用、本表该列全空(2026-09-28 体检)——见《数据库规范》阶段 3 清理候选	行号
bl_purchase_in	商品id	历史遗留英文列:无面板字段引用、本表该列全空(2026-09-28 体检)——见《数据库规范》阶段 3 清理候选	商品id
bl_purchase_in	商品是否多单位	历史遗留英文列:无面板字段引用、本表该列全空(2026-09-28 体检)——见《数据库规范》阶段 3 清理候选	商品是否多单位
bl_purchase_in	商品是否序列号	历史遗留英文列:无面板字段引用、本表该列全空(2026-09-28 体检)——见《数据库规范》阶段 3 清理候选	商品是否序列号
bl_purchase_in	商品是否辅助属性	历史遗留英文列:无面板字段引用、本表该列全空(2026-09-28 体检)——见《数据库规范》阶段 3 清理候选	商品是否辅助属性
bl_purchase_in	商品是否保质期	历史遗留英文列:无面板字段引用、本表该列全空(2026-09-28 体检)——见《数据库规范》阶段 3 清理候选	商品是否保质期
bl_purchase_in	商品是否批次	历史遗留英文列:无面板字段引用、本表该列全空(2026-09-28 体检)——见《数据库规范》阶段 3 清理候选	商品是否批次
bl_purchase_in	仓库id	历史遗留英文列:无面板字段引用、本表该列全空(2026-09-28 体检)——见《数据库规范》阶段 3 清理候选	仓库id
bl_purchase_in	仓库启用仓位管理	历史遗留英文列:无面板字段引用、本表该列全空(2026-09-28 体检)——见《数据库规范》阶段 3 清理候选	仓库启用仓位管理
bl_purchase_in	仓位id	历史遗留英文列:无面板字段引用、本表该列全空(2026-09-28 体检)——见《数据库规范》阶段 3 清理候选	仓位id
bl_purchase_in	仓库名称_sp_name	历史遗留英文列:无面板字段引用、本表该列全空(2026-09-28 体检)——见《数据库规范》阶段 3 清理候选	仓库名称_sp_name
bl_purchase_in	仓位编码	历史遗留英文列:无面板字段引用、本表该列全空(2026-09-28 体检)——见《数据库规范》阶段 3 清理候选	仓位编码
bl_purchase_in	辅助属性id	历史遗留英文列:无面板字段引用、本表该列全空(2026-09-28 体检)——见《数据库规范》阶段 3 清理候选	辅助属性id
bl_purchase_in	辅助属性名称	历史遗留英文列:无面板字段引用、本表该列全空(2026-09-28 体检)——见《数据库规范》阶段 3 清理候选	辅助属性名称
bl_purchase_in	辅助属性编码	历史遗留英文列:无面板字段引用、本表该列全空(2026-09-28 体检)——见《数据库规范》阶段 3 清理候选	辅助属性编码
bl_purchase_in	辅助属性1id	历史遗留英文列:无面板字段引用、本表该列全空(2026-09-28 体检)——见《数据库规范》阶段 3 清理候选	辅助属性1id
bl_purchase_in	辅助属性1名称	历史遗留英文列:无面板字段引用、本表该列全空(2026-09-28 体检)——见《数据库规范》阶段 3 清理候选	辅助属性1名称
bl_purchase_in	辅助属性1编码	历史遗留英文列:无面板字段引用、本表该列全空(2026-09-28 体检)——见《数据库规范》阶段 3 清理候选	辅助属性1编码
bl_purchase_in	辅助属性2id	历史遗留英文列:无面板字段引用、本表该列全空(2026-09-28 体检)——见《数据库规范》阶段 3 清理候选	辅助属性2id
bl_purchase_in	辅助属性2名称	历史遗留英文列:无面板字段引用、本表该列全空(2026-09-28 体检)——见《数据库规范》阶段 3 清理候选	辅助属性2名称
bl_purchase_in	辅助属性2编码	历史遗留英文列:无面板字段引用、本表该列全空(2026-09-28 体检)——见《数据库规范》阶段 3 清理候选	辅助属性2编码
bl_purchase_in	辅助属性3id	历史遗留英文列:无面板字段引用、本表该列全空(2026-09-28 体检)——见《数据库规范》阶段 3 清理候选	辅助属性3id
bl_purchase_in	辅助属性3名称	历史遗留英文列:无面板字段引用、本表该列全空(2026-09-28 体检)——见《数据库规范》阶段 3 清理候选	辅助属性3名称
bl_purchase_in	辅助属性3编码	历史遗留英文列:无面板字段引用、本表该列全空(2026-09-28 体检)——见《数据库规范》阶段 3 清理候选	辅助属性3编码
bl_purchase_in	条形码	历史遗留英文列:无面板字段引用、本表该列全空(2026-09-28 体检)——见《数据库规范》阶段 3 清理候选	条形码
bl_purchase_in	产地	历史遗留英文列:无面板字段引用、本表该列全空(2026-09-28 体检)——见《数据库规范》阶段 3 清理候选	产地
bl_purchase_in	注册证号	历史遗留英文列:无面板字段引用、本表该列全空(2026-09-28 体检)——见《数据库规范》阶段 3 清理候选	注册证号
bl_purchase_in	生产许可证	历史遗留英文列:无面板字段引用、本表该列全空(2026-09-28 体检)——见《数据库规范》阶段 3 清理候选	生产许可证
bl_purchase_in	保质期到期日	历史遗留英文列:无面板字段引用、本表该列全空(2026-09-28 体检)——见《数据库规范》阶段 3 清理候选	保质期到期日
bl_purchase_in	有效期至	历史遗留英文列:无面板字段引用、本表该列全空(2026-09-28 体检)——见《数据库规范》阶段 3 清理候选	有效期至
bl_purchase_in	保质期类型	历史遗留英文列:无面板字段引用、本表该列全空(2026-09-28 体检)——见《数据库规范》阶段 3 清理候选	保质期类型
bl_purchase_in	保质期	历史遗留英文列:无面板字段引用、本表该列全空(2026-09-28 体检)——见《数据库规范》阶段 3 清理候选	保质期
bl_purchase_in	序列号清单	历史遗留英文列:无面板字段引用、本表该列全空(2026-09-28 体检)——见《数据库规范》阶段 3 清理候选	序列号清单
bl_purchase_in	序列号流转ID	历史遗留英文列:无面板字段引用、本表该列全空(2026-09-28 体检)——见《数据库规范》阶段 3 清理候选	序列号流转ID
bl_purchase_in	基本单位id	历史遗留英文列:无面板字段引用、本表该列全空(2026-09-28 体检)——见《数据库规范》阶段 3 清理候选	基本单位id
bl_purchase_in	基本单位名称	历史遗留英文列:无面板字段引用、本表该列全空(2026-09-28 体检)——见《数据库规范》阶段 3 清理候选	基本单位名称
bl_purchase_in	基本单位编码	历史遗留英文列:无面板字段引用、本表该列全空(2026-09-28 体检)——见《数据库规范》阶段 3 清理候选	基本单位编码
bl_purchase_in	单位id	历史遗留英文列:无面板字段引用、本表该列全空(2026-09-28 体检)——见《数据库规范》阶段 3 清理候选	单位id
bl_purchase_in	单位编码	历史遗留英文列:无面板字段引用、本表该列全空(2026-09-28 体检)——见《数据库规范》阶段 3 清理候选	单位编码
bl_purchase_in	辅助单位id	历史遗留英文列:无面板字段引用、本表该列全空(2026-09-28 体检)——见《数据库规范》阶段 3 清理候选	辅助单位id
bl_purchase_in	辅助单位编码	历史遗留英文列:无面板字段引用、本表该列全空(2026-09-28 体检)——见《数据库规范》阶段 3 清理候选	辅助单位编码
bl_purchase_in	换算率_conversion_rate	历史遗留英文列:无面板字段引用、本表该列全空(2026-09-28 体检)——见《数据库规范》阶段 3 清理候选	换算率_conversion_rate
bl_purchase_in	基本数量	历史遗留英文列:无面板字段引用、本表该列全空(2026-09-28 体检)——见《数据库规范》阶段 3 清理候选	基本数量
bl_purchase_in	库存基本数量	历史遗留英文列:无面板字段引用、本表该列全空(2026-09-28 体检)——见《数据库规范》阶段 3 清理候选	库存基本数量
bl_purchase_in	默认浮动数量	历史遗留英文列:无面板字段引用、本表该列全空(2026-09-28 体检)——见《数据库规范》阶段 3 清理候选	默认浮动数量
bl_purchase_in	辅助换算系数	历史遗留英文列:无面板字段引用、本表该列全空(2026-09-28 体检)——见《数据库规范》阶段 3 清理候选	辅助换算系数
bl_purchase_in	换算系数	历史遗留英文列:无面板字段引用、本表该列全空(2026-09-28 体检)——见《数据库规范》阶段 3 清理候选	换算系数
bl_purchase_in	折扣额	历史遗留英文列:无面板字段引用、本表该列全空(2026-09-28 体检)——见《数据库规范》阶段 3 清理候选	折扣额
bl_purchase_in	源单编号	历史遗留英文列:无面板字段引用、本表该列全空(2026-09-28 体检)——见《数据库规范》阶段 3 清理候选	源单编号
bl_purchase_in	源单类型id	历史遗留英文列:无面板字段引用、本表该列全空(2026-09-28 体检)——见《数据库规范》阶段 3 清理候选	源单类型id
bl_purchase_in	源单类型名称	历史遗留英文列:无面板字段引用、本表该列全空(2026-09-28 体检)——见《数据库规范》阶段 3 清理候选	源单类型名称
bl_purchase_in	源单类型编码	历史遗留英文列:无面板字段引用、本表该列全空(2026-09-28 体检)——见《数据库规范》阶段 3 清理候选	源单类型编码
bl_purchase_in	源单内部id	历史遗留英文列:无面板字段引用、本表该列全空(2026-09-28 体检)——见《数据库规范》阶段 3 清理候选	源单内部id
bl_purchase_in	源单日期	历史遗留英文列:无面板字段引用、本表该列全空(2026-09-28 体检)——见《数据库规范》阶段 3 清理候选	源单日期
bl_purchase_in	源单行号	采购订单行号(链路带入;金蝶同步时落 src_seq;转ERP 推送为 src_seq)	源单行号
bl_purchase_in	源单分录id	历史遗留英文列:无面板字段引用、本表该列全空(2026-09-28 体检)——见《数据库规范》阶段 3 清理候选	源单分录id
bl_purchase_in	分录结算状态	历史遗留英文列:无面板字段引用、本表该列全空(2026-09-28 体检)——见《数据库规范》阶段 3 清理候选	分录结算状态
bl_purchase_in	本次结算金额本位币	历史遗留英文列:无面板字段引用、本表该列全空(2026-09-28 体检)——见《数据库规范》阶段 3 清理候选	cur_settle_amount_for
bl_purchase_in	折扣率%	历史遗留英文列:无面板字段引用、本表该列全空(2026-09-28 体检)——见《数据库规范》阶段 3 清理候选	折扣率%
bl_purchase_in	成本视图	历史遗留英文列:无面板字段引用、本表该列全空(2026-09-28 体检)——见《数据库规范》阶段 3 清理候选	成本视图
bl_purchase_in	单位成本视图	历史遗留英文列:无面板字段引用、本表该列全空(2026-09-28 体检)——见《数据库规范》阶段 3 清理候选	单位成本视图
bl_purchase_in	退货数量	历史遗留英文列:无面板字段引用、本表该列全空(2026-09-28 体检)——见《数据库规范》阶段 3 清理候选	退货数量
bl_purchase_in	价税合计本位币	历史遗留英文列:无面板字段引用、本表该列全空(2026-09-28 体检)——见《数据库规范》阶段 3 清理候选	价税合计本位币
bl_purchase_in	是否赠品	历史遗留英文列:无面板字段引用、本表该列全空(2026-09-28 体检)——见《数据库规范》阶段 3 清理候选	是否赠品
bl_purchase_in	批次号	送料批次号(采购订单分批送料:批次号=采购订单号+3位序号;由生单自动生成,贯通暂收/检验/入库/退回)	送料批次号(明细):随单头一致,不可手工修改
rd_alkaline_detail		碱性测试行表	「碱性」明细行表
rd_alkaline_detail	单据编号	单号(面板字段列)	单据编号
rd_alkaline_detail	测试时间	历史遗留英文列:无面板字段引用、本表该列全空(2026-09-28 体检)——见《数据库规范》阶段 3 清理候选	测试时间
rd_alkaline_detail	测试流速	测试流速（L/min）(面板字段列)	测试流速（L/min）
rd_alkaline_detail	杯数	杯数(接水量100ml)(面板字段列)	杯数(接水量100ml)
rd_alkaline_detail	水温	水温（℃）(面板字段列)	水温（℃）
rd_alkaline_detail	RO水PH	历史遗留英文列:无面板字段引用、本表该列全空(2026-09-28 体检)——见《数据库规范》阶段 3 清理候选	RO水PH
rd_alkaline_detail	RO水TDS	历史遗留英文列:无面板字段引用、本表该列全空(2026-09-28 体检)——见《数据库规范》阶段 3 清理候选	RO水TDS
rd_alkaline_detail	滤芯出水PH	历史遗留英文列:无面板字段引用、本表该列全空(2026-09-28 体检)——见《数据库规范》阶段 3 清理候选	滤芯出水PH
rd_alkaline_detail	滤芯出水TDS	历史遗留英文列:无面板字段引用、本表该列全空(2026-09-28 体检)——见《数据库规范》阶段 3 清理候选	滤芯出水TDS
rd_alkaline_detail	PH提升值	历史遗留英文列:无面板字段引用、本表该列全空(2026-09-28 体检)——见《数据库规范》阶段 3 清理候选	PH提升值
rd_alkaline_detail	钠	历史遗留英文列:无面板字段引用、本表该列全空(2026-09-28 体检)——见《数据库规范》阶段 3 清理候选	钠
rd_alkaline_detail	镁	历史遗留英文列:无面板字段引用、本表该列全空(2026-09-28 体检)——见《数据库规范》阶段 3 清理候选	镁
rd_alkaline_detail	钾	历史遗留英文列:无面板字段引用、本表该列全空(2026-09-28 体检)——见《数据库规范》阶段 3 清理候选	钾
rd_alkaline_detail	钙	历史遗留英文列:无面板字段引用、本表该列全空(2026-09-28 体检)——见《数据库规范》阶段 3 清理候选	钙
rd_alkaline_detail	asp_user1	创建人	asp_user1
rd_alkaline_detail	asp_time1	创建时间	asp_time1
rd_alkaline_detail	asp_user2	最后修改人	asp_user2
rd_alkaline_detail	asp_time2	最后修改时间	asp_time2
rd_alkaline_detail	asp_cancel	删除标记	asp_cancel
bs_material_group	asp_user1	创建人	asp_user1
bs_material_group	asp_time1	创建时间	asp_time1
bs_material_group	asp_user2	最后修改人	asp_user2
bs_material_group	asp_time2	最后修改时间	asp_time2
bs_material_group	asp_cancel	删除标记	asp_cancel
bd_pu_order		采购订单头表	「采购订单」头表
bd_pu_order	单据编号	单号(面板字段列)	单据编号
bd_pu_order	项目	历史遗留英文列:无面板字段引用、本表该列全空(2026-09-28 体检)——见《数据库规范》阶段 3 清理候选	项目
bd_pu_order	到货地址	历史遗留英文列:无面板字段引用、本表该列全空(2026-09-28 体检)——见《数据库规范》阶段 3 清理候选	到货地址
bd_pu_order	合同号	历史遗留英文列:无面板字段引用、本表该列全空(2026-09-28 体检)——见《数据库规范》阶段 3 清理候选	合同号
bd_pu_order	付款方式	历史遗留英文列:无面板字段引用、本表该列全空(2026-09-28 体检)——见《数据库规范》阶段 3 清理候选	付款方式
bd_pu_order	备注	历史遗留英文列:无面板字段引用、本表该列全空(2026-09-28 体检)——见《数据库规范》阶段 3 清理候选	备注
bd_pu_order	审核人	审核人(流程)(面板字段列)	审核人
bd_pu_order	审批人	历史遗留英文列:无面板字段引用、本表该列全空(2026-09-28 体检)——见《数据库规范》阶段 3 清理候选	审批人
bd_pu_order	审批时间	历史遗留英文列:无面板字段引用、本表该列全空(2026-09-28 体检)——见《数据库规范》阶段 3 清理候选	审批时间
bd_pu_order	入库状态Z部分入库，C全部入库，A未入库	入库状态(面板字段列)	入库状态
bd_pu_order	实际出入库状态	历史遗留英文列:无面板字段引用、本表该列全空(2026-09-28 体检)——见《数据库规范》阶段 3 清理候选	实际出入库状态
bd_pu_order	delivery_type_id	历史遗留英文列:无面板字段引用、本表该列全空(2026-09-28 体检)——见《数据库规范》阶段 3 清理候选	delivery_type_id
bd_pu_order	交货方式	历史遗留英文列:无面板字段引用、本表该列全空(2026-09-28 体检)——见《数据库规范》阶段 3 清理候选	交货方式
bd_pu_order	delivery_type_number	历史遗留英文列:无面板字段引用、本表该列全空(2026-09-28 体检)——见《数据库规范》阶段 3 清理候选	delivery_type_number
bd_pu_order	客户id	历史遗留英文列:无面板字段引用、本表该列全空(2026-09-28 体检)——见《数据库规范》阶段 3 清理候选	客户id
bd_pu_order	客户名称	历史遗留英文列:无面板字段引用、本表该列全空(2026-09-28 体检)——见《数据库规范》阶段 3 清理候选	客户名称
bd_pu_order	客户编码	历史遗留英文列:无面板字段引用、本表该列全空(2026-09-28 体检)——见《数据库规范》阶段 3 清理候选	客户编码
bd_pu_order	供应商发货地址省份id	历史遗留英文列:无面板字段引用、本表该列全空(2026-09-28 体检)——见《数据库规范》阶段 3 清理候选	供应商发货地址省份id
bd_pu_order	供应商发货地址省份名称	历史遗留英文列:无面板字段引用、本表该列全空(2026-09-28 体检)——见《数据库规范》阶段 3 清理候选	供应商发货地址省份名称
bd_pu_order	供应商发货地址省份编码	历史遗留英文列:无面板字段引用、本表该列全空(2026-09-28 体检)——见《数据库规范》阶段 3 清理候选	供应商发货地址省份编码
bd_pu_order	供应商发货地址市区id	历史遗留英文列:无面板字段引用、本表该列全空(2026-09-28 体检)——见《数据库规范》阶段 3 清理候选	供应商发货地址市区id
bd_pu_order	供应商发货地址市区名称	历史遗留英文列:无面板字段引用、本表该列全空(2026-09-28 体检)——见《数据库规范》阶段 3 清理候选	供应商发货地址市区名称
bd_pu_order	供应商发货地址市区编码	历史遗留英文列:无面板字段引用、本表该列全空(2026-09-28 体检)——见《数据库规范》阶段 3 清理候选	供应商发货地址市区编码
bd_pu_order	供应商发货地址区县id	历史遗留英文列:无面板字段引用、本表该列全空(2026-09-28 体检)——见《数据库规范》阶段 3 清理候选	供应商发货地址区县id
bd_pu_order	供应商发货地址区县名称	历史遗留英文列:无面板字段引用、本表该列全空(2026-09-28 体检)——见《数据库规范》阶段 3 清理候选	供应商发货地址区县名称
bd_pu_order	供应商发货地址区县编码	历史遗留英文列:无面板字段引用、本表该列全空(2026-09-28 体检)——见《数据库规范》阶段 3 清理候选	供应商发货地址区县编码
bd_pu_order	联系地址	历史遗留英文列:无面板字段引用、本表该列全空(2026-09-28 体检)——见《数据库规范》阶段 3 清理候选	联系地址
bd_pu_order	结算期限id	历史遗留英文列:无面板字段引用、本表该列全空(2026-09-28 体检)——见《数据库规范》阶段 3 清理候选	结算期限id
bd_pu_order	结算期限编码	历史遗留英文列:无面板字段引用、本表该列全空(2026-09-28 体检)——见《数据库规范》阶段 3 清理候选	结算期限编码
bd_pu_order	收货地址人	历史遗留英文列:无面板字段引用、本表该列全空(2026-09-28 体检)——见《数据库规范》阶段 3 清理候选	收货地址人
bd_pu_order	收货地址联系电话	历史遗留英文列:无面板字段引用、本表该列全空(2026-09-28 体检)——见《数据库规范》阶段 3 清理候选	收货地址联系电话
bd_pu_order	收货地址-详细地址	历史遗留英文列:无面板字段引用、本表该列全空(2026-09-28 体检)——见《数据库规范》阶段 3 清理候选	收货地址-详细地址
bd_pu_order	收货地址-省ID	历史遗留英文列:无面板字段引用、本表该列全空(2026-09-28 体检)——见《数据库规范》阶段 3 清理候选	收货地址-省ID
bd_pu_order	收货地址省份名称	历史遗留英文列:无面板字段引用、本表该列全空(2026-09-28 体检)——见《数据库规范》阶段 3 清理候选	收货地址省份名称
bd_pu_order	收货地址省份编码	历史遗留英文列:无面板字段引用、本表该列全空(2026-09-28 体检)——见《数据库规范》阶段 3 清理候选	收货地址省份编码
bd_pu_order	收货地址-市ID	历史遗留英文列:无面板字段引用、本表该列全空(2026-09-28 体检)——见《数据库规范》阶段 3 清理候选	收货地址-市ID
bd_pu_order	收货地址市区名称	历史遗留英文列:无面板字段引用、本表该列全空(2026-09-28 体检)——见《数据库规范》阶段 3 清理候选	收货地址市区名称
bd_pu_order	收货地址区编码	历史遗留英文列:无面板字段引用、本表该列全空(2026-09-28 体检)——见《数据库规范》阶段 3 清理候选	收货地址区编码
bd_pu_order	收货地址-区ID	历史遗留英文列:无面板字段引用、本表该列全空(2026-09-28 体检)——见《数据库规范》阶段 3 清理候选	收货地址-区ID
bd_pu_order	收货地址区县名称	历史遗留英文列:无面板字段引用、本表该列全空(2026-09-28 体检)——见《数据库规范》阶段 3 清理候选	收货地址区县名称
bd_pu_order	收货地址区县编码	历史遗留英文列:无面板字段引用、本表该列全空(2026-09-28 体检)——见《数据库规范》阶段 3 清理候选	收货地址区县编码
bd_pu_order	采购费用明细	历史遗留英文列:无面板字段引用、本表该列全空(2026-09-28 体检)——见《数据库规范》阶段 3 清理候选	采购费用明细
bd_pu_order	附件1	单据附件列位(与送料暂收单同款:页面单格聚合,上传按序占位,文件实体存 yj_attachment)	附件1
bd_pu_order	附件2	单据附件列位(与送料暂收单同款:页面单格聚合,上传按序占位,文件实体存 yj_attachment)	附件2
bd_pu_order	附件3	单据附件列位(与送料暂收单同款:页面单格聚合,上传按序占位,文件实体存 yj_attachment)	附件3
bd_pu_order	附件4	单据附件列位(与送料暂收单同款:页面单格聚合,上传按序占位,文件实体存 yj_attachment)	附件4
bd_pu_order	附件5	单据附件列位(与送料暂收单同款:页面单格聚合,上传按序占位,文件实体存 yj_attachment)	附件5
bd_pu_order	附件6	单据附件列位(与送料暂收单同款:页面单格聚合,上传按序占位,文件实体存 yj_attachment)	附件6
rd_mineral_head		矿化测试头表	「矿化」头表
rd_mineral_head	单据编号	单号(面板字段列)	单据编号
rd_mineral_head	单据日期	单据日期(空白草稿自动填当天)	单据日期
rd_mineral_head	文档编号	历史遗留英文列:无面板字段引用、本表该列全空(2026-09-28 体检)——见《数据库规范》阶段 3 清理候选	文档编号
rd_mineral_head	密级	历史遗留英文列:无面板字段引用、本表该列全空(2026-09-28 体检)——见《数据库规范》阶段 3 清理候选	密级
rd_mineral_head	适用范围	历史遗留英文列:无面板字段引用、本表该列全空(2026-09-28 体检)——见《数据库规范》阶段 3 清理候选	适用范围
rd_mineral_head	测试负责人	历史遗留英文列:无面板字段引用、本表该列全空(2026-09-28 体检)——见《数据库规范》阶段 3 清理候选	测试负责人
rd_mineral_head	报告编号	历史遗留英文列:无面板字段引用、本表该列全空(2026-09-28 体检)——见《数据库规范》阶段 3 清理候选	报告编号
rd_mineral_head	测试主题	历史遗留英文列:无面板字段引用、本表该列全空(2026-09-28 体检)——见《数据库规范》阶段 3 清理候选	测试主题
rd_mineral_head	测试目的/背景	历史遗留英文列:无面板字段引用、本表该列全空(2026-09-28 体检)——见《数据库规范》阶段 3 清理候选	测试目的/背景
rd_mineral_head	产品规格	历史遗留英文列:无面板字段引用、本表该列全空(2026-09-28 体检)——见《数据库规范》阶段 3 清理候选	产品规格
rd_mineral_head	本次试验目的	历史遗留英文列:无面板字段引用、本表该列全空(2026-09-28 体检)——见《数据库规范》阶段 3 清理候选	本次试验目的
rd_mineral_head	测试仪器	历史遗留英文列:无面板字段引用、本表该列全空(2026-09-28 体检)——见《数据库规范》阶段 3 清理候选	测试仪器
rd_mineral_head	测试装置	历史遗留英文列:无面板字段引用、本表该列全空(2026-09-28 体检)——见《数据库规范》阶段 3 清理候选	测试装置
rd_mineral_head	测试标准	历史遗留英文列:无面板字段引用、本表该列全空(2026-09-28 体检)——见《数据库规范》阶段 3 清理候选	测试标准
rd_mineral_head	测试方法	历史遗留英文列:无面板字段引用、本表该列全空(2026-09-28 体检)——见《数据库规范》阶段 3 清理候选	测试方法
rd_mineral_head	备注	历史遗留英文列:无面板字段引用、本表该列全空(2026-09-28 体检)——见《数据库规范》阶段 3 清理候选	备注
rd_mineral_head	asp_user1	创建人	asp_user1
rd_mineral_head	asp_time1	创建时间	asp_time1
rd_mineral_head	asp_user2	最后修改人	asp_user2
rd_mineral_head	asp_time2	最后修改时间	asp_time2
rd_mineral_head	asp_cancel	删除标记	asp_cancel
sample_req_detail		样品申请单行表(样品种类/规格/打样背景/交期)	「样品申请单」明细行表
sample_req_detail	asp_user1	创建人	asp_user1
sample_req_detail	asp_time1	创建时间	asp_time1
sample_req_detail	asp_user2	最后修改人	asp_user2
sample_req_detail	asp_time2	最后修改时间	asp_time2
sample_req_detail	asp_cancel	删除标记	asp_cancel
bs_currency	asp_user1	创建人	asp_user1
bs_currency	asp_time1	创建时间	asp_time1
bs_currency	asp_user2	最后修改人	asp_user2
bs_currency	asp_time2	最后修改时间	asp_time2
bs_currency	asp_cancel	删除标记	asp_cancel
bl_pu_order		采购订单行表	「采购订单」明细行表
bl_pu_order	单据编号	单号(面板字段列)	单据编号
bl_pu_order	仓库	历史遗留英文列:无面板字段引用、本表该列全空(2026-09-28 体检)——见《数据库规范》阶段 3 清理候选	仓库
bl_pu_order	现存量说明	历史遗留英文列:无面板字段引用、本表该列全空(2026-09-28 体检)——见《数据库规范》阶段 3 清理候选	现存量说明
bl_pu_order	图片url	历史遗留英文列:无面板字段引用、本表该列全空(2026-09-28 体检)——见《数据库规范》阶段 3 清理候选	图片url
bl_pu_order	商品助记码	历史遗留英文列:无面板字段引用、本表该列全空(2026-09-28 体检)——见《数据库规范》阶段 3 清理候选	商品助记码
bl_pu_order	仓库id	历史遗留英文列:无面板字段引用、本表该列全空(2026-09-28 体检)——见《数据库规范》阶段 3 清理候选	仓库id
bl_pu_order	仓库编码	历史遗留英文列:无面板字段引用、本表该列全空(2026-09-28 体检)——见《数据库规范》阶段 3 清理候选	仓库编码
bl_pu_order	仓位id	历史遗留英文列:无面板字段引用、本表该列全空(2026-09-28 体检)——见《数据库规范》阶段 3 清理候选	仓位id
bl_pu_order	仓位名称	历史遗留英文列:无面板字段引用、本表该列全空(2026-09-28 体检)——见《数据库规范》阶段 3 清理候选	仓位名称
bl_pu_order	仓位编码	历史遗留英文列:无面板字段引用、本表该列全空(2026-09-28 体检)——见《数据库规范》阶段 3 清理候选	仓位编码
bl_pu_order	辅助属性id	历史遗留英文列:无面板字段引用、本表该列全空(2026-09-28 体检)——见《数据库规范》阶段 3 清理候选	辅助属性id
bl_pu_order	辅助属性名称	历史遗留英文列:无面板字段引用、本表该列全空(2026-09-28 体检)——见《数据库规范》阶段 3 清理候选	辅助属性名称
bl_pu_order	辅助属性编码	历史遗留英文列:无面板字段引用、本表该列全空(2026-09-28 体检)——见《数据库规范》阶段 3 清理候选	辅助属性编码
bl_pu_order	辅助属性1id	历史遗留英文列:无面板字段引用、本表该列全空(2026-09-28 体检)——见《数据库规范》阶段 3 清理候选	辅助属性1id
bl_pu_order	辅助属性1名称	历史遗留英文列:无面板字段引用、本表该列全空(2026-09-28 体检)——见《数据库规范》阶段 3 清理候选	辅助属性1名称
bl_pu_order	辅助属性1编码	历史遗留英文列:无面板字段引用、本表该列全空(2026-09-28 体检)——见《数据库规范》阶段 3 清理候选	辅助属性1编码
bl_pu_order	辅助属性2id	历史遗留英文列:无面板字段引用、本表该列全空(2026-09-28 体检)——见《数据库规范》阶段 3 清理候选	辅助属性2id
bl_pu_order	辅助属性2名称	历史遗留英文列:无面板字段引用、本表该列全空(2026-09-28 体检)——见《数据库规范》阶段 3 清理候选	辅助属性2名称
bl_pu_order	辅助属性2编码	历史遗留英文列:无面板字段引用、本表该列全空(2026-09-28 体检)——见《数据库规范》阶段 3 清理候选	辅助属性2编码
bl_pu_order	辅助属性3id	历史遗留英文列:无面板字段引用、本表该列全空(2026-09-28 体检)——见《数据库规范》阶段 3 清理候选	辅助属性3id
bl_pu_order	辅助属性3名称	历史遗留英文列:无面板字段引用、本表该列全空(2026-09-28 体检)——见《数据库规范》阶段 3 清理候选	辅助属性3名称
bl_pu_order	辅助属性3编码	历史遗留英文列:无面板字段引用、本表该列全空(2026-09-28 体检)——见《数据库规范》阶段 3 清理候选	辅助属性3编码
bl_pu_order	条形码	历史遗留英文列:无面板字段引用、本表该列全空(2026-09-28 体检)——见《数据库规范》阶段 3 清理候选	条形码
bl_pu_order	批次号	历史遗留英文列:无面板字段引用、本表该列全空(2026-09-28 体检)——见《数据库规范》阶段 3 清理候选	批次号
bl_pu_order	产地	历史遗留英文列:无面板字段引用、本表该列全空(2026-09-28 体检)——见《数据库规范》阶段 3 清理候选	产地
bl_pu_order	注册证号	历史遗留英文列:无面板字段引用、本表该列全空(2026-09-28 体检)——见《数据库规范》阶段 3 清理候选	注册证号
bl_pu_order	生产许可证号	历史遗留英文列:无面板字段引用、本表该列全空(2026-09-28 体检)——见《数据库规范》阶段 3 清理候选	生产许可证号
bl_pu_order	序列号格式	历史遗留英文列:无面板字段引用、本表该列全空(2026-09-28 体检)——见《数据库规范》阶段 3 清理候选	序列号格式
bl_pu_order	序列号流转ID	历史遗留英文列:无面板字段引用、本表该列全空(2026-09-28 体检)——见《数据库规范》阶段 3 清理候选	序列号流转ID
bl_pu_order	源单id	历史遗留英文列:无面板字段引用、本表该列全空(2026-09-28 体检)——见《数据库规范》阶段 3 清理候选	源单id
bl_pu_order	源单id_src_bill_no	历史遗留英文列:无面板字段引用、本表该列全空(2026-09-28 体检)——见《数据库规范》阶段 3 清理候选	源单id_src_bill_no
bl_pu_order	源单类型id	历史遗留英文列:无面板字段引用、本表该列全空(2026-09-28 体检)——见《数据库规范》阶段 3 清理候选	源单类型id
bl_pu_order	源单类型名称	历史遗留英文列:无面板字段引用、本表该列全空(2026-09-28 体检)——见《数据库规范》阶段 3 清理候选	源单类型名称
bl_pu_order	源单类型编码	历史遗留英文列:无面板字段引用、本表该列全空(2026-09-28 体检)——见《数据库规范》阶段 3 清理候选	源单类型编码
bl_pu_order	源单日期	历史遗留英文列:无面板字段引用、本表该列全空(2026-09-28 体检)——见《数据库规范》阶段 3 清理候选	源单日期
bl_pu_order	源单行号	采购订单行号(面板字段列)	源单行号
bl_pu_order	供应商商品编码	历史遗留英文列:无面板字段引用、本表该列全空(2026-09-28 体检)——见《数据库规范》阶段 3 清理候选	供应商商品编码
bl_pu_order	供应商商品名称	历史遗留英文列:无面板字段引用、本表该列全空(2026-09-28 体检)——见《数据库规范》阶段 3 清理候选	供应商商品名称
bl_pu_order	保质期到期日	历史遗留英文列:无面板字段引用、本表该列全空(2026-09-28 体检)——见《数据库规范》阶段 3 清理候选	保质期到期日
bl_pu_order	有效期至	历史遗留英文列:无面板字段引用、本表该列全空(2026-09-28 体检)——见《数据库规范》阶段 3 清理候选	有效期至
bl_pu_order	保质期单位类型	历史遗留英文列:无面板字段引用、本表该列全空(2026-09-28 体检)——见《数据库规范》阶段 3 清理候选	保质期单位类型
rod_return		炭棒不良退货登记头表	「炭棒不良退货登记」头表
rod_return	单据日期	单据日期(空白草稿自动填当天)	单据日期
rod_return	asp_user1	创建人	asp_user1
rod_return	asp_time1	创建时间	asp_time1
rod_return	asp_user2	最后修改人	asp_user2
rod_return	asp_time2	最后修改时间	asp_time2
rod_return	asp_cancel	删除标记	asp_cancel
rd_mineral_detail		矿化测试行表	「矿化」明细行表
rd_mineral_detail	单据编号	单号(面板字段列)	单据编号
rd_mineral_detail	指标	历史遗留英文列:无面板字段引用、本表该列全空(2026-09-28 体检)——见《数据库规范》阶段 3 清理候选	指标
rd_mineral_detail	测试日期	历史遗留英文列:无面板字段引用、本表该列全空(2026-09-28 体检)——见《数据库规范》阶段 3 清理候选	测试日期
rd_mineral_detail	累计流量	累计流量L(面板字段列)	累计流量（L）
rd_mineral_detail	RO出水	历史遗留英文列:无面板字段引用、本表该列全空(2026-09-28 体检)——见《数据库规范》阶段 3 清理候选	RO出水
rd_mineral_detail	浸泡30min	历史遗留英文列:无面板字段引用、本表该列全空(2026-09-28 体检)——见《数据库规范》阶段 3 清理候选	浸泡30min
rd_mineral_detail	浸泡30min煮沸晾凉	历史遗留英文列:无面板字段引用、本表该列全空(2026-09-28 体检)——见《数据库规范》阶段 3 清理候选	浸泡30min煮沸晾凉
rd_mineral_detail	asp_user1	创建人	asp_user1
rd_mineral_detail	asp_time1	创建时间	asp_time1
rd_mineral_detail	asp_user2	最后修改人	asp_user2
rd_mineral_detail	asp_time2	最后修改时间	asp_time2
rd_mineral_detail	asp_cancel	删除标记	asp_cancel
qc_insp_req	备用1	预留扩展字段(未绑定)	折叠棉扩展池 1/20(未绑定)
qc_insp_req	备用2	预留扩展字段(未绑定)	折叠棉扩展池 2/20(未绑定)
qc_insp_req	备用3	预留扩展字段(未绑定)	折叠棉扩展池 3/20(未绑定)
qc_insp_req	备用4	预留扩展字段(未绑定)	折叠棉扩展池 4/20(未绑定)
qc_insp_req	备用5	预留扩展字段(未绑定)	折叠棉扩展池 5/20(未绑定)
qc_insp_req	备用6	预留扩展字段(未绑定)	折叠棉扩展池 6/20(未绑定)
qc_insp_req	备用7	预留扩展字段(未绑定)	折叠棉扩展池 7/20(未绑定)
qc_insp_req	备用8	预留扩展字段(未绑定)	折叠棉扩展池 8/20(未绑定)
qc_insp_req	备用9	预留扩展字段(未绑定)	折叠棉扩展池 9/20(未绑定)
qc_insp_req	备用10	预留扩展字段(未绑定)	折叠棉扩展池 10/20(未绑定)
qc_insp_req	备用11	预留扩展字段(未绑定)	折叠棉扩展池 11/20(未绑定)
qc_insp_req	备用12	预留扩展字段(未绑定)	折叠棉扩展池 12/20(未绑定)
qc_insp_req	备用13	预留扩展字段(未绑定)	折叠棉扩展池 13/20(未绑定)
qc_insp_req	备用14	预留扩展字段(未绑定)	折叠棉扩展池 14/20(未绑定)
qc_insp_req	备用15	预留扩展字段(未绑定)	折叠棉扩展池 15/20(未绑定)
qc_insp_req	备用16	预留扩展字段(未绑定)	折叠棉扩展池 16/20(未绑定)
qc_insp_req	备用17	预留扩展字段(未绑定)	折叠棉扩展池 17/20(未绑定)
qc_insp_req	备用18	预留扩展字段(未绑定)	折叠棉扩展池 18/20(未绑定)
qc_insp_req	备用19	预留扩展字段(未绑定)	折叠棉扩展池 19/20(未绑定)
qc_insp_req	备用20	预留扩展字段(未绑定)	折叠棉扩展池 20/20(未绑定)
bd_pu_req		请购单头表	「请购单」头表
bd_pu_req	单据日期	单据日期(空白草稿自动填当天)	单据日期
bd_pu_req	单据编号	单号(面板字段列)	单据编号
bd_pu_req	部门	历史遗留英文列:无面板字段引用、本表该列全空(2026-09-28 体检)——见《数据库规范》阶段 3 清理候选	部门
bd_pu_req	请购人	历史遗留英文列:无面板字段引用、本表该列全空(2026-09-28 体检)——见《数据库规范》阶段 3 清理候选	请购人
bd_pu_req	项目	历史遗留英文列:无面板字段引用、本表该列全空(2026-09-28 体检)——见《数据库规范》阶段 3 清理候选	项目
bd_pu_req	建议供应商编码	历史遗留英文列:无面板字段引用、本表该列全空(2026-09-28 体检)——见《数据库规范》阶段 3 清理候选	建议供应商编码
bd_pu_req	建议供应商	历史遗留英文列:无面板字段引用、本表该列全空(2026-09-28 体检)——见《数据库规范》阶段 3 清理候选	建议供应商
bd_pu_req	建议供应商简称	历史遗留英文列:无面板字段引用、本表该列全空(2026-09-28 体检)——见《数据库规范》阶段 3 清理候选	建议供应商简称
bd_pu_req	收货人	历史遗留英文列:无面板字段引用、本表该列全空(2026-09-28 体检)——见《数据库规范》阶段 3 清理候选	收货人
bd_pu_req	电话	历史遗留英文列:无面板字段引用、本表该列全空(2026-09-28 体检)——见《数据库规范》阶段 3 清理候选	电话
bd_pu_req	需求日期	历史遗留英文列:无面板字段引用、本表该列全空(2026-09-28 体检)——见《数据库规范》阶段 3 清理候选	需求日期
bd_pu_req	到货地址	历史遗留英文列:无面板字段引用、本表该列全空(2026-09-28 体检)——见《数据库规范》阶段 3 清理候选	到货地址
bd_pu_req	销售订单号	历史遗留英文列:无面板字段引用、本表该列全空(2026-09-28 体检)——见《数据库规范》阶段 3 清理候选	销售订单号
bd_pu_req	外部单据号	历史遗留英文列:无面板字段引用、本表该列全空(2026-09-28 体检)——见《数据库规范》阶段 3 清理候选	外部单据号
bd_pu_req	来源单据	历史遗留英文列:无面板字段引用、本表该列全空(2026-09-28 体检)——见《数据库规范》阶段 3 清理候选	来源单据
bd_pu_req	来源单号	历史遗留英文列:无面板字段引用、本表该列全空(2026-09-28 体检)——见《数据库规范》阶段 3 清理候选	来源单号
bd_pu_req	折扣	历史遗留英文列:无面板字段引用、本表该列全空(2026-09-28 体检)——见《数据库规范》阶段 3 清理候选	折扣
bd_pu_req	总金额	历史遗留英文列:无面板字段引用、本表该列全空(2026-09-28 体检)——见《数据库规范》阶段 3 清理候选	总金额
bd_pu_req	含税总金额	历史遗留英文列:无面板字段引用、本表该列全空(2026-09-28 体检)——见《数据库规范》阶段 3 清理候选	含税总金额
bd_pu_req	备注	历史遗留英文列:无面板字段引用、本表该列全空(2026-09-28 体检)——见《数据库规范》阶段 3 清理候选	备注
bd_pu_req	单据状态	历史遗留英文列:无面板字段引用、本表该列全空(2026-09-28 体检)——见《数据库规范》阶段 3 清理候选	单据状态
bd_pu_req	审核人	审核人(流程)(面板字段列)	审核人
bd_pu_req	审核时间	历史遗留英文列:无面板字段引用、本表该列全空(2026-09-28 体检)——见《数据库规范》阶段 3 清理候选	审核时间
bd_pu_req	审批人	历史遗留英文列:无面板字段引用、本表该列全空(2026-09-28 体检)——见《数据库规范》阶段 3 清理候选	审批人
bd_pu_req	审批时间	历史遗留英文列:无面板字段引用、本表该列全空(2026-09-28 体检)——见《数据库规范》阶段 3 清理候选	审批时间
bd_pu_req	asp_user1	创建人	asp_user1
bd_pu_req	asp_time1	创建时间	asp_time1
bd_pu_req	asp_user2	最后修改人	asp_user2
bd_pu_req	asp_time2	最后修改时间	asp_time2
bd_pu_req	asp_cancel	删除标记	asp_cancel
bs_dept		部门档案(遗留,组织架构用yj_dept)	「部门」明细行表
bs_dept	电话	历史遗留英文列:无面板字段引用、本表该列全空(2026-09-28 体检)——见《数据库规范》阶段 3 清理候选	电话
rd_antibact_head		抑菌测试头表	「抑菌」头表
rd_antibact_head	单据编号	单号(面板字段列)	单据编号
rd_antibact_head	单据日期	单据日期(空白草稿自动填当天)	单据日期
rd_antibact_head	备注	历史遗留英文列:无面板字段引用、本表该列全空(2026-09-28 体检)——见《数据库规范》阶段 3 清理候选	备注
rd_antibact_head	asp_user1	创建人	asp_user1
rd_antibact_head	asp_time1	创建时间	asp_time1
rd_antibact_head	asp_user2	最后修改人	asp_user2
rd_antibact_head	asp_time2	最后修改时间	asp_time2
rd_antibact_head	asp_cancel	删除标记	asp_cancel
gran_record_detail	asp_cancel	删除标记	asp_cancel
gran_record_detail	asp_user1	创建人	asp_user1
gran_record_detail	asp_user2	最后修改人	asp_user2
gran_record_detail	asp_time1	创建时间	asp_time1
gran_record_detail	asp_time2	最后修改时间	asp_time2
rd_change_head	单据日期	单据日期(空白草稿自动填当天)	日期(面板字段列)
rd_change_head	变更来源单号	本版由哪张产品变更申请单(RD_CHANGE)生效生成的下一版草稿(系统写入,人工不可改)	历史遗留英文列:无面板字段引用、本表该列全空(2026-09-28 体检)——见《数据库规范》阶段 3 清理候选
bl_pu_req		请购单行表	「请购单」明细行表
bl_pu_req	单据编号	单号(面板字段列)	单据编号
bl_pu_req	存货编码	历史遗留英文列:无面板字段引用、本表该列全空(2026-09-28 体检)——见《数据库规范》阶段 3 清理候选	存货编码
bl_pu_req	存货名称	历史遗留英文列:无面板字段引用、本表该列全空(2026-09-28 体检)——见《数据库规范》阶段 3 清理候选	存货名称
bl_pu_req	规格型号	历史遗留英文列:无面板字段引用、本表该列全空(2026-09-28 体检)——见《数据库规范》阶段 3 清理候选	规格型号
bl_pu_req	版本号	历史遗留英文列:无面板字段引用、本表该列全空(2026-09-28 体检)——见《数据库规范》阶段 3 清理候选	版本号
bl_pu_req	采购单位	历史遗留英文列:无面板字段引用、本表该列全空(2026-09-28 体检)——见《数据库规范》阶段 3 清理候选	采购单位
bl_pu_req	数量	历史遗留英文列:无面板字段引用、本表该列全空(2026-09-28 体检)——见《数据库规范》阶段 3 清理候选	数量
bl_pu_req	数量2	历史遗留英文列:无面板字段引用、本表该列全空(2026-09-28 体检)——见《数据库规范》阶段 3 清理候选	数量2
bl_pu_req	建议供应商	历史遗留英文列:无面板字段引用、本表该列全空(2026-09-28 体检)——见《数据库规范》阶段 3 清理候选	建议供应商
bl_pu_req	报价	历史遗留英文列:无面板字段引用、本表该列全空(2026-09-28 体检)——见《数据库规范》阶段 3 清理候选	报价
bl_pu_req	单价	历史遗留英文列:无面板字段引用、本表该列全空(2026-09-28 体检)——见《数据库规范》阶段 3 清理候选	单价
bl_pu_req	含税单价	历史遗留英文列:无面板字段引用、本表该列全空(2026-09-28 体检)——见《数据库规范》阶段 3 清理候选	含税单价
bl_pu_req	税率%	历史遗留英文列:无面板字段引用、本表该列全空(2026-09-28 体检)——见《数据库规范》阶段 3 清理候选	税率%
bl_pu_req	金额	历史遗留英文列:无面板字段引用、本表该列全空(2026-09-28 体检)——见《数据库规范》阶段 3 清理候选	金额
bl_pu_req	含税金额	历史遗留英文列:无面板字段引用、本表该列全空(2026-09-28 体检)——见《数据库规范》阶段 3 清理候选	含税金额
bl_pu_req	需求日期	历史遗留英文列:无面板字段引用、本表该列全空(2026-09-28 体检)——见《数据库规范》阶段 3 清理候选	需求日期
bl_pu_req	来源单据	历史遗留英文列:无面板字段引用、本表该列全空(2026-09-28 体检)——见《数据库规范》阶段 3 清理候选	来源单据
bl_pu_req	来源单号	历史遗留英文列:无面板字段引用、本表该列全空(2026-09-28 体检)——见《数据库规范》阶段 3 清理候选	来源单号
bl_pu_req	现存量	历史遗留英文列:无面板字段引用、本表该列全空(2026-09-28 体检)——见《数据库规范》阶段 3 清理候选	现存量
bl_pu_req	现存量说明	历史遗留英文列:无面板字段引用、本表该列全空(2026-09-28 体检)——见《数据库规范》阶段 3 清理候选	现存量说明
bl_pu_req	是否带票	历史遗留英文列:无面板字段引用、本表该列全空(2026-09-28 体检)——见《数据库规范》阶段 3 清理候选	是否带票
bl_pu_req	备注	历史遗留英文列:无面板字段引用、本表该列全空(2026-09-28 体检)——见《数据库规范》阶段 3 清理候选	备注
bl_pu_req	asp_user1	创建人	asp_user1
bl_pu_req	asp_time1	创建时间	asp_time1
bl_pu_req	asp_cancel	删除标记	asp_cancel
bl_pu_req	asp_user2	最后修改人	asp_user2
bl_pu_req	asp_time2	最后修改时间	asp_time2
bs_emp		员工档案(遗留,组织架构用yj_user)	「职员」明细行表
bs_emp	备注	历史遗留英文列:无面板字段引用、本表该列全空(2026-09-28 体检)——见《数据库规范》阶段 3 清理候选	备注
bs_emp	入职日期	历史遗留英文列:无面板字段引用、本表该列全空(2026-09-28 体检)——见《数据库规范》阶段 3 清理候选	入职日期
bs_emp	离职日期	历史遗留英文列:无面板字段引用、本表该列全空(2026-09-28 体检)——见《数据库规范》阶段 3 清理候选	离职日期
bs_emp	邮箱	历史遗留英文列:无面板字段引用、本表该列全空(2026-09-28 体检)——见《数据库规范》阶段 3 清理候选	邮箱
bs_emp	生日	历史遗留英文列:无面板字段引用、本表该列全空(2026-09-28 体检)——见《数据库规范》阶段 3 清理候选	生日
bs_emp	微信	历史遗留英文列:无面板字段引用、本表该列全空(2026-09-28 体检)——见《数据库规范》阶段 3 清理候选	微信
bs_emp	结算账户id	历史遗留英文列:无面板字段引用、本表该列全空(2026-09-28 体检)——见《数据库规范》阶段 3 清理候选	结算账户id
bs_emp	结算类型id	历史遗留英文列:无面板字段引用、本表该列全空(2026-09-28 体检)——见《数据库规范》阶段 3 清理候选	结算类型id
wh_record_detail	asp_cancel	删除标记	asp_cancel
wh_record_detail	asp_user1	创建人	asp_user1
wh_record_detail	asp_user2	最后修改人	asp_user2
wh_record_detail	asp_time1	创建时间	asp_time1
wh_record_detail	asp_time2	最后修改时间	asp_time2
bd_sale_out		销售出库单头表(审核过账kucun出库) (禁用)	「销售出库单」头表
bd_sale_out	单据日期	历史遗留英文列:无面板字段引用、本表该列全空(2026-09-28 体检)——见《数据库规范》阶段 3 清理候选	单据日期
bd_sale_out	单据编号	单号(面板字段列)	单据编号
bd_sale_out	业务类型	历史遗留英文列:无面板字段引用、本表该列全空(2026-09-28 体检)——见《数据库规范》阶段 3 清理候选	业务类型
bd_sale_out	出库类别	历史遗留英文列:无面板字段引用、本表该列全空(2026-09-28 体检)——见《数据库规范》阶段 3 清理候选	出库类别
bd_sale_out	客户	历史遗留英文列:无面板字段引用、本表该列全空(2026-09-28 体检)——见《数据库规范》阶段 3 清理候选	客户
bd_sale_out	客户简称	历史遗留英文列:无面板字段引用、本表该列全空(2026-09-28 体检)——见《数据库规范》阶段 3 清理候选	客户简称
bd_sale_out	结算客户	历史遗留英文列:无面板字段引用、本表该列全空(2026-09-28 体检)——见《数据库规范》阶段 3 清理候选	结算客户
bd_sale_out	经手人	历史遗留英文列:无面板字段引用、本表该列全空(2026-09-28 体检)——见《数据库规范》阶段 3 清理候选	经手人
bd_sale_out	验货人	历史遗留英文列:无面板字段引用、本表该列全空(2026-09-28 体检)——见《数据库规范》阶段 3 清理候选	验货人
bd_sale_out	项目	历史遗留英文列:无面板字段引用、本表该列全空(2026-09-28 体检)——见《数据库规范》阶段 3 清理候选	项目
bd_sale_out	仓库	历史遗留英文列:无面板字段引用、本表该列全空(2026-09-28 体检)——见《数据库规范》阶段 3 清理候选	仓库
bd_sale_out	送货地址	历史遗留英文列:无面板字段引用、本表该列全空(2026-09-28 体检)——见《数据库规范》阶段 3 清理候选	送货地址
bd_sale_out	发货单号	历史遗留英文列:无面板字段引用、本表该列全空(2026-09-28 体检)——见《数据库规范》阶段 3 清理候选	发货单号
bd_sale_out	发货日期	历史遗留英文列:无面板字段引用、本表该列全空(2026-09-28 体检)——见《数据库规范》阶段 3 清理候选	发货日期
bd_sale_out	来源单号	历史遗留英文列:无面板字段引用、本表该列全空(2026-09-28 体检)——见《数据库规范》阶段 3 清理候选	来源单号
bd_sale_out	部门	历史遗留英文列:无面板字段引用、本表该列全空(2026-09-28 体检)——见《数据库规范》阶段 3 清理候选	部门
bd_sale_out	门店	历史遗留英文列:无面板字段引用、本表该列全空(2026-09-28 体检)——见《数据库规范》阶段 3 清理候选	门店
bd_sale_out	匹配来源单号	历史遗留英文列:无面板字段引用、本表该列全空(2026-09-28 体检)——见《数据库规范》阶段 3 清理候选	匹配来源单号
bd_sale_out	验货日期	历史遗留英文列:无面板字段引用、本表该列全空(2026-09-28 体检)——见《数据库规范》阶段 3 清理候选	验货日期
bd_sale_out	发货人	历史遗留英文列:无面板字段引用、本表该列全空(2026-09-28 体检)——见《数据库规范》阶段 3 清理候选	发货人
bd_sale_out	收货仓库	历史遗留英文列:无面板字段引用、本表该列全空(2026-09-28 体检)——见《数据库规范》阶段 3 清理候选	收货仓库
bd_sale_out	来源单据	历史遗留英文列:无面板字段引用、本表该列全空(2026-09-28 体检)——见《数据库规范》阶段 3 清理候选	来源单据
bd_sale_out	外部单据号	历史遗留英文列:无面板字段引用、本表该列全空(2026-09-28 体检)——见《数据库规范》阶段 3 清理候选	外部单据号
bd_sale_out	销售订单号	历史遗留英文列:无面板字段引用、本表该列全空(2026-09-28 体检)——见《数据库规范》阶段 3 清理候选	销售订单号
bd_sale_out	备注	历史遗留英文列:无面板字段引用、本表该列全空(2026-09-28 体检)——见《数据库规范》阶段 3 清理候选	备注
bd_sale_out	单据状态	历史遗留英文列:无面板字段引用、本表该列全空(2026-09-28 体检)——见《数据库规范》阶段 3 清理候选	单据状态
bd_sale_out	审核人	审核人(流程)(面板字段列)	审核人
bd_sale_out	审核时间	历史遗留英文列:无面板字段引用、本表该列全空(2026-09-28 体检)——见《数据库规范》阶段 3 清理候选	审核时间
bd_sale_out	审批人	历史遗留英文列:无面板字段引用、本表该列全空(2026-09-28 体检)——见《数据库规范》阶段 3 清理候选	审批人
bd_sale_out	审批时间	历史遗留英文列:无面板字段引用、本表该列全空(2026-09-28 体检)——见《数据库规范》阶段 3 清理候选	审批时间
bd_sale_out	创建时间	历史遗留英文列:无面板字段引用、本表该列全空(2026-09-28 体检)——见《数据库规范》阶段 3 清理候选	创建时间
bd_sale_out	单据状态_bill_status	历史遗留英文列:无面板字段引用、本表该列全空(2026-09-28 体检)——见《数据库规范》阶段 3 清理候选	单据状态_bill_status
bd_sale_out	结算状态	历史遗留英文列:无面板字段引用、本表该列全空(2026-09-28 体检)——见《数据库规范》阶段 3 清理候选	结算状态
bd_sale_out	客户id	历史遗留英文列:无面板字段引用、本表该列全空(2026-09-28 体检)——见《数据库规范》阶段 3 清理候选	客户id
bd_sale_out	经手人编码	历史遗留英文列:无面板字段引用、本表该列全空(2026-09-28 体检)——见《数据库规范》阶段 3 清理候选	经手人编码
bd_sale_out	金额	历史遗留英文列:无面板字段引用、本表该列全空(2026-09-28 体检)——见《数据库规范》阶段 3 清理候选	金额
bd_sale_out	商品组合	历史遗留英文列:无面板字段引用、本表该列全空(2026-09-28 体检)——见《数据库规范》阶段 3 清理候选	商品组合
bd_sale_out	商品数量	历史遗留英文列:无面板字段引用、本表该列全空(2026-09-28 体检)——见《数据库规范》阶段 3 清理候选	商品数量
bd_sale_out	折前价税合计	历史遗留英文列:无面板字段引用、本表该列全空(2026-09-28 体检)——见《数据库规范》阶段 3 清理候选	折前价税合计
bd_sale_out	整单折扣额	历史遗留英文列:无面板字段引用、本表该列全空(2026-09-28 体检)——见《数据库规范》阶段 3 清理候选	整单折扣额
bd_sale_out	ivc_status	历史遗留英文列:无面板字段引用、本表该列全空(2026-09-28 体检)——见《数据库规范》阶段 3 清理候选	ivc_status
bd_sale_out	联系人电话	历史遗留英文列:无面板字段引用、本表该列全空(2026-09-28 体检)——见《数据库规范》阶段 3 清理候选	联系人电话
bd_sale_out	联系人国家名称	历史遗留英文列:无面板字段引用、本表该列全空(2026-09-28 体检)——见《数据库规范》阶段 3 清理候选	联系人国家名称
bd_sale_out	联系人国家编码	历史遗留英文列:无面板字段引用、本表该列全空(2026-09-28 体检)——见《数据库规范》阶段 3 清理候选	联系人国家编码
bd_sale_out	联系人省份名称	历史遗留英文列:无面板字段引用、本表该列全空(2026-09-28 体检)——见《数据库规范》阶段 3 清理候选	联系人省份名称
bd_sale_out	联系人省份编码	历史遗留英文列:无面板字段引用、本表该列全空(2026-09-28 体检)——见《数据库规范》阶段 3 清理候选	联系人省份编码
bd_sale_out	联系人市区名称	历史遗留英文列:无面板字段引用、本表该列全空(2026-09-28 体检)——见《数据库规范》阶段 3 清理候选	联系人市区名称
bd_sale_out	联系人市区编码	历史遗留英文列:无面板字段引用、本表该列全空(2026-09-28 体检)——见《数据库规范》阶段 3 清理候选	联系人市区编码
bd_sale_out	联系人区县名称	历史遗留英文列:无面板字段引用、本表该列全空(2026-09-28 体检)——见《数据库规范》阶段 3 清理候选	联系人区县名称
bd_sale_out	联系人区县编码	历史遗留英文列:无面板字段引用、本表该列全空(2026-09-28 体检)——见《数据库规范》阶段 3 清理候选	联系人区县编码
bd_sale_out	联系人	历史遗留英文列:无面板字段引用、本表该列全空(2026-09-28 体检)——见《数据库规范》阶段 3 清理候选	联系人
bd_sale_out	联系信息	历史遗留英文列:无面板字段引用、本表该列全空(2026-09-28 体检)——见《数据库规范》阶段 3 清理候选	联系信息
bd_sale_out	联系地址	历史遗留英文列:无面板字段引用、本表该列全空(2026-09-28 体检)——见《数据库规范》阶段 3 清理候选	联系地址
bd_sale_out	发货国家id	历史遗留英文列:无面板字段引用、本表该列全空(2026-09-28 体检)——见《数据库规范》阶段 3 清理候选	发货国家id
bd_sale_out	发货国家名称	历史遗留英文列:无面板字段引用、本表该列全空(2026-09-28 体检)——见《数据库规范》阶段 3 清理候选	发货国家名称
bd_sale_out	发货国家编码	历史遗留英文列:无面板字段引用、本表该列全空(2026-09-28 体检)——见《数据库规范》阶段 3 清理候选	发货国家编码
bd_sale_out	发货省份id	历史遗留英文列:无面板字段引用、本表该列全空(2026-09-28 体检)——见《数据库规范》阶段 3 清理候选	发货省份id
bd_sale_out	发货省份名称	历史遗留英文列:无面板字段引用、本表该列全空(2026-09-28 体检)——见《数据库规范》阶段 3 清理候选	发货省份名称
bd_sale_out	发货省份编码	历史遗留英文列:无面板字段引用、本表该列全空(2026-09-28 体检)——见《数据库规范》阶段 3 清理候选	发货省份编码
bd_sale_out	发货市区id	历史遗留英文列:无面板字段引用、本表该列全空(2026-09-28 体检)——见《数据库规范》阶段 3 清理候选	发货市区id
bd_sale_out	发货市区名称	历史遗留英文列:无面板字段引用、本表该列全空(2026-09-28 体检)——见《数据库规范》阶段 3 清理候选	发货市区名称
bd_sale_out	发货市区编码	历史遗留英文列:无面板字段引用、本表该列全空(2026-09-28 体检)——见《数据库规范》阶段 3 清理候选	发货市区编码
bd_sale_out	发货区县id	历史遗留英文列:无面板字段引用、本表该列全空(2026-09-28 体检)——见《数据库规范》阶段 3 清理候选	发货区县id
bd_sale_out	发货区县名称	历史遗留英文列:无面板字段引用、本表该列全空(2026-09-28 体检)——见《数据库规范》阶段 3 清理候选	发货区县名称
bd_sale_out	发货区县编码	历史遗留英文列:无面板字段引用、本表该列全空(2026-09-28 体检)——见《数据库规范》阶段 3 清理候选	发货区县编码
bd_sale_out	发货地址	历史遗留英文列:无面板字段引用、本表该列全空(2026-09-28 体检)——见《数据库规范》阶段 3 清理候选	发货地址
bd_sale_out	发货人_dispatcher_linkman	历史遗留英文列:无面板字段引用、本表该列全空(2026-09-28 体检)——见《数据库规范》阶段 3 清理候选	发货人_dispatcher_linkman
bd_sale_out	发货电话	历史遗留英文列:无面板字段引用、本表该列全空(2026-09-28 体检)——见《数据库规范》阶段 3 清理候选	发货电话
bd_sale_out	发货方式	历史遗留英文列:无面板字段引用、本表该列全空(2026-09-28 体检)——见《数据库规范》阶段 3 清理候选	发货方式
bd_sale_out	附件	历史遗留英文列:无面板字段引用、本表该列全空(2026-09-28 体检)——见《数据库规范》阶段 3 清理候选	attachments
bd_sale_out	附件地址	历史遗留英文列:无面板字段引用、本表该列全空(2026-09-28 体检)——见《数据库规范》阶段 3 清理候选	附件地址
bd_sale_out	审核人id	历史遗留英文列:无面板字段引用、本表该列全空(2026-09-28 体检)——见《数据库规范》阶段 3 清理候选	审核人id
bd_sale_out	审核人_auditor_name	历史遗留英文列:无面板字段引用、本表该列全空(2026-09-28 体检)——见《数据库规范》阶段 3 清理候选	审核人_auditor_name
bd_sale_out	审核人编码	历史遗留英文列:无面板字段引用、本表该列全空(2026-09-28 体检)——见《数据库规范》阶段 3 清理候选	auditor_number
bd_sale_out	审核时间_audit_time	历史遗留英文列:无面板字段引用、本表该列全空(2026-09-28 体检)——见《数据库规范》阶段 3 清理候选	审核时间_audit_time
bd_sale_out	应收款余额	历史遗留英文列:无面板字段引用、本表该列全空(2026-09-28 体检)——见《数据库规范》阶段 3 清理候选	应收款余额
bd_sale_out	物流公司id	历史遗留英文列:无面板字段引用、本表该列全空(2026-09-28 体检)——见《数据库规范》阶段 3 清理候选	物流公司id
bd_sale_out	上次欠款	历史遗留英文列:无面板字段引用、本表该列全空(2026-09-28 体检)——见《数据库规范》阶段 3 清理候选	上次欠款
bd_sale_out	部门id	历史遗留英文列:无面板字段引用、本表该列全空(2026-09-28 体检)——见《数据库规范》阶段 3 清理候选	部门id
bd_sale_out	部门_dept_name	历史遗留英文列:无面板字段引用、本表该列全空(2026-09-28 体检)——见《数据库规范》阶段 3 清理候选	部门_dept_name
bd_sale_out	部门编码	历史遗留英文列:无面板字段引用、本表该列全空(2026-09-28 体检)——见《数据库规范》阶段 3 清理候选	部门编码
bd_sale_out	修改时间	历史遗留英文列:无面板字段引用、本表该列全空(2026-09-28 体检)——见《数据库规范》阶段 3 清理候选	修改时间
bd_sale_out	出入库状态	历史遗留英文列:无面板字段引用、本表该列全空(2026-09-28 体检)——见《数据库规范》阶段 3 清理候选	出入库状态
bd_sale_out	创建人id	历史遗留英文列:无面板字段引用、本表该列全空(2026-09-28 体检)——见《数据库规范》阶段 3 清理候选	创建人id
bd_sale_out	创建人	历史遗留英文列:无面板字段引用、本表该列全空(2026-09-28 体检)——见《数据库规范》阶段 3 清理候选	创建人
bd_sale_out	创建人编码	历史遗留英文列:无面板字段引用、本表该列全空(2026-09-28 体检)——见《数据库规范》阶段 3 清理候选	creator_number
bd_sale_out	修改人id	历史遗留英文列:无面板字段引用、本表该列全空(2026-09-28 体检)——见《数据库规范》阶段 3 清理候选	修改人id
bd_sale_out	修改人	历史遗留英文列:无面板字段引用、本表该列全空(2026-09-28 体检)——见《数据库规范》阶段 3 清理候选	修改人
bd_sale_out	修改人编码	历史遗留英文列:无面板字段引用、本表该列全空(2026-09-28 体检)——见《数据库规范》阶段 3 清理候选	modifier_number
bd_sale_out	单据标签	历史遗留英文列:无面板字段引用、本表该列全空(2026-09-28 体检)——见《数据库规范》阶段 3 清理候选	单据标签
bd_sale_out	交货方式id	历史遗留英文列:无面板字段引用、本表该列全空(2026-09-28 体检)——见《数据库规范》阶段 3 清理候选	交货方式id
bd_sale_out	交货方式	历史遗留英文列:无面板字段引用、本表该列全空(2026-09-28 体检)——见《数据库规范》阶段 3 清理候选	交货方式
bd_sale_out	交货方式编码	历史遗留英文列:无面板字段引用、本表该列全空(2026-09-28 体检)——见《数据库规范》阶段 3 清理候选	交货方式编码
bd_sale_out	到期日	历史遗留英文列:无面板字段引用、本表该列全空(2026-09-28 体检)——见《数据库规范》阶段 3 清理候选	到期日
bd_sale_out	结算期限id	历史遗留英文列:无面板字段引用、本表该列全空(2026-09-28 体检)——见《数据库规范》阶段 3 清理候选	结算期限id
bd_sale_out	结算期限编码	历史遗留英文列:无面板字段引用、本表该列全空(2026-09-28 体检)——见《数据库规范》阶段 3 清理候选	结算期限编码
bd_sale_out	结算期限	历史遗留英文列:无面板字段引用、本表该列全空(2026-09-28 体检)——见《数据库规范》阶段 3 清理候选	结算期限
bd_sale_out	币别名称	历史遗留英文列:无面板字段引用、本表该列全空(2026-09-28 体检)——见《数据库规范》阶段 3 清理候选	币别名称
bd_sale_out	ERP单号	历史遗留英文列:无面板字段引用、本表该列全空(2026-09-28 体检)——见《数据库规范》阶段 3 清理候选	ERP单号
bd_sale_out	转ERP操作人	历史遗留英文列:无面板字段引用、本表该列全空(2026-09-28 体检)——见《数据库规范》阶段 3 清理候选	转ERP操作人
bd_sale_out	转ERP时间	历史遗留英文列:无面板字段引用、本表该列全空(2026-09-28 体检)——见《数据库规范》阶段 3 清理候选	转ERP时间
rd_antibact_detail		抑菌测试行表	「抑菌」明细行表
rd_antibact_detail	单据编号	单号(面板字段列)	单据编号
rd_antibact_detail	累计流量	累计流量L(面板字段列)	累计流量（L）
rd_antibact_detail	原液浓度	原液浓度（cfu/ml）(面板字段列)	原液浓度（cfu/ml）
rd_antibact_detail	活性氧化铝	活性氧化铝（cfu/ml）(面板字段列)	活性氧化铝（cfu/ml）
rd_antibact_detail	去除率	去除率（%）(面板字段列)	去除率（%）
rd_antibact_detail	asp_user1	创建人	asp_user1
rd_antibact_detail	asp_time1	创建时间	asp_time1
rd_antibact_detail	asp_user2	最后修改人	asp_user2
rd_antibact_detail	asp_time2	最后修改时间	asp_time2
rd_antibact_detail	asp_cancel	删除标记	asp_cancel
bs_equip		设备档案(设备点检/保养计划参照源)	「设备」明细行表
bs_equip	asp_user1	创建人	asp_user1
bs_equip	asp_time1	创建时间	asp_time1
bs_equip	asp_user2	最后修改人	asp_user2
bs_equip	asp_time2	最后修改时间	asp_time2
bs_equip	asp_cancel	删除标记	asp_cancel
bs_equip	设备型号	历史遗留英文列:无面板字段引用、本表该列全空(2026-09-28 体检)——见《数据库规范》阶段 3 清理候选	设备型号
bs_equip	规格	历史遗留英文列:无面板字段引用、本表该列全空(2026-09-28 体检)——见《数据库规范》阶段 3 清理候选	规格
bs_equip	安装车间	历史遗留英文列:无面板字段引用、本表该列全空(2026-09-28 体检)——见《数据库规范》阶段 3 清理候选	安装车间
bs_equip	启用日期	历史遗留英文列:无面板字段引用、本表该列全空(2026-09-28 体检)——见《数据库规范》阶段 3 清理候选	启用日期
bs_equip	设备状态	设备状态\n（检查管路、阀门、启动是否正常）(面板字段列)	设备状态
bs_equip	保养周期(天)	历史遗留英文列:无面板字段引用、本表该列全空(2026-09-28 体检)——见《数据库规范》阶段 3 清理候选	保养周期(天)
bs_equip	保养责任人	历史遗留英文列:无面板字段引用、本表该列全空(2026-09-28 体检)——见《数据库规范》阶段 3 清理候选	保养责任人
yj_attachment	asp_user1	创建人	asp_user1
yj_attachment	asp_time1	创建时间	asp_time1
yj_attachment	asp_user2	最后修改人	asp_user2
yj_attachment	asp_time2	最后修改时间	asp_time2
pack_confirm_detail	asp_cancel	删除标记	asp_cancel
pack_confirm_detail	asp_user1	创建人	asp_user1
pack_confirm_detail	asp_user2	最后修改人	asp_user2
pack_confirm_detail	asp_time1	创建时间	asp_time1
pack_confirm_detail	asp_time2	最后修改时间	asp_time2
rd_scale_head		阻垢性能测试头表	「阻垢性能」头表
rd_scale_head	单据编号	单号(面板字段列)	单据编号
rd_scale_head	单据日期	单据日期(空白草稿自动填当天)	单据日期
rd_scale_head	备注	历史遗留英文列:无面板字段引用、本表该列全空(2026-09-28 体检)——见《数据库规范》阶段 3 清理候选	备注
rd_scale_head	asp_user1	创建人	asp_user1
rd_scale_head	asp_time1	创建时间	asp_time1
rd_scale_head	asp_user2	最后修改人	asp_user2
rd_scale_head	asp_time2	最后修改时间	asp_time2
rd_scale_head	asp_cancel	删除标记	asp_cancel
bl_sale_out		销售出库单行表(批号三键出库) (禁用)	「销售出库单」明细行表
bl_sale_out	单据编号	单号(面板字段列)	单据编号
bl_sale_out	存货名称	历史遗留英文列:无面板字段引用、本表该列全空(2026-09-28 体检)——见《数据库规范》阶段 3 清理候选	存货名称
bl_sale_out	存货编码	历史遗留英文列:无面板字段引用、本表该列全空(2026-09-28 体检)——见《数据库规范》阶段 3 清理候选	存货编码
bl_sale_out	规格型号	历史遗留英文列:无面板字段引用、本表该列全空(2026-09-28 体检)——见《数据库规范》阶段 3 清理候选	规格型号
bl_sale_out	计量单位	历史遗留英文列:无面板字段引用、本表该列全空(2026-09-28 体检)——见《数据库规范》阶段 3 清理候选	计量单位
bl_sale_out	数量	历史遗留英文列:无面板字段引用、本表该列全空(2026-09-28 体检)——见《数据库规范》阶段 3 清理候选	数量
bl_sale_out	智能选单	历史遗留英文列:无面板字段引用、本表该列全空(2026-09-28 体检)——见《数据库规范》阶段 3 清理候选	智能选单
bl_sale_out	成本价	历史遗留英文列:无面板字段引用、本表该列全空(2026-09-28 体检)——见《数据库规范》阶段 3 清理候选	成本价
bl_sale_out	税率%	历史遗留英文列:无面板字段引用、本表该列全空(2026-09-28 体检)——见《数据库规范》阶段 3 清理候选	税率%
bl_sale_out	含税售价	历史遗留英文列:无面板字段引用、本表该列全空(2026-09-28 体检)——见《数据库规范》阶段 3 清理候选	含税售价
bl_sale_out	销售金额	历史遗留英文列:无面板字段引用、本表该列全空(2026-09-28 体检)——见《数据库规范》阶段 3 清理候选	销售金额
bl_sale_out	税额	历史遗留英文列:无面板字段引用、本表该列全空(2026-09-28 体检)——见《数据库规范》阶段 3 清理候选	税额
bl_sale_out	含税销售金额	历史遗留英文列:无面板字段引用、本表该列全空(2026-09-28 体检)——见《数据库规范》阶段 3 清理候选	含税销售金额
bl_sale_out	折扣金额	历史遗留英文列:无面板字段引用、本表该列全空(2026-09-28 体检)——见《数据库规范》阶段 3 清理候选	折扣金额
bl_sale_out	现存量	历史遗留英文列:无面板字段引用、本表该列全空(2026-09-28 体检)——见《数据库规范》阶段 3 清理候选	现存量
bl_sale_out	现存量说明	历史遗留英文列:无面板字段引用、本表该列全空(2026-09-28 体检)——见《数据库规范》阶段 3 清理候选	现存量说明
bl_sale_out	需求令号	历史遗留英文列:无面板字段引用、本表该列全空(2026-09-28 体检)——见《数据库规范》阶段 3 清理候选	需求令号
bl_sale_out	退货原因	历史遗留英文列:无面板字段引用、本表该列全空(2026-09-28 体检)——见《数据库规范》阶段 3 清理候选	退货原因
bl_sale_out	备注	历史遗留英文列:无面板字段引用、本表该列全空(2026-09-28 体检)——见《数据库规范》阶段 3 清理候选	备注
bl_sale_out	批号	历史遗留英文列:无面板字段引用、本表该列全空(2026-09-28 体检)——见《数据库规范》阶段 3 清理候选	批号
bl_sale_out	商品id	历史遗留英文列:无面板字段引用、本表该列全空(2026-09-28 体检)——见《数据库规范》阶段 3 清理候选	商品id
bl_sale_out	商品是否多单位	历史遗留英文列:无面板字段引用、本表该列全空(2026-09-28 体检)——见《数据库规范》阶段 3 清理候选	商品是否多单位
bl_sale_out	商品是否序列号	历史遗留英文列:无面板字段引用、本表该列全空(2026-09-28 体检)——见《数据库规范》阶段 3 清理候选	商品是否序列号
bl_sale_out	商品是否辅助属性	历史遗留英文列:无面板字段引用、本表该列全空(2026-09-28 体检)——见《数据库规范》阶段 3 清理候选	商品是否辅助属性
bl_sale_out	商品是否保质期	历史遗留英文列:无面板字段引用、本表该列全空(2026-09-28 体检)——见《数据库规范》阶段 3 清理候选	商品是否保质期
bl_sale_out	商品是否批次	历史遗留英文列:无面板字段引用、本表该列全空(2026-09-28 体检)——见《数据库规范》阶段 3 清理候选	商品是否批次
bl_sale_out	商品助记码	历史遗留英文列:无面板字段引用、本表该列全空(2026-09-28 体检)——见《数据库规范》阶段 3 清理候选	商品助记码
bl_sale_out	仓库id	历史遗留英文列:无面板字段引用、本表该列全空(2026-09-28 体检)——见《数据库规范》阶段 3 清理候选	仓库id
bl_sale_out	仓库	历史遗留英文列:无面板字段引用、本表该列全空(2026-09-28 体检)——见《数据库规范》阶段 3 清理候选	仓库名称
bl_sale_out	仓库编码	历史遗留英文列:无面板字段引用、本表该列全空(2026-09-28 体检)——见《数据库规范》阶段 3 清理候选	仓库编码
bl_sale_out	仓库启用仓位管理	历史遗留英文列:无面板字段引用、本表该列全空(2026-09-28 体检)——见《数据库规范》阶段 3 清理候选	仓库启用仓位管理
bl_sale_out	仓位id	历史遗留英文列:无面板字段引用、本表该列全空(2026-09-28 体检)——见《数据库规范》阶段 3 清理候选	仓位id
bl_sale_out	仓库名称_sp_name	历史遗留英文列:无面板字段引用、本表该列全空(2026-09-28 体检)——见《数据库规范》阶段 3 清理候选	仓库名称_sp_name
bl_sale_out	仓位编码	历史遗留英文列:无面板字段引用、本表该列全空(2026-09-28 体检)——见《数据库规范》阶段 3 清理候选	仓位编码
bl_sale_out	辅助属性id	历史遗留英文列:无面板字段引用、本表该列全空(2026-09-28 体检)——见《数据库规范》阶段 3 清理候选	辅助属性id
bl_sale_out	辅助属性名称	历史遗留英文列:无面板字段引用、本表该列全空(2026-09-28 体检)——见《数据库规范》阶段 3 清理候选	辅助属性名称
bl_sale_out	辅助属性编码	历史遗留英文列:无面板字段引用、本表该列全空(2026-09-28 体检)——见《数据库规范》阶段 3 清理候选	辅助属性编码
bl_sale_out	辅助属性1id	历史遗留英文列:无面板字段引用、本表该列全空(2026-09-28 体检)——见《数据库规范》阶段 3 清理候选	辅助属性1id
bl_sale_out	辅助属性1名称	历史遗留英文列:无面板字段引用、本表该列全空(2026-09-28 体检)——见《数据库规范》阶段 3 清理候选	辅助属性1名称
bl_sale_out	辅助属性1编码	历史遗留英文列:无面板字段引用、本表该列全空(2026-09-28 体检)——见《数据库规范》阶段 3 清理候选	辅助属性1编码
bl_sale_out	辅助属性2id	历史遗留英文列:无面板字段引用、本表该列全空(2026-09-28 体检)——见《数据库规范》阶段 3 清理候选	辅助属性2id
bl_sale_out	辅助属性2名称	历史遗留英文列:无面板字段引用、本表该列全空(2026-09-28 体检)——见《数据库规范》阶段 3 清理候选	辅助属性2名称
bl_sale_out	辅助属性2编码	历史遗留英文列:无面板字段引用、本表该列全空(2026-09-28 体检)——见《数据库规范》阶段 3 清理候选	辅助属性2编码
bl_sale_out	辅助属性3id	历史遗留英文列:无面板字段引用、本表该列全空(2026-09-28 体检)——见《数据库规范》阶段 3 清理候选	辅助属性3id
bl_sale_out	辅助属性3名称	历史遗留英文列:无面板字段引用、本表该列全空(2026-09-28 体检)——见《数据库规范》阶段 3 清理候选	辅助属性3名称
bl_sale_out	辅助属性3编码	历史遗留英文列:无面板字段引用、本表该列全空(2026-09-28 体检)——见《数据库规范》阶段 3 清理候选	辅助属性3编码
bl_sale_out	辅助属性4id	历史遗留英文列:无面板字段引用、本表该列全空(2026-09-28 体检)——见《数据库规范》阶段 3 清理候选	辅助属性4id
bl_sale_out	辅助属性4名称	历史遗留英文列:无面板字段引用、本表该列全空(2026-09-28 体检)——见《数据库规范》阶段 3 清理候选	辅助属性4名称
bl_sale_out	辅助属性4编码	历史遗留英文列:无面板字段引用、本表该列全空(2026-09-28 体检)——见《数据库规范》阶段 3 清理候选	辅助属性4编码
bl_sale_out	辅助属性5id	历史遗留英文列:无面板字段引用、本表该列全空(2026-09-28 体检)——见《数据库规范》阶段 3 清理候选	辅助属性5id
bl_sale_out	辅助属性5名称	历史遗留英文列:无面板字段引用、本表该列全空(2026-09-28 体检)——见《数据库规范》阶段 3 清理候选	辅助属性5名称
bl_sale_out	辅助属性5编码	历史遗留英文列:无面板字段引用、本表该列全空(2026-09-28 体检)——见《数据库规范》阶段 3 清理候选	辅助属性5编码
bl_sale_out	条形码	历史遗留英文列:无面板字段引用、本表该列全空(2026-09-28 体检)——见《数据库规范》阶段 3 清理候选	条形码
bl_sale_out	实际含税单价	历史遗留英文列:无面板字段引用、本表该列全空(2026-09-28 体检)——见《数据库规范》阶段 3 清理候选	实际含税单价
bl_sale_out	基本单位id	历史遗留英文列:无面板字段引用、本表该列全空(2026-09-28 体检)——见《数据库规范》阶段 3 清理候选	基本单位id
bl_sale_out	基本单位名称	历史遗留英文列:无面板字段引用、本表该列全空(2026-09-28 体检)——见《数据库规范》阶段 3 清理候选	基本单位名称
bl_sale_out	基本单位编码	历史遗留英文列:无面板字段引用、本表该列全空(2026-09-28 体检)——见《数据库规范》阶段 3 清理候选	基本单位编码
bl_sale_out	单位id	历史遗留英文列:无面板字段引用、本表该列全空(2026-09-28 体检)——见《数据库规范》阶段 3 清理候选	单位id
bl_sale_out	单位编码	历史遗留英文列:无面板字段引用、本表该列全空(2026-09-28 体检)——见《数据库规范》阶段 3 清理候选	单位编码
bl_sale_out	换算系数	历史遗留英文列:无面板字段引用、本表该列全空(2026-09-28 体检)——见《数据库规范》阶段 3 清理候选	换算系数
bl_sale_out	换算率	历史遗留英文列:无面板字段引用、本表该列全空(2026-09-28 体检)——见《数据库规范》阶段 3 清理候选	换算率
bl_sale_out	库存基本数量	历史遗留英文列:无面板字段引用、本表该列全空(2026-09-28 体检)——见《数据库规范》阶段 3 清理候选	库存基本数量
bl_sale_out	退货数量	历史遗留英文列:无面板字段引用、本表该列全空(2026-09-28 体检)——见《数据库规范》阶段 3 清理候选	退货数量
bl_sale_out	税额_tax_amount	历史遗留英文列:无面板字段引用、本表该列全空(2026-09-28 体检)——见《数据库规范》阶段 3 清理候选	税额_tax_amount
bl_sale_out	整单折扣分摊	历史遗留英文列:无面板字段引用、本表该列全空(2026-09-28 体检)——见《数据库规范》阶段 3 清理候选	整单折扣分摊
bl_sale_out	折扣额	历史遗留英文列:无面板字段引用、本表该列全空(2026-09-28 体检)——见《数据库规范》阶段 3 清理候选	折扣额
bl_sale_out	费用	历史遗留英文列:无面板字段引用、本表该列全空(2026-09-28 体检)——见《数据库规范》阶段 3 清理候选	费用
bl_sale_out	分摊差额	历史遗留英文列:无面板字段引用、本表该列全空(2026-09-28 体检)——见《数据库规范》阶段 3 清理候选	分摊差额
bl_sale_out	折扣率%	历史遗留英文列:无面板字段引用、本表该列全空(2026-09-28 体检)——见《数据库规范》阶段 3 清理候选	折扣率%
bl_sale_out	折前金额	历史遗留英文列:无面板字段引用、本表该列全空(2026-09-28 体检)——见《数据库规范》阶段 3 清理候选	折前金额
bl_sale_out	实际不含税金额	历史遗留英文列:无面板字段引用、本表该列全空(2026-09-28 体检)——见《数据库规范》阶段 3 清理候选	实际不含税金额
bl_sale_out	单位成本	历史遗留英文列:无面板字段引用、本表该列全空(2026-09-28 体检)——见《数据库规范》阶段 3 清理候选	单位成本
bl_sale_out	成本	历史遗留英文列:无面板字段引用、本表该列全空(2026-09-28 体检)——见《数据库规范》阶段 3 清理候选	成本
bl_sale_out	本次结算金额	历史遗留英文列:无面板字段引用、本表该列全空(2026-09-28 体检)——见《数据库规范》阶段 3 清理候选	本次结算金额
bl_sale_out	折扣金额_dis_amount	历史遗留英文列:无面板字段引用、本表该列全空(2026-09-28 体检)——见《数据库规范》阶段 3 清理候选	折扣金额_dis_amount
bl_sale_out	折后单价	历史遗留英文列:无面板字段引用、本表该列全空(2026-09-28 体检)——见《数据库规范》阶段 3 清理候选	折后单价
bl_sale_out	产地	历史遗留英文列:无面板字段引用、本表该列全空(2026-09-28 体检)——见《数据库规范》阶段 3 清理候选	产地
bl_sale_out	注册证号	历史遗留英文列:无面板字段引用、本表该列全空(2026-09-28 体检)——见《数据库规范》阶段 3 清理候选	注册证号
bl_sale_out	生产许可证	历史遗留英文列:无面板字段引用、本表该列全空(2026-09-28 体检)——见《数据库规范》阶段 3 清理候选	生产许可证
bl_sale_out	保质期到期日	历史遗留英文列:无面板字段引用、本表该列全空(2026-09-28 体检)——见《数据库规范》阶段 3 清理候选	保质期到期日
bl_sale_out	有效期至	历史遗留英文列:无面板字段引用、本表该列全空(2026-09-28 体检)——见《数据库规范》阶段 3 清理候选	有效期至
bl_sale_out	保质期类型	历史遗留英文列:无面板字段引用、本表该列全空(2026-09-28 体检)——见《数据库规范》阶段 3 清理候选	保质期类型
bl_sale_out	保质期	历史遗留英文列:无面板字段引用、本表该列全空(2026-09-28 体检)——见《数据库规范》阶段 3 清理候选	保质期
bl_sale_out	序列号流转ID	历史遗留英文列:无面板字段引用、本表该列全空(2026-09-28 体检)——见《数据库规范》阶段 3 清理候选	序列号流转ID
bl_sale_out	辅助单位id	历史遗留英文列:无面板字段引用、本表该列全空(2026-09-28 体检)——见《数据库规范》阶段 3 清理候选	辅助单位id
bl_sale_out	辅助单位编码	历史遗留英文列:无面板字段引用、本表该列全空(2026-09-28 体检)——见《数据库规范》阶段 3 清理候选	辅助单位编码
bl_sale_out	辅助换算系数	历史遗留英文列:无面板字段引用、本表该列全空(2026-09-28 体检)——见《数据库规范》阶段 3 清理候选	辅助换算系数
bl_sale_out	行号	历史遗留英文列:无面板字段引用、本表该列全空(2026-09-28 体检)——见《数据库规范》阶段 3 清理候选	行号
bl_sale_out	分录状态	历史遗留英文列:无面板字段引用、本表该列全空(2026-09-28 体检)——见《数据库规范》阶段 3 清理候选	分录状态
bl_sale_out	分录结算状态	历史遗留英文列:无面板字段引用、本表该列全空(2026-09-28 体检)——见《数据库规范》阶段 3 清理候选	分录结算状态
bl_sale_out	是否赠品	历史遗留英文列:无面板字段引用、本表该列全空(2026-09-28 体检)——见《数据库规范》阶段 3 清理候选	是否赠品
bl_sale_out	源单id	历史遗留英文列:无面板字段引用、本表该列全空(2026-09-28 体检)——见《数据库规范》阶段 3 清理候选	源单id
bl_sale_out	源单编号	历史遗留英文列:无面板字段引用、本表该列全空(2026-09-28 体检)——见《数据库规范》阶段 3 清理候选	源单编号
bl_sale_out	源单类型id	历史遗留英文列:无面板字段引用、本表该列全空(2026-09-28 体检)——见《数据库规范》阶段 3 清理候选	源单类型id
bl_sale_out	源单类型名称	历史遗留英文列:无面板字段引用、本表该列全空(2026-09-28 体检)——见《数据库规范》阶段 3 清理候选	源单类型名称
bl_sale_out	源单类型编码	历史遗留英文列:无面板字段引用、本表该列全空(2026-09-28 体检)——见《数据库规范》阶段 3 清理候选	源单类型编码
bl_sale_out	源单内部id	历史遗留英文列:无面板字段引用、本表该列全空(2026-09-28 体检)——见《数据库规范》阶段 3 清理候选	源单内部id
bl_sale_out	源单日期	历史遗留英文列:无面板字段引用、本表该列全空(2026-09-28 体检)——见《数据库规范》阶段 3 清理候选	源单日期
bl_sale_out	源单行号	采购订单行号(面板字段列)	源单行号
bl_sale_out	源单分录id	历史遗留英文列:无面板字段引用、本表该列全空(2026-09-28 体检)——见《数据库规范》阶段 3 清理候选	源单分录id
bl_sale_out	序列号清单	历史遗留英文列:无面板字段引用、本表该列全空(2026-09-28 体检)——见《数据库规范》阶段 3 清理候选	序列号清单
bl_sale_out	基本数量	历史遗留英文列:无面板字段引用、本表该列全空(2026-09-28 体检)——见《数据库规范》阶段 3 清理候选	基本数量
bl_sale_out	折扣税额	历史遗留英文列:无面板字段引用、本表该列全空(2026-09-28 体检)——见《数据库规范》阶段 3 清理候选	折扣税额
bl_sale_out	客户单号	历史遗留英文列:无面板字段引用、本表该列全空(2026-09-28 体检)——见《数据库规范》阶段 3 清理候选	客户单号
bl_sale_out	未开票数量	历史遗留英文列:无面板字段引用、本表该列全空(2026-09-28 体检)——见《数据库规范》阶段 3 清理候选	未开票数量
bl_sale_out	已开票数量	历史遗留英文列:无面板字段引用、本表该列全空(2026-09-28 体检)——见《数据库规范》阶段 3 清理候选	已开票数量
bl_sale_out	已开票金额	历史遗留英文列:无面板字段引用、本表该列全空(2026-09-28 体检)——见《数据库规范》阶段 3 清理候选	已开票金额
bl_sale_out	未开票金额	历史遗留英文列:无面板字段引用、本表该列全空(2026-09-28 体检)——见《数据库规范》阶段 3 清理候选	未开票金额
bl_sale_out	价税合计本位币	历史遗留英文列:无面板字段引用、本表该列全空(2026-09-28 体检)——见《数据库规范》阶段 3 清理候选	价税合计本位币
