panel_code,place,col_name,data_type,visible,hidden,ref_panel
"BOM","detail","物料清单编码","文本","1","0",""
"BOM","detail","父件编码","参照","1","0","INV"
"BOM","detail","父件名称","文本","1","0",""
"BOM","detail","虚拟件","是否","1","0",""
"BOM","detail","版本号","文本","1","0",""
"BOM","detail","计量单位","下拉框","1","0",""
"BOM","detail","生产数量","小数","1","0",""
"BOM","detail","生产车间","下拉框","1","0",""
"BOM","detail","预入仓库","参照","1","0","WH"
"BOM","detail","默认BOM","是否","1","0",""
"BOM","detail","子件编码","参照","1","0","INV"
"BOM","detail","子件名称","文本","1","0",""
"BOM","detail","规格型号","文本","1","0",""
"BOM","detail","子件计量单位","下拉框","1","0",""
"BOM","detail","定额数量","小数","1","0",""
"BOM","detail","损耗率%","小数","1","0",""
"BOM","detail","需用数量","小数","1","0",""
"CGD","detail","lot_no","文本","1","0",""
"CGD","detail","sl","小数","1","0",""
"CGD","detail","ddw","文本","1","0",""
"CGD","detail","od_danj","小数","1","0",""
"CGD","detail","od_zk","小数","1","0",""
"CGD","detail","od_zke","小数","1","0",""
"CGD","header","ywman","文本","1","0",""
"CGD","header","chg","下拉框","1","0",""
"CGD","header","bz","文本","1","0",""
"CGD","header,detail","jh_date","日期","1","0",""
"CGD","header,detail","tax_sm","文本","1","0",""
"CGD","query,detail","wzdm","文本","1","0",""
"CGD","query,header","od_no","文本","1","0",""
"CGD","query,header","od_date","日期","1","0",""
"CGD","query,header","csdm","参照","1","0","GFDA"
"CKD","detail","lot_no","文本","1","0",""
"CKD","detail","sl","小数","1","0",""
"CKD","detail","ddw","文本","1","0",""
"CKD","detail","out_danj","小数","1","0",""
"CKD","detail","o_zk","小数","1","0",""
"CKD","detail","total_m","小数","1","0",""
"CKD","header","ywman","文本","1","0",""
"CKD","header","llxz","下拉框","1","0",""
"CKD","header,detail","od_no","文本","1","0",""
"CKD","header,detail","bz","文本","1","0",""
"CKD","query,detail","wzdm","文本","1","0",""
"CKD","query,header","outh_no","文本","1","0",""
"CKD","query,header","out_date","日期","1","0",""
"CKD","query,header","khdm","参照","1","0","KHDA"
"CKD","query,header","ckdm","参照","1","0","CKDA"
"CKDA","detail","dm","文本","1","0",""
"CKDA","detail","mc","文本","1","0",""
"CKDA","detail","bz","文本","1","0",""
"CUR","detail","币别符号","文本","1","0",""
"CUR","detail","汇率","小数","1","0",""
"CUR","detail","汇率类型","下拉框","1","0",""
"CUR","detail","金额小数位","整数","1","0",""
"CUR","detail","单价小数位","整数","1","0",""
"CUR","detail","停用","是否","1","0",""
"CUR","detail","创建人","文本","1","0",""
"CUR","detail","创建时间","日期","1","0",""
"CUR","detail","修改人","文本","1","0",""
"CUR","detail","修改时间","日期","1","0",""
"CUR","detail","创建人id","文本","0","1",""
"CUR","detail","修改人id","文本","0","1",""
"CUR","query,detail","编码","文本","1","0",""
"CUR","query,detail","名称","文本","1","0",""
"CUSGRP","detail","级次","文本","1","0",""
"CUSGRP","detail","是否叶子节点","是否","1","0",""
"CUSGRP","detail","上级编码","文本","1","0",""
"CUSGRP","detail","备注","文本","1","0",""
"CUSGRP","detail","停用","是否","1","0",""
"CUSGRP","query,detail","编码","文本","1","0",""
"CUSGRP","query,detail","名称","文本","1","0",""
"DAY_REPORT","detail","时间","文本","1","0",""
"DAY_REPORT","detail","产品名称","文本","1","0",""
"DAY_REPORT","detail","规格","文本","1","0",""
"DAY_REPORT","detail","单位","文本","1","0",""
"DAY_REPORT","detail","工作内容","文本","1","0",""
"DAY_REPORT","detail","灌料重每支","小数","1","0",""
"DAY_REPORT","detail","物料总用量","小数","1","0",""
"DAY_REPORT","detail","报废","小数","1","0",""
"DAY_REPORT","detail","料头料尾重量","小数","1","0",""
"DAY_REPORT","detail","工序内容","文本","1","0",""
"DAY_REPORT","detail","损失时间","文本","1","0",""
"DAY_REPORT","detail","原因","文本","1","0",""
"DAY_REPORT","header","出勤人数","整数","1","0",""
"DAY_REPORT","header","填表人","文本","1","0",""
"DAY_REPORT","header","备注","文本","1","0",""
"DAY_REPORT","header","审核人","参照","1","0","EMP"
"DAY_REPORT","header","审核时间","文本","1","0",""
"DAY_REPORT","query,detail","姓名","文本","1","0",""
"DAY_REPORT","query,detail","产品编码","文本","1","0",""
"DAY_REPORT","query,detail","数量","小数","1","0",""
"DAY_REPORT","query,detail","合格数量","小数","1","0",""
"DAY_REPORT","query,header","单据编号","文本","1","0",""
"DAY_REPORT","query,header","单据日期","日期","1","0",""
"DAY_REPORT","query,header","车间","下拉框","1","0",""
"DAY_REPORT","query,header","单据状态","文本","1","0",""
"DEPT","detail","部门编码","文本","1","0",""
"DEPT","detail","部门名称","文本","1","0",""
"DEPT","detail","负责人","文本","1","0",""
"DEPT","detail","停用","是否","1","0",""
"DEPT","detail","上级部门","参照","1","0","DEPT"
"DEPT","detail","电话","文本","1","0",""
"DEPT","detail","备注","文本","1","0",""
"DEPT","detail","级次","文本","1","0",""
"DEPT","detail","长编码","文本","1","0",""
"DEPT","detail","部门全称","文本","1","0",""
"DEPT","detail","上级编码","文本","1","0",""
"DEPT","detail","是否叶子节点","是否","1","0",""
"DEPT","detail","上级id","文本","0","1",""
"DISPATCH","detail","工序编码","参照","1","0","OP"
"DISPATCH","detail","工序名称","文本","1","0",""
"DISPATCH","detail","工作中心","参照","1","0","WC"
"DISPATCH","detail","设备","参照","1","0","EQUIP"
"DISPATCH","detail","班组","参照","1","0","TEAM"
"DISPATCH","detail","工人","参照","1","0","EMP"
"DISPATCH","detail","加工类型","下拉框","1","0",""
"DISPATCH","detail","计划数量","小数","1","0",""
"DISPATCH","detail","已派工数量","小数","1","0",""
"DISPATCH","detail","派工数量","小数","1","0",""
"DISPATCH","detail","计量单位","下拉框","1","0",""
"DISPATCH","detail","派工加工状态","下拉框","1","0",""
"DISPATCH","detail","累计汇报数量","小数","1","0",""
"DISPATCH","detail","委外供应商","参照","1","0","PARTNER"
"DISPATCH","detail","规格型号","文本","1","0",""
"DISPATCH","header","加工单号","文本","1","0",""
"DISPATCH","header","产品名称","参照","1","0","INV"
"DISPATCH","header","预开工日","日期","1","0",""
"DISPATCH","header","预完工日","日期","1","0",""
"DISPATCH","header","经手人","参照","1","0","EMP"
"DISPATCH","header","项目","参照","1","0","PROJ"
"DISPATCH","header","部门","参照","1","0","DEPT"
"DISPATCH","header","备注","文本","1","0",""
"DISPATCH","query,header","单据日期","日期","1","0",""
"DISPATCH","query,header","单据编号","文本","1","0",""
"DISPATCH","query,header","业务类型","下拉框","1","0",""
"DISPATCH","query,header","生产车间","参照","1","0","DEPT"
"DISPATCH_DETAIL","detail","业务类型","文本","1","0",""
"DISPATCH_DETAIL","detail","加工单号","文本","1","0",""
"DISPATCH_DETAIL","detail","预开工日","文本","1","0",""
"DISPATCH_DETAIL","detail","预完工日","文本","1","0",""
"DISPATCH_DETAIL","detail","经手人","文本","1","0",""
"DISPATCH_DETAIL","detail","项目","文本","1","0",""
"DISPATCH_DETAIL","detail","备注","文本","1","0",""
"DISPATCH_DETAIL","detail","审核人","文本","1","0",""
"DISPATCH_DETAIL","detail","审核时间","文本","1","0",""
"DISPATCH_DETAIL","detail","审批人","文本","1","0",""
"DISPATCH_DETAIL","detail","审批时间","文本","1","0",""
"DISPATCH_DETAIL","detail","asp_user1","文本","1","0",""
"DISPATCH_DETAIL","detail","asp_time1","文本","1","0",""
"DISPATCH_DETAIL","detail","asp_user2","文本","0","0",""
"DISPATCH_DETAIL","detail","asp_time2","文本","0","0",""
"DISPATCH_DETAIL","detail","asp_cancel","文本","1","0",""
"DISPATCH_DETAIL","detail","工序编码","文本","1","0",""
"DISPATCH_DETAIL","detail","工序名称","文本","1","0",""
"DISPATCH_DETAIL","detail","工作中心","文本","1","0",""
"DISPATCH_DETAIL","detail","设备","文本","1","0",""
"DISPATCH_DETAIL","detail","班组","文本","1","0",""
"DISPATCH_DETAIL","detail","工人","文本","1","0",""
"DISPATCH_DETAIL","detail","加工类型","文本","1","0",""
"DISPATCH_DETAIL","detail","计划数量","文本","1","0",""
"DISPATCH_DETAIL","detail","已派工数量","文本","1","0",""
"DISPATCH_DETAIL","detail","派工数量","文本","1","0",""
"DISPATCH_DETAIL","detail","计量单位","文本","1","0",""
"DISPATCH_DETAIL","detail","派工加工状态","文本","1","0",""
"DISPATCH_DETAIL","detail","累计汇报数量","文本","1","0",""
"DISPATCH_DETAIL","detail","规格型号","文本","1","0",""
"DISPATCH_DETAIL","query,detail","单据日期","文本","1","0",""
"DISPATCH_DETAIL","query,detail","单据编号","文本","1","0",""
"DISPATCH_DETAIL","query,detail","生产车间","文本","1","0",""
"DISPATCH_DETAIL","query,detail","产品名称","文本","1","0",""
"DISPATCH_DETAIL","query,detail","部门","文本","1","0",""
"DISPATCH_DETAIL","query,detail","单据状态","文本","1","0",""
"DISPATCH_DETAIL","query,detail","委外供应商","文本","1","0",""
"DISPATCH_STATS","detail","asp_cancel","文本","1","0",""
"DISPATCH_STATS","detail","生产车间","文本","1","0",""
"DISPATCH_STATS","detail","计量单位","文本","1","0",""
"DISPATCH_STATS","detail","派工单数","文本","1","0",""
"DISPATCH_STATS","detail","计划数量","文本","1","0",""
"DISPATCH_STATS","detail","派工数量","文本","1","0",""
"DISPATCH_STATS","detail","累计汇报数量","文本","1","0",""
"DISPATCH_STATS","detail","派工加工状态","文本","1","0",""
"DISPATCH_STATS","query","部门","文本","1","0",""
"DISPATCH_STATS","query,detail","单据日期","文本","1","0",""
"DISPATCH_STATS","query,detail","工序名称","文本","1","0",""
"EMP","detail","员工编码","文本","1","0",""
"EMP","detail","员工名称","文本","1","0",""
"EMP","detail","所属部门","下拉框","1","0",""
"EMP","detail","证件号码","文本","1","0",""
"EMP","detail","手机","文本","1","0",""
"EMP","detail","停用","是否","1","0",""
"EMP","detail","性别","文本","1","0",""
"EMP","detail","部门编码","文本","1","0",""
"EMP","detail","入职日期","日期","1","0",""
"EMP","detail","离职日期","日期","1","0",""
"EMP","detail","邮箱","文本","1","0",""
"EMP","detail","生日","文本","1","0",""
"EMP","detail","微信","文本","1","0",""
"EMP","detail","部门id","文本","0","1",""
"EMP","detail","结算账户id","文本","0","1",""
"EMP","detail","结算类型id","文本","0","1",""
"EQUIP","detail","设备编码","文本","1","0",""
"EQUIP","detail","设备名称","文本","1","0",""
"EQUIP","detail","所属部门","下拉框","1","0",""
"EQUIP","detail","负责人","文本","1","0",""
"EQUIP","detail","产量/小时","小数","1","0",""
"EQUIP","detail","停用","是否","1","0",""
"EQUIP","detail","设备型号","文本","1","0",""
"EQUIP","detail","规格","文本","1","0",""
"EQUIP","detail","安装车间","参照","1","0","DEPT"
"EQUIP","detail","启用日期","日期","1","0",""
"EQUIP","detail","设备状态","下拉框","1","0",""
"EQUIP","detail","保养周期(天)","整数","1","0",""
"EQUIP","detail","保养责任人","文本","1","0",""
"EQUIP_CHECK","detail","点检方法","文本","1","0",""
"EQUIP_CHECK","detail","检查标准","文本","1","0",""
"EQUIP_CHECK","detail","解决措施","文本","1","0",""
"EQUIP_CHECK","header","点检人","文本","1","0",""
"EQUIP_CHECK","header,detail","备注","文本","1","0",""
"EQUIP_CHECK","query,detail","检查内容","文本","1","0",""
"EQUIP_CHECK","query,detail","点检日期","文本","1","0",""
"EQUIP_CHECK","query,detail","结果","下拉框","1","0",""
"EQUIP_CHECK","query,header","单据编号","文本","1","0",""
"EQUIP_CHECK","query,header","年月","文本","1","0",""
"EQUIP_CHECK","query,header","车间","文本","1","0",""
"EQUIP_CHECK","query,header","设备名称","参照","1","0","EQUIP"
"EQUIP_CHECK","query,header","单据状态","文本","1","0",""
"ERPLG","detail","文件名","文本","1","0",""
"ERPLG","detail","总行数","整数","1","0",""
"ERPLG","detail","成功数","整数","1","0",""
"ERPLG","detail","失败数","整数","1","0",""
"ERPLG","detail","跳过数","整数","1","0",""
"ERPLG","detail","操作人","文本","1","0",""
"ERPLG","detail","备注","文本","1","0",""
"ERPLG","query,detail","批次号","文本","1","0",""
"ERPLG","query,detail","导入类型","下拉框","1","0",""
"ERPLG","query,detail","状态","下拉框","1","0",""
"ERPLG","query,detail","导入时间","日期","1","0",""
"ERPLG_ROW","detail","行号","整数","1","0",""
"ERPLG_ROW","detail","错误信息","文本","1","0",""
"ERPLG_ROW","detail","目标键","文本","1","0",""
"ERPLG_ROW","query,detail","批次号","文本","1","0",""
"ERPLG_ROW","query,detail","源单号","文本","1","0",""
"ERPLG_ROW","query,detail","解析状态","下拉框","1","0",""
"ERPLG_ROW","query,detail","目标表","文本","1","0",""
"ERPLG_ROW","query,detail","处理状态","下拉框","1","0",""
"FEED_CONFIRM","detail","阶段","下拉框","1","0",""
"FEED_CONFIRM","detail","理论数量","小数","1","0",""
"FEED_CONFIRM","detail","实际重量","小数","1","0",""
"FEED_CONFIRM","detail","投料人","文本","1","0",""
"FEED_CONFIRM","detail","是否确认","是否","1","0",""
"FEED_CONFIRM","detail","确认人","文本","1","0",""
"FEED_CONFIRM","header","备注","文本","1","0",""
"FEED_CONFIRM","header","审核人","参照","1","0","EMP"
"FEED_CONFIRM","query,detail","投料成分","文本","1","0",""
"FEED_CONFIRM","query,header","单据编号","文本","1","0",""
"FEED_CONFIRM","query,header","单据日期","日期","1","0",""
"FEED_CONFIRM","query,header","物料名称","文本","1","0",""
"FEED_CONFIRM","query,header","批号","文本","1","0",""
"FEED_CONFIRM","query,header","单据状态","文本","1","0",""
"FIN_ACC","detail","科目编码","文本","1","0",""
"FIN_ACC","detail","科目名称","文本","1","0",""
"FIN_ACC","detail","科目类别","下拉框","1","0",""
"FIN_ACC","detail","备注","文本","1","0",""
"FIN_ACC","detail","上级科目","参照","1","0","FIN_ACC"
"FIN_ACC","detail","余额方向","下拉框","1","0",""
"FIN_ACC","detail","停用","是否","1","0",""
"FIN_EXP","detail","费用类别编码","文本","1","0",""
"FIN_EXP","detail","费用类别名称","文本","1","0",""
"FIN_EXP","detail","备注","文本","1","0",""
"FIN_EXP","detail","上级类别","参照","1","0","FIN_EXP"
"FIN_EXP","detail","停用","是否","1","0",""
"FIN_TAX","detail","税别编码","文本","1","0",""
"FIN_TAX","detail","税别名称","文本","1","0",""
"FIN_TAX","detail","税率%","小数","1","0",""
"FIN_TAX","detail","备注","文本","1","0",""
"FIN_TAX","detail","停用","是否","1","0",""
"FINISH_IN","detail","产品名称","参照","1","0","INV"
"FINISH_IN","detail","存货图片","文本","1","0",""
"FINISH_IN","detail","规格型号","文本","1","0",""
"FINISH_IN","detail","智能选单","文本","1","0",""
"FINISH_IN","detail","计量单位","下拉框","1","0",""
"FINISH_IN","detail","金额","小数","1","0",""
"FINISH_IN","detail","单价","小数","1","0",""
"FINISH_IN","detail","实收数量","小数","1","0",""
"FINISH_IN","detail","现存量","小数","1","0",""
"FINISH_IN","detail","现存量说明","文本","1","0",""
"FINISH_IN","detail","图号","文本","1","0",""
"FINISH_IN","header","经手人","参照","1","0","EMP"
"FINISH_IN","header","项目","参照","1","0","PROJ"
"FINISH_IN","header","销售订单号","文本","1","0",""
"FINISH_IN","header","凭证字号","文本","1","0",""
"FINISH_IN","header","备注","文本","1","0",""
"FINISH_IN","query,detail","产品编码","参照","1","0","INV"
"FINISH_IN","query,detail","批号","文本","1","0",""
"FINISH_IN","query,header","单据日期","日期","1","0",""
"FINISH_IN","query,header","单据编号","文本","1","0",""
"FINISH_IN","query,header","业务类型","下拉框","1","0",""
"FINISH_IN","query,header","入库类别","下拉框","1","0",""
"FINISH_IN","query,header","生产车间","下拉框","1","0",""
"FINISH_IN","query,header","加工单号","文本","1","0",""
"FINISH_IN","query,header","匹配来源单号","文本","1","0",""
"FINISH_IN","query,header,detail","仓库","参照","1","0","WH"
"FINISH_IN_DETAIL","detail","创建时间","日期","1","0",""
"FINISH_IN_DETAIL","detail","仓库编码","文本","1","0",""
"FINISH_IN_DETAIL","detail","入库类别","文本","1","0",""
"FINISH_IN_DETAIL","detail","生产车间编码","文本","1","0",""
"FINISH_IN_DETAIL","detail","经手人编码","文本","1","0",""
"FINISH_IN_DETAIL","detail","经手人","文本","1","0",""
"FINISH_IN_DETAIL","detail","备注","文本","1","0",""
"FINISH_IN_DETAIL","detail","制单人","文本","1","0",""
"FINISH_IN_DETAIL","detail","审核人","文本","1","0",""
"FINISH_IN_DETAIL","detail","存货编码","文本","1","0",""
"FINISH_IN_DETAIL","detail","规格型号","文本","1","0",""
"FINISH_IN_DETAIL","detail","计量单位","文本","1","0",""
"FINISH_IN_DETAIL","detail","实收数量","小数","1","0",""
"FINISH_IN_DETAIL","detail","单价","小数","1","0",""
"FINISH_IN_DETAIL","detail","金额","小数","1","0",""
"FINISH_IN_DETAIL","detail","计量单位2","文本","1","0",""
"FINISH_IN_DETAIL","detail","实收数量2","小数","1","0",""
"FINISH_IN_DETAIL","query,detail","单据日期","日期","1","0",""
"FINISH_IN_DETAIL","query,detail","单据编号","文本","1","0",""
"FINISH_IN_DETAIL","query,detail","业务类型","文本","1","0",""
"FINISH_IN_DETAIL","query,detail","仓库","文本","1","0",""
"FINISH_IN_DETAIL","query,detail","生产车间","文本","1","0",""
"FINISH_IN_DETAIL","query,detail","存货","文本","1","0",""
"FINISH_IN_STATS","detail","项目","文本","1","0",""
"FINISH_IN_STATS","detail","存货编码","文本","1","0",""
"FINISH_IN_STATS","detail","规格型号","文本","1","0",""
"FINISH_IN_STATS","detail","计量单位","文本","1","0",""
"FINISH_IN_STATS","detail","辅单位","文本","1","0",""
"FINISH_IN_STATS","detail","实收数量(主单位)","文本","1","0",""
"FINISH_IN_STATS","detail","单价","小数","1","0",""
"FINISH_IN_STATS","detail","金额","小数","1","0",""
"FINISH_IN_STATS","detail","实收数量(辅单位)","文本","1","0",""
"FINISH_IN_STATS","detail","单价(辅单位)","文本","1","0",""
"FINISH_IN_STATS","query,detail","单据日期","日期","1","0",""
"FINISH_IN_STATS","query,detail","存货","文本","1","0",""
"GFDA","detail","gysfl","文本","1","0",""
"GFDA","detail","addr","文本","0","1",""
"GFDA","detail","tel","文本","1","0",""
"GFDA","detail","ywman","文本","1","0",""
"GFDA","detail","sui_no","文本","0","1",""
"GFDA","detail","bank","文本","1","0",""
"GFDA","detail","bank_no","文本","1","0",""
"GFDA","detail","bz","文本","1","0",""
"GFDA","detail","供应商分类编码","文本","1","0",""
"GFDA","detail","增值税税率","小数","1","0",""
"GFDA","detail","开票名称","文本","0","1",""
"GFDA","detail","开户地址","文本","0","1",""
"GFDA","detail","采购员部门","文本","1","0",""
"GFDA","detail","自动抵扣预收款","是否","0","1",""
"GFDA","detail","联系人","文本","1","0",""
"GFDA","detail","供应商联系人手机","文本","1","0",""
"GFDA","detail","供应商联系人座机","文本","0","1",""
"GFDA","detail","供应商联系人邮箱","文本","0","1",""
"GFDA","detail","供应商联系人地址","文本","0","1",""
"GFDA","detail","group_id","文本","0","1",""
"GFDA","detail","生日","文本","0","1",""
"GFDA","detail","QQ","文本","0","1",""
"GFDA","detail","国家-id","文本","0","1",""
"GFDA","detail","国家-名称","文本","0","1",""
"GFDA","detail","国家-编码","文本","0","1",""
"GFDA","detail","省-id","文本","0","1",""
"GFDA","detail","省-名称","文本","0","1",""
"GFDA","detail","省-编码","文本","0","1",""
"GFDA","detail","市-id","文本","0","1",""
"GFDA","detail","市-名称","文本","0","1",""
"GFDA","detail","市-编码","文本","0","1",""
"GFDA","detail","区-id","文本","0","1",""
"GFDA","detail","区-名称","文本","0","1",""
"GFDA","detail","区-编码","文本","0","1",""
"GFDA","detail","性别1-男2-女","文本","0","1",""
"GFDA","detail","微信","文本","0","1",""
"GFDA","detail","是否首要联系人","文本","0","1",""
"GFDA","detail","联系人序号","文本","0","1",""
"GFDA","detail","分类编码","文本","0","1",""
"GFDA","detail","税率","文本","0","1",""
"GFDA","query,detail","dm","文本","1","0",""
"GFDA","query,detail","mc","文本","1","0",""
"GRAN_RECORD","header","ZHP_C批次","文本","1","0",""
"GRAN_RECORD","header","ZG_C批次","文本","1","0",""
"GRAN_RECORD","header","活性粉","文本","1","0",""
"GRAN_RECORD","header","温度","小数","1","0",""
"GRAN_RECORD","header","湿度","小数","1","0",""
"GRAN_RECORD","header","PE用量","小数","1","0",""
"GRAN_RECORD","header","纯水用量","小数","1","0",""
"GRAN_RECORD","header","捏合时间","文本","1","0",""
"GRAN_RECORD","header","吹扫时间","文本","1","0",""
"GRAN_RECORD","header","测试时间","文本","1","0",""
"GRAN_RECORD","header","取样测试人","文本","1","0",""
"GRAN_RECORD","header","操作员","文本","1","0",""
"GRAN_RECORD","header","备注","文本","1","0",""
"GRAN_RECORD","header","审核人","参照","1","0","EMP"
"GRAN_RECORD","query,header","单据编号","文本","1","0",""
"GRAN_RECORD","query,header","单据日期","日期","1","0",""
"GRAN_RECORD","query,header","物料名称","文本","1","0",""
"GRAN_RECORD","query,header","生产批次","文本","1","0",""
"GRAN_RECORD","query,header","水分含量","小数","1","0",""
"GRAN_RECORD","query,header","单据状态","文本","1","0",""
"INV","detail","所属类别","下拉框","1","0",""
"INV","detail","规格型号","文本","1","0",""
"INV","detail","条形码","文本","0","1",""
"INV","detail","计价方式","下拉框","1","0",""
"INV","detail","品牌","文本","0","1",""
"INV","detail","计量单位","下拉框","1","0",""
"INV","detail","属性","下拉框","1","0",""
"INV","detail","参考成本","小数","1","0",""
"INV","detail","最新成本","小数","1","0",""
"INV","detail","建档日期","日期","0","1",""
"INV","detail","停用","是否","1","0",""
"INV","detail","备注","文本","1","0",""
"INV","detail","助记码","文本","1","0",""
"INV","detail","产地","文本","0","1",""
"INV","detail","检验方式","下拉框","1","0",""
"INV","detail","是否可销售","是否","1","0",""
"INV","detail","是否可采购","是否","1","0",""
"INV","detail","是否为子件","是否","1","0",""
"INV","detail","是否为组件","是否","1","0",""
"INV","detail","是否多单位","是否","1","0",""
"INV","detail","辅助单位","文本","1","0",""
"INV","detail","辅助单位编码","文本","1","0",""
"INV","detail","是否启用保质期","是否","0","1",""
"INV","detail","保质期","小数","1","0",""
"INV","detail","保质期单位","文本","0","1",""
"INV","detail","预警天数","小数","1","0",""
"INV","detail","是否启用辅助属性","是否","0","1",""
"INV","detail","库存管理方式","文本","1","0",""
"INV","detail","最低库存","小数","1","0",""
"INV","detail","最高库存","小数","1","0",""
"INV","detail","预警库存","小数","1","0",""
"INV","detail","销项税率","小数","1","0",""
"INV","detail","进项税率","小数","1","0",""
"INV","detail","生产许可证","文本","0","1",""
"INV","detail","注册证号","文本","0","1",""
"INV","detail","毛重","小数","1","0",""
"INV","detail","净重","小数","1","0",""
"INV","detail","长","小数","1","0",""
"INV","detail","宽","小数","1","0",""
"INV","detail","高","小数","1","0",""
"INV","detail","体积","小数","1","0",""
"INV","detail","可用库存","小数","1","0",""
"INV","detail","即时库存","小数","1","0",""
"INV","detail","最小包装量","小数","1","0",""
"INV","detail","默认生产车间编码","文本","0","1",""
"INV","detail","是否倒冲领料","是否","0","1",""
"INV","detail","倒冲仓库名称","文本","0","1",""
"INV","detail","倒冲仓库编码","文本","0","1",""
"INV","detail","倒冲仓位名称","文本","0","1",""
"INV","detail","商品标签","文本","1","0",""
"INV","detail","品牌编码","文本","0","1",""
"INV","detail","默认仓库","文本","0","1",""
"INV","detail","默认仓库编码","文本","0","1",""
"INV","detail","基本单位编码","文本","1","0",""
"INV","detail","是否自制","是否","0","1",""
"INV","detail","是否启用称重","是否","0","1",""
"INV","detail","是否序列号管理","是否","0","1",""
"INV","detail","是否批次管理","是否","1","0",""
"INV","detail","多单位","文本","0","1",""
"INV","detail","图片链接","文本","0","1",""
"INV","detail","采购价","小数","1","0",""
"INV","detail","零售价","小数","1","0",""
"INV","detail","批发价","小数","1","0",""
"INV","detail","配送价","小数","1","0",""
"INV","detail","最低销售价","小数","1","0",""
"INV","detail","最高采购价","小数","1","0",""
"INV","detail","最近采购价","小数","1","0",""
"INV","detail","最近销售价","小数","1","0",""
"INV","detail","最近含税采购价","小数","1","0",""
"INV","detail","最近含税销售价","小数","1","0",""
"INV","detail","最近采购入库成本","小数","1","0",""
"INV","detail","最近成交供应商","文本","0","1",""
"INV","detail","委外价","小数","1","0",""
"INV","detail","价格单位","文本","1","0",""
"INV","detail","parent_name","文本","0","1",""
"INV","detail","商品类别编码","文本","0","1",""
"INV","detail","is_show_aux_barcode","文本","0","1",""
"INV","detail","品牌id","文本","0","1",""
"INV","detail","商品计量单位id","文本","0","1",""
"INV","detail","默认仓库_stock_id","文本","0","1",""
"INV","detail","采购单位","文本","0","1",""
"INV","detail","辅助单位1,启动多单位，才需要传递","文本","0","1",""
"INV","detail","换算率1","文本","0","1",""
"INV","detail","换算单位1","文本","0","1",""
"INV","detail","辅助单位2","文本","0","1",""
"INV","detail","换算率2","文本","0","1",""
"INV","detail","换算单位2","文本","0","1",""
"INV","detail","辅助单位3","文本","0","1",""
"INV","detail","换算率3","文本","0","1",""
"INV","detail","换算单位3","文本","0","1",""
"INV","detail","销售单位","文本","0","1",""
"INV","detail","库存单位","文本","0","1",""
"INV","detail","报表辅助单位","文本","0","1",""
"INV","detail","辅助属性","文本","0","1",""
"INV","detail","商品条码","文本","0","1",""
"INV","detail","税收分类编码","文本","0","1",""
"INV","detail","默认仓位","文本","0","1",""
"INV","detail","默认供应商","文本","0","1",""
"INV","detail","采购员","文本","0","1",""
"INV","detail","重量单位","文本","0","1",""
"INV","detail","商品图片","文本","0","1",""
"INV","detail","套装信息对象","文本","0","1",""
"INV","detail","附件地址","文本","0","1",""
"INV","detail","默认生产车间id","文本","0","1",""
"INV","detail","倒冲仓库id","文本","0","1",""
"INV","detail","倒冲仓位id","文本","0","1",""
"INV","detail","倒冲仓位编码","文本","0","1",""
"INV","header","是否来料检验","文本","1","1",""
"INV","query,detail","存货编码","文本","1","0",""
"INV","query,detail","存货名称","文本","1","0",""
"INV","query,detail","水分含量","小数","1","0",""
"INV_PRICE","detail","存货编码","文本","1","0",""
"INV_PRICE","detail","存货名称","文本","1","0",""
"INV_PRICE","detail","规格型号","文本","1","0",""
"INV_PRICE","detail","品牌","文本","1","0",""
"INV_PRICE","detail","计量单位","文本","1","0",""
"INV_PRICE","detail","采购价","小数","1","0",""
"INV_PRICE","detail","委外价","小数","1","0",""
"INV_PRICE","detail","零售价","小数","1","0",""
"INV_PRICE","detail","普通客户价","小数","1","0",""
"INV_PRICE","detail","一级批发价","小数","1","0",""
"INV_PRICE","detail","二级批发价","小数","1","0",""
"INV_PRICE","detail","三级批发价","小数","1","0",""
"INV_PRICE","detail","四级批发价","小数","1","0",""
"INV_PRICE","detail","五级批发价","小数","1","0",""
"INV_PRICE","detail","最新售价","小数","1","0",""
"INV_PRICE","detail","最低售价","小数","1","0",""
"INV_PRICE","detail","最新进价","小数","1","0",""
"INV_PRICE","detail","最高进价","小数","1","0",""
"INV_PRICE","detail","加价率%","小数","1","0",""
"INV_PRICE","detail","最近修改日期","日期","1","0",""
"INV_PRICE","detail","最高委外价","小数","1","0",""
"INV_PRICE","detail","扣率%","小数","1","0",""
"INV_PRICE","detail","操作员","文本","1","0",""
"INV_PRICE","detail","建档人","文本","1","0",""
"KHDA","detail","khlb","文本","1","0",""
"KHDA","detail","khjb","文本","0","1",""
"KHDA","detail","addr","文本","1","0",""
"KHDA","detail","tel","文本","1","0",""
"KHDA","detail","lxr","文本","1","0",""
"KHDA","detail","ywman","文本","1","0",""
"KHDA","detail","sui_no","文本","0","1",""
"KHDA","detail","bank","文本","0","1",""
"KHDA","detail","bank_no","文本","1","0",""
"KHDA","detail","email","文本","0","1",""
"KHDA","detail","frdb","文本","0","1",""
"KHDA","detail","zczb","小数","0","1",""
"KHDA","detail","clrq","日期","0","1",""
"KHDA","detail","bz","文本","0","1",""
"KHDA","detail","客户分类编码","文本","1","0",""
"KHDA","detail","价格等级编码","文本","0","1",""
"KHDA","detail","业务员编码","文本","1","0",""
"KHDA","detail","结算客户","文本","1","0",""
"KHDA","detail","结算客户编码","文本","1","0",""
"KHDA","detail","部门","文本","1","0",""
"KHDA","detail","部门编码","文本","1","0",""
"KHDA","detail","增值税税率","小数","1","0",""
"KHDA","detail","开票名称","文本","0","1",""
"KHDA","detail","发票类型","文本","1","0",""
"KHDA","detail","国家编码","文本","1","0",""
"KHDA","detail","省份编码","文本","1","0",""
"KHDA","detail","城市编码","文本","1","0",""
"KHDA","detail","区县编码","文本","1","0",""
"KHDA","detail","结算期限","文本","1","0",""
"KHDA","detail","结算期限编码","文本","1","0",""
"KHDA","detail","自动抵扣预收款","是否","0","1",""
"KHDA","detail","信用额度","小数","1","0",""
"KHDA","detail","创建人","文本","0","1",""
"KHDA","detail","创建时间","日期","1","0",""
"KHDA","detail","修改时间","日期","1","0",""
"KHDA","detail","收票邮箱","文本","0","1",""
"KHDA","detail","收票手机号","文本","0","1",""
"KHDA","detail","开户地址","文本","0","1",""
"KHDA","detail","联系人性别","文本","1","0",""
"KHDA","detail","首要联系人","是否","1","0",""
"KHDA","detail","联系人手机","文本","1","0",""
"KHDA","detail","联系人座机","文本","1","0",""
"KHDA","detail","联系人邮箱","文本","0","1",""
"KHDA","detail","联系人生日","文本","0","1",""
"KHDA","detail","联系人QQ","文本","0","1",""
"KHDA","detail","联系人微信","文本","0","1",""
"KHDA","detail","联系人地址","文本","1","0",""
"KHDA","detail","gj","文本","1","0",""
"KHDA","detail","sheng","文本","1","0",""
"KHDA","detail","shi","文本","1","0",""
"KHDA","detail","qu","文本","1","0",""
"KHDA","detail","价格等级-id","文本","0","1",""
"KHDA","detail","国家-id","文本","0","1",""
"KHDA","detail","省-id","文本","0","1",""
"KHDA","detail","市-id","文本","0","1",""
"KHDA","detail","区-id","文本","0","1",""
"KHDA","detail","部门-id","文本","0","1",""
"KHDA","detail","类别-id","文本","0","1",""
"KHDA","detail","业务员-id","文本","0","1",""
"KHDA","detail","结算期限id","文本","0","1",""
"KHDA","detail","结算客户id","文本","0","1",""
"KHDA","detail","联系人创建时间","日期","0","1",""
"KHDA","detail","联系人国家-id","文本","0","1",""
"KHDA","detail","国家-名称","文本","0","1",""
"KHDA","detail","国家-编码","文本","0","1",""
"KHDA","detail","联系人省-id","文本","0","1",""
"KHDA","detail","省-名称","文本","0","1",""
"KHDA","detail","省-编码","文本","0","1",""
"KHDA","detail","联系人市-id","文本","0","1",""
"KHDA","detail","市-名称","文本","0","1",""
"KHDA","detail","市-编码","文本","0","1",""
"KHDA","detail","联系人区-id","文本","0","1",""
"KHDA","detail","区-名称","文本","0","1",""
"KHDA","detail","区-编码","文本","0","1",""
"KHDA","detail","联系人序号","文本","0","1",""
"KHDA","query,detail","dm","文本","1","0",""
"KHDA","query,detail","mc","文本","1","0",""
"KHDD","detail","od_xc","整数","1","0",""
"KHDD","detail","qty","小数","1","0",""
"KHDD","detail","qty2","小数","1","0",""
"KHDD","detail","od_danj","小数","1","0",""
"KHDD","detail","od_zk","小数","1","0",""
"KHDD","detail","je","小数","1","0",""
"KHDD","detail","fh_date","日期","1","0",""
"KHDD","detail","Remark","文本","1","0",""
"KHDD","header","jh_date","日期","1","0",""
"KHDD","header","ywman","文本","1","0",""
"KHDD","header","ddlx","文本","1","0",""
"KHDD","header","je","小数","1","0",""
"KHDD","header","total_qty","小数","1","0",""
"KHDD","header","bz","文本","1","0",""
"KHDD","header","附件1","附件","1","0",""
"KHDD","header","附件2","附件","1","0",""
"KHDD","header","附件3","附件","1","0",""
"KHDD","header","附件4","附件","1","0",""
"KHDD","header","附件5","附件","1","0",""
"KHDD","header","附件6","附件","1","0",""
"KHDD","query,detail","wzdm","文本","1","0",""
"KHDD","query,header","od_no","文本","1","0",""
"KHDD","query,header","cust_po","文本","1","0",""
"KHDD","query,header","od_date","日期","1","0",""
"KHDD","query,header","khdm","参照","1","0","KHDA"
"LINE_LOAD","query,detail","生产线","文本","1","0",""
"LINE_LOAD","query,detail","生产车间","文本","1","0",""
"LINE_LOAD","query,detail","日产能","小数","1","0",""
"LINE_LOAD","query,detail","今日负荷","小数","1","0",""
"LINE_LOAD","query,detail","D1","小数","1","0",""
"LINE_LOAD","query,detail","D2","小数","1","0",""
"LINE_LOAD","query,detail","D3","小数","1","0",""
"LINE_LOAD","query,detail","D4","小数","1","0",""
"LINE_LOAD","query,detail","D5","小数","1","0",""
"LINE_LOAD","query,detail","D6","小数","1","0",""
"LINE_LOAD","query,detail","D7","小数","1","0",""
"LINE_LOAD","query,detail","D8","小数","1","0",""
"LINE_LOAD","query,detail","D9","小数","1","0",""
"LINE_LOAD","query,detail","D10","小数","1","0",""
"LINE_LOAD","query,detail","D11","小数","1","0",""
"LINE_LOAD","query,detail","D12","小数","1","0",""
"LINE_LOAD","query,detail","D13","小数","1","0",""
"LINE_LOAD","query,detail","合计负荷","小数","1","0",""
"LOT_TRACE","detail","物料名称","文本","1","0",""
"LOT_TRACE","detail","数量","小数","1","0",""
"LOT_TRACE","detail","仓库","文本","1","0",""
"LOT_TRACE","detail","相关人","文本","1","0",""
"LOT_TRACE","detail","对象","文本","1","0",""
"LOT_TRACE","query,detail","批号","文本","1","0",""
"LOT_TRACE","query,detail","物料编码","文本","1","0",""
"LOT_TRACE","query,detail","事件","文本","1","0",""
"LOT_TRACE","query,detail","单据编号","文本","1","0",""
"LOT_TRACE","query,detail","单据日期","文本","1","0",""
"LOT_TRACE","query,detail","状态","文本","1","0",""
"MAINT_PLAN","detail","保养项目","文本","1","0",""
"MAINT_PLAN","detail","保养内容","文本","1","0",""
"MAINT_PLAN","detail","具体方法","文本","1","0",""
"MAINT_PLAN","detail","计划保养时间","文本","1","0",""
"MAINT_PLAN","detail","保养人","文本","1","0",""
"MAINT_PLAN","detail","保养情况","文本","1","0",""
"MAINT_PLAN","header","使用范围","文本","1","0",""
"MAINT_PLAN","header","管理人","文本","1","0",""
"MAINT_PLAN","header","备注","文本","1","0",""
"MAINT_PLAN","query,detail","设备名称","参照","1","0","EQUIP"
"MAINT_PLAN","query,detail","保养周期","文本","1","0",""
"MAINT_PLAN","query,header","单据编号","文本","1","0",""
"MAINT_PLAN","query,header","单据状态","文本","1","0",""
"MANU_ORDER","detail","产品编码","参照","1","0","INV"
"MANU_ORDER","detail","存货图片","文本","1","0",""
"MANU_ORDER","detail","产品名称","参照","1","0","INV"
"MANU_ORDER","detail","规格型号","文本","1","0",""
"MANU_ORDER","detail","型号","文本","1","0",""
"MANU_ORDER","detail","生产单位","参照","1","0","UOM"
"MANU_ORDER","detail","数量","小数","1","0",""
"MANU_ORDER","detail","齐套数量(主)","小数","1","0",""
"MANU_ORDER","detail","累计汇报套数(工序单位)","小数","1","0",""
"MANU_ORDER","detail","可用量","小数","1","0",""
"MANU_ORDER","detail","现存量","小数","1","0",""
"MANU_ORDER","detail","图号","文本","1","0",""
"MANU_ORDER","detail","单重","小数","1","0",""
"MANU_ORDER","detail","总重","小数","1","0",""
"MANU_ORDER","detail","需求令号","文本","1","0",""
"MANU_ORDER","detail","批号","文本","1","0",""
"MANU_ORDER","detail","需求数量","小数","1","0",""
"MANU_ORDER","detail","排产数量","小数","1","0",""
"MANU_ORDER","detail","入库数量","小数","1","0",""
"MANU_ORDER","detail","余量","小数","1","0",""
"MANU_ORDER","detail","单价","小数","1","0",""
"MANU_ORDER","detail","金额","小数","1","0",""
"MANU_ORDER","detail","每箱数量","小数","1","0",""
"MANU_ORDER","header","批号","文本","1","0",""
"MANU_ORDER","header","混料批次号","文本","1","0",""
"MANU_ORDER","header","首件完成","文本","1","0",""
"MANU_ORDER","header","首件完成时间","日期","1","0",""
"MANU_ORDER","header","首件通知人","文本","1","0",""
"MANU_ORDER","header","重点管控","文本","1","0",""
"MANU_ORDER","header","模具类型","文本","1","0",""
"MANU_ORDER","header","排产班组","文本","1","0",""
"MANU_ORDER","header","打印次数","整数","1","0",""
"MANU_ORDER","header","客户","文本","1","0",""
"MANU_ORDER","header","附件1","附件","1","0",""
"MANU_ORDER","header","附件2","附件","1","0",""
"MANU_ORDER","header","附件3","附件","1","0",""
"MANU_ORDER","header","附件4","附件","1","0",""
"MANU_ORDER","header","附件5","附件","1","0",""
"MANU_ORDER","header","附件6","附件","1","0",""
"MANU_ORDER","header","测试程序","下拉框","1","0",""
"MANU_ORDER","header","机构","下拉框","1","0",""
"MANU_ORDER","header","重量","小数","1","0",""
"MANU_ORDER","header","开工日期","日期","1","0",""
"MANU_ORDER","header","完工日期","日期","1","0",""
"MANU_ORDER","header","是否手工修改单据编码","是否","1","0",""
"MANU_ORDER","header","负责人","参照","1","0","EMP"
"MANU_ORDER","header","操作员","文本","1","0",""
"MANU_ORDER","header","入库单号","文本","1","0",""
"MANU_ORDER","header","领料单号","文本","1","0",""
"MANU_ORDER","header","外包单号","文本","1","0",""
"MANU_ORDER","header","单据类型","文本","1","0",""
"MANU_ORDER","header","来料性质","文本","1","0",""
"MANU_ORDER","header","来料单号","文本","1","0",""
"MANU_ORDER","header","采购入库单号","文本","1","0",""
"MANU_ORDER","header","单价","小数","1","0",""
"MANU_ORDER","header","金额","小数","1","0",""
"MANU_ORDER","header","源工单号","文本","1","0",""
"MANU_ORDER","header","拆分序号","整数","1","0",""
"MANU_ORDER","query,header","合同号","日期","1","0",""
"MANU_ORDER","query,header","单据日期","日期","1","0",""
"MANU_ORDER","query,header","销售订单号","文本","1","0",""
"MANU_ORDER","query,header","客户编码","参照","1","0","PARTNER"
"MANU_ORDER","query,header","生产线","文本","1","0",""
"MANU_ORDER","query,header","需求数量","小数","1","0",""
"MANU_ORDER","query,header","排产数量","小数","1","0",""
"MANU_ORDER","query,header","入库数量","小数","1","0",""
"MANU_ORDER","query,header","余量","小数","1","0",""
"MANU_ORDER","query,header","预开工日","日期","1","0",""
"MANU_ORDER","query,header","预完工日","日期","1","0",""
"MANU_ORDER","query,header","结案","是否","1","0",""
"MANU_ORDER","query,header","备注","文本","1","0",""
"MANU_ORDER","query,header","asp_time1","文本","1","0",""
"MANU_ORDER_DETAIL","query,detail","单据编号","文本","1","0",""
"MANU_ORDER_DETAIL","query,detail","客户编码","文本","1","0",""
"MANU_ORDER_DETAIL","query,detail","客户","文本","1","0",""
"MANU_ORDER_DETAIL","query,detail","产品编码","文本","1","0",""
"MANU_ORDER_DETAIL","query,detail","产品名称","文本","1","0",""
"MANU_ORDER_DETAIL","query,detail","规格型号","文本","1","0",""
"MANU_ORDER_DETAIL","query,detail","型号","文本","1","0",""
"MANU_ORDER_DETAIL","query,detail","生产单位","文本","1","0",""
"MANU_ORDER_DETAIL","query,detail","数量","文本","1","0",""
"MANU_ORDER_DETAIL","query,detail","齐套数量(主)","文本","1","0",""
"MANU_ORDER_DETAIL","query,detail","累计汇报套数(工序单位)","文本","1","0",""
"MANU_ORDER_DETAIL","query,detail","可用量","文本","1","0",""
"MANU_ORDER_DETAIL","query,detail","现存量","文本","1","0",""
"MANU_ORDER_DETAIL","query,detail","图号","文本","1","0",""
"MANU_ORDER_DETAIL","query,detail","单重","文本","1","0",""
"MANU_ORDER_DETAIL","query,detail","总重","文本","1","0",""
"MANU_ORDER_DETAIL","query,detail","需求令号","文本","1","0",""
"MANU_ORDER_DETAIL","query,detail","批号","文本","1","0",""
"MANU_ORDER_DETAIL","query,detail","预开工日","文本","1","0",""
"MANU_ORDER_DETAIL","query,detail","预完工日","文本","1","0",""
"MANU_ORDER_DETAIL","query,detail","生产线","文本","1","0",""
"MANU_ORDER_DETAIL","query,detail","排产数量","文本","1","0",""
"MANU_ORDER_DETAIL","query,detail","入库数量","文本","1","0",""
"MANU_ORDER_DETAIL","query,detail","余量","文本","1","0",""
"MANU_ORDER_DETAIL","query,detail","需求数量","文本","1","0",""
"MANU_ORDER_STATS","detail","产品编码","文本","1","0",""
"MANU_ORDER_STATS","detail","产品名称","文本","1","0",""
"MANU_ORDER_STATS","detail","规格型号","文本","1","0",""
"MANU_ORDER_STATS","detail","生产单位","文本","1","0",""
"MANU_ORDER_STATS","detail","加工单数","文本","1","0",""
"MANU_ORDER_STATS","detail","计划数量","小数","1","0",""
"MANU_ORDER_STATS","detail","累计汇报数量","小数","1","0",""
"MANU_ORDER_STATS","detail","完工数量","小数","1","0",""
"MANU_ORDER_STATS","detail","生产进度%","小数","1","0",""
"MANU_SCHEDULE","detail","产能/小时","小数","1","0",""
"MANU_SCHEDULE","detail","规格型号","文本","1","0",""
"MANU_SCHEDULE","detail","生产单位","文本","1","0",""
"MANU_SCHEDULE","detail","每箱数量","小数","1","0",""
"MANU_SCHEDULE","detail","箱数","小数","1","0",""
"MANU_SCHEDULE","detail","余量","小数","1","0",""
"MANU_SCHEDULE","detail","结案","是否","1","0",""
"MANU_SCHEDULE","detail","源工单号","文本","1","0",""
"MANU_SCHEDULE","detail","混料计划","小数","1","0",""
"MANU_SCHEDULE","detail","7天已排产","小数","1","0",""
"MANU_SCHEDULE","detail","15天已排产","小数","1","0",""
"MANU_SCHEDULE","detail","大于15天","小数","1","0",""
"MANU_SCHEDULE","detail","混料未完成","小数","1","0",""
"MANU_SCHEDULE","detail","成型计划","小数","1","0",""
"MANU_SCHEDULE","detail","成型未完成","小数","1","0",""
"MANU_SCHEDULE","detail","切炭计划","小数","1","0",""
"MANU_SCHEDULE","detail","切炭未完成","小数","1","0",""
"MANU_SCHEDULE","detail","组装计划","小数","1","0",""
"MANU_SCHEDULE","detail","组装未完成","小数","1","0",""
"MANU_SCHEDULE","detail","装箱计划","小数","1","0",""
"MANU_SCHEDULE","detail","装箱未完成","小数","1","0",""
"MANU_SCHEDULE","query,detail","加工单号","文本","1","0",""
"MANU_SCHEDULE","query,detail","单据日期","日期","1","0",""
"MANU_SCHEDULE","query,detail","销售订单号","文本","1","0",""
"MANU_SCHEDULE","query,detail","客户","文本","1","0",""
"MANU_SCHEDULE","query,detail","重点管控","文本","1","0",""
"MANU_SCHEDULE","query,detail","生产状态","文本","1","0",""
"MANU_SCHEDULE","query,detail","客户等级","文本","1","0",""
"MANU_SCHEDULE","query,detail","生产线","文本","1","0",""
"MANU_SCHEDULE","query,detail","产品编码","文本","1","0",""
"MANU_SCHEDULE","query,detail","产品名称","文本","1","0",""
"MANU_SCHEDULE","query,detail","批号","文本","1","0",""
"MANU_SCHEDULE","query,detail","销售订单数量","小数","1","0",""
"MANU_SCHEDULE","query,detail","需求数量","小数","1","0",""
"MANU_SCHEDULE","query,detail","排产数量","小数","1","0",""
"MANU_SCHEDULE","query,detail","生产计划数量","小数","1","0",""
"MANU_SCHEDULE","query,detail","入库数量","小数","1","0",""
"MANU_SCHEDULE","query,detail","生产订单数量","小数","1","0",""
"MANU_SCHEDULE","query,detail","实际完成数量","小数","1","0",""
"MANU_SCHEDULE","query,detail","开产量","小数","1","0",""
"MANU_SCHEDULE","query,detail","计划开工日","日期","1","0",""
"MANU_SCHEDULE","query,detail","交期","日期","1","0",""
"MANU_SCHEDULE","query,detail","工序交期","日期","1","0",""
"MANU_SCHEDULE","query,detail","交期紧迫度(天)","整数","1","0",""
"MANU_SCHEDULE","query,detail","混料完成","小数","1","0",""
"MANU_SCHEDULE","query,detail","成型完成","小数","1","0",""
"MANU_SCHEDULE","query,detail","切炭完成","小数","1","0",""
"MANU_SCHEDULE","query,detail","组装完成","小数","1","0",""
"MANU_SCHEDULE","query,detail","装箱完成","小数","1","0",""
"MANU_SCHEDULE","query,detail","未完成数量","小数","1","0",""
"MATERIAL_OUT","detail","材料名称","参照","1","0","INV"
"MATERIAL_OUT","detail","计量单位","下拉框","1","0",""
"MATERIAL_OUT","detail","数量","小数","1","0",""
"MATERIAL_OUT","detail","单价","小数","1","0",""
"MATERIAL_OUT","detail","金额","小数","1","0",""
"MATERIAL_OUT","detail","规格型号","文本","1","0",""
"MATERIAL_OUT","detail","手工确定成本","是否","1","0",""
"MATERIAL_OUT","detail","明细备注","文本","1","0",""
"MATERIAL_OUT","detail","现存量","小数","1","0",""
"MATERIAL_OUT","detail","现存量说明","文本","1","0",""
"MATERIAL_OUT","header","项目","参照","1","0","PROJ"
"MATERIAL_OUT","header","来源单号","文本","1","0",""
"MATERIAL_OUT","header","备注","文本","1","0",""
"MATERIAL_OUT","header,detail","加工单号","文本","1","0",""
"MATERIAL_OUT","query,detail","材料编码","参照","1","0","INV"
"MATERIAL_OUT","query,detail","批号","文本","1","0",""
"MATERIAL_OUT","query,header","单据日期","日期","1","0",""
"MATERIAL_OUT","query,header","单据编号","文本","1","0",""
"MATERIAL_OUT","query,header","业务类型","下拉框","1","0",""
"MATERIAL_OUT","query,header","生产车间","下拉框","1","0",""
"MATERIAL_OUT","query,header","出库类别","下拉框","1","0",""
"MATERIAL_OUT","query,header","领用人","参照","1","0","EMP"
"MATERIAL_OUT","query,header","来源单据","文本","1","0",""
"MATERIAL_OUT","query,header","销售订单号","文本","1","0",""
"MATERIAL_OUT","query,header","匹配来源单号","文本","1","0",""
"MATERIAL_OUT","query,header,detail","仓库","参照","1","0","WH"
"MATERIAL_OUT_DETAIL","detail","创建时间","日期","1","0",""
"MATERIAL_OUT_DETAIL","detail","仓库编码","文本","1","0",""
"MATERIAL_OUT_DETAIL","detail","出库类别","文本","1","0",""
"MATERIAL_OUT_DETAIL","detail","生产车间编码","文本","1","0",""
"MATERIAL_OUT_DETAIL","detail","领用人编码","文本","1","0",""
"MATERIAL_OUT_DETAIL","detail","领用人","文本","1","0",""
"MATERIAL_OUT_DETAIL","detail","制单人","文本","1","0",""
"MATERIAL_OUT_DETAIL","detail","审核人","文本","1","0",""
"MATERIAL_OUT_DETAIL","detail","材料编码","文本","1","0",""
"MATERIAL_OUT_DETAIL","detail","材料名称","文本","1","0",""
"MATERIAL_OUT_DETAIL","detail","材料规格","文本","1","0",""
"MATERIAL_OUT_DETAIL","detail","明细.生产车间","文本","1","0",""
"MATERIAL_OUT_DETAIL","detail","工作中心","文本","1","0",""
"MATERIAL_OUT_DETAIL","detail","班组","文本","1","0",""
"MATERIAL_OUT_DETAIL","detail","工人","文本","1","0",""
"MATERIAL_OUT_DETAIL","detail","设备","文本","1","0",""
"MATERIAL_OUT_DETAIL","detail","计量单位","文本","1","0",""
"MATERIAL_OUT_DETAIL","detail","数量","小数","1","0",""
"MATERIAL_OUT_DETAIL","detail","单价","小数","1","0",""
"MATERIAL_OUT_DETAIL","detail","金额","小数","1","0",""
"MATERIAL_OUT_DETAIL","detail","计量单位2","文本","1","0",""
"MATERIAL_OUT_DETAIL","detail","数量2","小数","1","0",""
"MATERIAL_OUT_DETAIL","detail","出库调整","小数","1","0",""
"MATERIAL_OUT_DETAIL","query","材料名称","文本","0","0",""
"MATERIAL_OUT_DETAIL","query,detail","单据日期","日期","1","0",""
"MATERIAL_OUT_DETAIL","query,detail","单据编号","文本","1","0",""
"MATERIAL_OUT_DETAIL","query,detail","业务类型","文本","1","0",""
"MATERIAL_OUT_DETAIL","query,detail","仓库","文本","1","0",""
"MATERIAL_OUT_DETAIL","query,detail","生产车间","文本","1","0",""
"MATERIAL_OUT_STATS","detail","仓库编码","文本","1","0",""
"MATERIAL_OUT_STATS","detail","材料编码","文本","1","0",""
"MATERIAL_OUT_STATS","detail","材料名称","文本","1","0",""
"MATERIAL_OUT_STATS","detail","材料规格","文本","1","0",""
"MATERIAL_OUT_STATS","detail","主单位","文本","1","0",""
"MATERIAL_OUT_STATS","detail","计量单位(辅单位)","文本","1","0",""
"MATERIAL_OUT_STATS","detail","数量(主单位)","文本","1","0",""
"MATERIAL_OUT_STATS","detail","单价(主单位)","文本","1","0",""
"MATERIAL_OUT_STATS","detail","金额","小数","1","0",""
"MATERIAL_OUT_STATS","detail","数量(辅单位)","文本","1","0",""
"MATERIAL_OUT_STATS","detail","单价(辅单位)","文本","1","0",""
"MATERIAL_OUT_STATS","detail","出库调整","小数","1","0",""
"MATERIAL_OUT_STATS","query","材料名称","文本","0","0",""
"MATERIAL_OUT_STATS","query,detail","仓库","文本","1","0",""
"MATGRP","detail","级次","文本","1","0",""
"MATGRP","detail","是否叶子节点","是否","1","0",""
"MATGRP","detail","上级编码","文本","1","0",""
"MATGRP","detail","停用","是否","1","0",""
"MATGRP","detail","创建时间","日期","1","0",""
"MATGRP","detail","修改时间","日期","1","0",""
"MATGRP","detail","备注","文本","1","0",""
"MATGRP","detail","创建人","文本","1","0",""
"MATGRP","detail","修改人","文本","1","0",""
"MATGRP","query,detail","编码","文本","1","0",""
"MATGRP","query,detail","名称","文本","1","0",""
"MIX_RECORD","detail","投料时间","文本","1","0",""
"MIX_RECORD","detail","物料单批次","文本","1","0",""
"MIX_RECORD","detail","重量","小数","1","0",""
"MIX_RECORD","detail","混合时间","小数","1","0",""
"MIX_RECORD","header","物料名称","文本","1","0",""
"MIX_RECORD","header","操作人","文本","1","0",""
"MIX_RECORD","header","核对人","文本","1","0",""
"MIX_RECORD","header","备注","文本","1","0",""
"MIX_RECORD","query,detail","混合次序","下拉框","1","0",""
"MIX_RECORD","query,header","单据编号","文本","1","0",""
"MIX_RECORD","query,header","单据日期","日期","1","0",""
"MIX_RECORD","query,header","物料编码","文本","1","0",""
"MIX_RECORD","query,header","生产批次","文本","1","0",""
"MIX_RECORD","query,header","单据状态","文本","1","0",""
"OP","detail","工序编码","文本","1","0",""
"OP","detail","工序名称","文本","1","0",""
"OP","detail","默认车间","下拉框","1","0",""
"OP","detail","关键工序","是否","1","0",""
"OP","detail","加工方式","下拉框","1","0",""
"OP","detail","标准合格率%","小数","1","0",""
"OP","detail","按辅单位计价","是否","1","0",""
"OP","detail","辅单位","下拉框","1","0",""
"OP","detail","换算率","小数","1","0",""
"OP","detail","默认工资类型","下拉框","1","0",""
"OP","detail","计件依据","下拉框","1","0",""
"OP","detail","是否停用","是否","1","0",""
"OP","detail","标准工时(分钟)","小数","1","0",""
"OP","detail","工序类型","下拉框","1","0",""
"OP","detail","检验要求","文本","1","0",""
"OP_TIME","detail","xc","整数","1","0",""
"OP_TIME","detail","gxsm","文本","1","0",""
"OP_TIME","detail","hxsj","小数","1","0",""
"OP_TIME","detail","bzsj","小数","1","0",""
"OP_TIME","detail","zksj","小数","1","0",""
"OP_TIME","detail","zmsj","小数","1","0",""
"OP_TIME","detail","jgdj2","小数","1","0",""
"OP_TIME","detail","sfbx","是否","1","0",""
"OP_TIME","detail","mjdm","文本","1","0",""
"OP_TIME","detail","gxtj","文本","1","0",""
"OP_TIME","detail","sfdf","是否","1","0",""
"OP_TIME","detail","jjdm","文本","1","0",""
"OP_TIME","detail","ysjt","文本","1","0",""
"OP_TIME","detail","zylc","文本","1","0",""
"OP_TIME","detail","zysx","文本","1","0",""
"OP_TIME","detail","jcfs","文本","1","0",""
"OP_TIME","detail","tsgn","文本","1","0",""
"OP_TIME","detail","sfsm","是否","1","0",""
"OP_TIME","detail","bz","文本","1","0",""
"OP_TIME","detail","bw2","文本","1","0",""
"OP_TIME","detail","gxmc2","文本","1","0",""
"OP_TIME","detail","gxsm2","文本","1","0",""
"OP_TIME","detail","bxdj2","文本","1","0",""
"OP_TIME","detail","zd2","文本","1","0",""
"OP_TIME","detail","bw3","文本","1","0",""
"OP_TIME","detail","gxmc3","文本","1","0",""
"OP_TIME","detail","gxsm3","文本","1","0",""
"OP_TIME","detail","bxdj3","文本","1","0",""
"OP_TIME","detail","zd3","文本","1","0",""
"OP_TIME","detail","bw4","文本","1","0",""
"OP_TIME","detail","gxmc4","文本","1","0",""
"OP_TIME","detail","gxsm4","文本","1","0",""
"OP_TIME","detail","bxdj4","文本","1","0",""
"OP_TIME","detail","zd4","文本","1","0",""
"OP_TIME","detail","bw5","文本","1","0",""
"OP_TIME","detail","gxmc5","文本","1","0",""
"OP_TIME","detail","gxsm5","文本","1","0",""
"OP_TIME","detail","bxdj5","文本","1","0",""
"OP_TIME","detail","zd5","文本","1","0",""
"OP_TIME","detail","bw6","文本","1","0",""
"OP_TIME","detail","gxmc6","文本","1","0",""
"OP_TIME","detail","gxsm6","文本","1","0",""
"OP_TIME","detail","bxdj6","文本","1","0",""
"OP_TIME","detail","zd6","文本","1","0",""
"OP_TIME","detail","bw7","文本","1","0",""
"OP_TIME","detail","gxmc7","文本","1","0",""
"OP_TIME","detail","gxsm7","文本","1","0",""
"OP_TIME","detail","bxdj7","文本","1","0",""
"OP_TIME","detail","zd7","文本","1","0",""
"OP_TIME","query,detail","dm","参照","1","0","INV"
"OP_TIME","query,detail","mc","文本","1","0",""
"OP_TIME","query,detail","khdm","参照","1","0","PARTNER"
"OP_TIME","query,detail","gxdm","参照","1","0","OP"
"OP_TIME","query,detail","gxmc","文本","1","0",""
"OP_TIME","query,detail","pjsj","小数","1","0",""
"OP_TIME","query,detail","jgdj","小数","1","0",""
"OP_TIME","query,detail","scx","下拉框","1","0",""
"OTHER_IN","detail","存货名称","参照","1","0","INV"
"OTHER_IN","detail","规格型号","文本","1","0",""
"OTHER_IN","detail","计量单位","下拉框","1","0",""
"OTHER_IN","detail","数量","小数","1","0",""
"OTHER_IN","detail","智能选单","文本","1","0",""
"OTHER_IN","detail","计量单位2","下拉框","1","0",""
"OTHER_IN","detail","数量2","小数","1","0",""
"OTHER_IN","detail","单价","小数","1","0",""
"OTHER_IN","detail","金额","小数","1","0",""
"OTHER_IN","detail","现存量","小数","1","0",""
"OTHER_IN","detail","现存量说明","文本","1","0",""
"OTHER_IN","header","项目","参照","1","0","PROJ"
"OTHER_IN","header","往来单位","参照","1","0","PARTNER"
"OTHER_IN","query,detail","存货编码","参照","1","0","INV"
"OTHER_IN","query,detail","批号","文本","1","0",""
"OTHER_IN","query,header","单据日期","日期","1","0",""
"OTHER_IN","query,header","单据编号","文本","1","0",""
"OTHER_IN","query,header","业务类型","下拉框","1","0",""
"OTHER_IN","query,header","入库类别","下拉框","1","0",""
"OTHER_IN","query,header","来料客户","文本","1","0",""
"OTHER_IN","query,header","匹配来源单号","文本","1","0",""
"OTHER_IN","query,header,detail","仓库","参照","1","0","WH"
"OTHER_IN_DETAIL","detail","创建时间","日期","1","0",""
"OTHER_IN_DETAIL","detail","仓库编码","文本","1","0",""
"OTHER_IN_DETAIL","detail","入库类别","文本","1","0",""
"OTHER_IN_DETAIL","detail","部门编码","文本","1","0",""
"OTHER_IN_DETAIL","detail","部门","文本","1","0",""
"OTHER_IN_DETAIL","detail","经手人编码","文本","1","0",""
"OTHER_IN_DETAIL","detail","经手人","文本","1","0",""
"OTHER_IN_DETAIL","detail","备注","文本","1","0",""
"OTHER_IN_DETAIL","detail","制单人","文本","1","0",""
"OTHER_IN_DETAIL","detail","审核人","文本","1","0",""
"OTHER_IN_DETAIL","detail","存货编码","文本","1","0",""
"OTHER_IN_DETAIL","detail","规格型号","文本","1","0",""
"OTHER_IN_DETAIL","detail","计量单位","文本","1","0",""
"OTHER_IN_DETAIL","detail","数量","小数","1","0",""
"OTHER_IN_DETAIL","detail","单价","小数","1","0",""
"OTHER_IN_DETAIL","detail","金额","小数","1","0",""
"OTHER_IN_DETAIL","detail","计量单位2","文本","1","0",""
"OTHER_IN_DETAIL","detail","数量2","小数","1","0",""
"OTHER_IN_DETAIL","query,detail","单据日期","日期","1","0",""
"OTHER_IN_DETAIL","query,detail","单据编号","文本","1","0",""
"OTHER_IN_DETAIL","query,detail","业务类型","文本","1","0",""
"OTHER_IN_DETAIL","query,detail","仓库","文本","1","0",""
"OTHER_IN_DETAIL","query,detail","存货","文本","1","0",""
"OTHER_IN_STATS","detail","仓库编码","文本","1","0",""
"OTHER_IN_STATS","detail","存货编码","文本","1","0",""
"OTHER_IN_STATS","detail","规格型号","文本","1","0",""
"OTHER_IN_STATS","detail","主单位","文本","1","0",""
"OTHER_IN_STATS","detail","辅单位","文本","1","0",""
"OTHER_IN_STATS","detail","数量(主单位)","文本","1","0",""
"OTHER_IN_STATS","detail","单价","小数","1","0",""
"OTHER_IN_STATS","detail","金额","小数","1","0",""
"OTHER_IN_STATS","detail","数量(辅单位)","文本","1","0",""
"OTHER_IN_STATS","detail","单价(辅单位)","文本","1","0",""
"OTHER_IN_STATS","query,detail","仓库","文本","1","0",""
"OTHER_IN_STATS","query,detail","存货","文本","1","0",""
"OTHER_OUT","detail","存货名称","参照","1","0","INV"
"OTHER_OUT","detail","规格型号","文本","1","0",""
"OTHER_OUT","detail","计量单位","下拉框","1","0",""
"OTHER_OUT","detail","数量","小数","1","0",""
"OTHER_OUT","detail","单价","小数","1","0",""
"OTHER_OUT","detail","金额","小数","1","0",""
"OTHER_OUT","detail","现存量","小数","1","0",""
"OTHER_OUT","detail","现存量说明","文本","1","0",""
"OTHER_OUT","header","出库类别","下拉框","1","0",""
"OTHER_OUT","header","部门","参照","1","0","DEPT"
"OTHER_OUT","header","经手人","参照","1","0","EMP"
"OTHER_OUT","header","项目","参照","1","0","PROJ"
"OTHER_OUT","header","往来单位","参照","1","0","PARTNER"
"OTHER_OUT","header","来源单据","文本","1","0",""
"OTHER_OUT","header","外部单据号","文本","1","0",""
"OTHER_OUT","header","来源单号","文本","1","0",""
"OTHER_OUT","header","数据来源","文本","1","0",""
"OTHER_OUT","header","销售订单号","文本","1","0",""
"OTHER_OUT","header","自动生入库单","是否","1","0",""
"OTHER_OUT","header","凭证字号","文本","1","0",""
"OTHER_OUT","query,detail","仓库","参照","1","0","WH"
"OTHER_OUT","query,detail","存货编码","参照","1","0","INV"
"OTHER_OUT","query,detail","批号","文本","1","0",""
"OTHER_OUT","query,header","单据日期","日期","1","0",""
"OTHER_OUT","query,header","单据编号","文本","1","0",""
"OTHER_OUT","query,header","业务类型","下拉框","1","0",""
"OTHER_OUT","query,header","来料客户","文本","1","0",""
"OTHER_OUT_DETAIL","detail","创建时间","日期","1","0",""
"OTHER_OUT_DETAIL","detail","仓库编码","文本","1","0",""
"OTHER_OUT_DETAIL","detail","出库类别","文本","1","0",""
"OTHER_OUT_DETAIL","detail","部门编码","文本","1","0",""
"OTHER_OUT_DETAIL","detail","部门","文本","1","0",""
"OTHER_OUT_DETAIL","detail","经手人编码","文本","1","0",""
"OTHER_OUT_DETAIL","detail","经手人","文本","1","0",""
"OTHER_OUT_DETAIL","detail","备注","文本","1","0",""
"OTHER_OUT_DETAIL","detail","制单人","文本","1","0",""
"OTHER_OUT_DETAIL","detail","审核人","文本","1","0",""
"OTHER_OUT_DETAIL","detail","存货编码","文本","1","0",""
"OTHER_OUT_DETAIL","detail","规格型号","文本","1","0",""
"OTHER_OUT_DETAIL","detail","计量单位","文本","1","0",""
"OTHER_OUT_DETAIL","detail","数量","小数","1","0",""
"OTHER_OUT_DETAIL","detail","单价","小数","1","0",""
"OTHER_OUT_DETAIL","detail","金额","小数","1","0",""
"OTHER_OUT_DETAIL","detail","计量单位2","文本","1","0",""
"OTHER_OUT_DETAIL","detail","数量2","小数","1","0",""
"OTHER_OUT_DETAIL","detail","出库调整","小数","1","0",""
"OTHER_OUT_DETAIL","detail","累计调拨入库量","小数","1","0",""
"OTHER_OUT_DETAIL","detail","合理损耗数量","小数","1","0",""
"OTHER_OUT_DETAIL","detail","入库单号","文本","1","0",""
"OTHER_OUT_DETAIL","query,detail","单据日期","日期","1","0",""
"OTHER_OUT_DETAIL","query,detail","单据编号","文本","1","0",""
"OTHER_OUT_DETAIL","query,detail","业务类型","文本","1","0",""
"OTHER_OUT_DETAIL","query,detail","仓库","文本","1","0",""
"OTHER_OUT_DETAIL","query,detail","存货","文本","1","0",""
"OTHER_OUT_STATS","detail","仓库编码","文本","1","0",""
"OTHER_OUT_STATS","detail","存货编码","文本","1","0",""
"OTHER_OUT_STATS","detail","规格型号","文本","1","0",""
"OTHER_OUT_STATS","detail","主单位","文本","1","0",""
"OTHER_OUT_STATS","detail","数量(主单位)","文本","1","0",""
"OTHER_OUT_STATS","detail","单价(主单位)","文本","1","0",""
"OTHER_OUT_STATS","detail","数量(辅单位)","文本","1","0",""
"OTHER_OUT_STATS","detail","单价(辅单位)","文本","1","0",""
"OTHER_OUT_STATS","detail","金额","小数","1","0",""
"OTHER_OUT_STATS","detail","出库调整","小数","1","0",""
"OTHER_OUT_STATS","detail","累计调拨入库量(主单位)","文本","1","0",""
"OTHER_OUT_STATS","detail","合理损耗数量(主单位)","文本","1","0",""
"OTHER_OUT_STATS","query,detail","仓库","文本","1","0",""
"OTHER_OUT_STATS","query,detail","存货","文本","1","0",""
"OUTSOURCE_IN","detail","产品编码","参照","1","0","INV"
"OUTSOURCE_IN","detail","产品名称","参照","1","0","INV"
"OUTSOURCE_IN","detail","规格型号","文本","1","0",""
"OUTSOURCE_IN","detail","计量单位","下拉框","1","0",""
"OUTSOURCE_IN","detail","实收数量","小数","1","0",""
"OUTSOURCE_IN","detail","单价","小数","1","0",""
"OUTSOURCE_IN","detail","金额","小数","1","0",""
"OUTSOURCE_IN","detail","现存量","小数","1","0",""
"OUTSOURCE_IN","detail","行中止","是否","1","0",""
"OUTSOURCE_IN","header","委外供应商","参照","1","0","PARTNER"
"OUTSOURCE_IN","header","委外加工单号","文本","1","0",""
"OUTSOURCE_IN","header","仓库","参照","1","0","WH"
"OUTSOURCE_IN","header","经手人","参照","1","0","EMP"
"OUTSOURCE_IN","header","备注","文本","1","0",""
"OUTSOURCE_IN","header","来源单据","文本","1","0",""
"OUTSOURCE_IN","header","来源单号","文本","1","0",""
"OUTSOURCE_IN","query,detail","批号","文本","1","0",""
"OUTSOURCE_IN","query,header","单据日期","日期","1","0",""
"OUTSOURCE_IN","query,header","单据编号","文本","1","0",""
"OUTSOURCE_IN","query,header","业务类型","下拉框","1","0",""
"OUTSOURCE_IN_DETAIL","detail","业务类型","文本","1","0",""
"OUTSOURCE_IN_DETAIL","detail","委外加工单号","文本","1","0",""
"OUTSOURCE_IN_DETAIL","detail","经手人","文本","1","0",""
"OUTSOURCE_IN_DETAIL","detail","备注","文本","1","0",""
"OUTSOURCE_IN_DETAIL","detail","来源单据","文本","1","0",""
"OUTSOURCE_IN_DETAIL","detail","来源单号","文本","1","0",""
"OUTSOURCE_IN_DETAIL","detail","审核人","文本","1","0",""
"OUTSOURCE_IN_DETAIL","detail","审核时间","文本","1","0",""
"OUTSOURCE_IN_DETAIL","detail","审批人","文本","1","0",""
"OUTSOURCE_IN_DETAIL","detail","审批时间","文本","1","0",""
"OUTSOURCE_IN_DETAIL","detail","asp_user1","文本","1","0",""
"OUTSOURCE_IN_DETAIL","detail","asp_time1","文本","1","0",""
"OUTSOURCE_IN_DETAIL","detail","asp_user2","文本","0","0",""
"OUTSOURCE_IN_DETAIL","detail","asp_time2","文本","0","0",""
"OUTSOURCE_IN_DETAIL","detail","asp_cancel","文本","1","0",""
"OUTSOURCE_IN_DETAIL","detail","产品编码","文本","1","0",""
"OUTSOURCE_IN_DETAIL","detail","规格型号","文本","1","0",""
"OUTSOURCE_IN_DETAIL","detail","计量单位","文本","1","0",""
"OUTSOURCE_IN_DETAIL","detail","实收数量","文本","1","0",""
"OUTSOURCE_IN_DETAIL","detail","单价","文本","1","0",""
"OUTSOURCE_IN_DETAIL","detail","金额","文本","1","0",""
"OUTSOURCE_IN_DETAIL","detail","现存量","文本","1","0",""
"OUTSOURCE_IN_DETAIL","detail","行中止","文本","1","0",""
"OUTSOURCE_IN_DETAIL","query,detail","单据日期","文本","1","0",""
"OUTSOURCE_IN_DETAIL","query,detail","单据编号","文本","1","0",""
"OUTSOURCE_IN_DETAIL","query,detail","委外供应商","文本","1","0",""
"OUTSOURCE_IN_DETAIL","query,detail","仓库","文本","1","0",""
"OUTSOURCE_IN_DETAIL","query,detail","单据状态","文本","1","0",""
"OUTSOURCE_IN_DETAIL","query,detail","产品名称","文本","1","0",""
"OUTSOURCE_IN_STATS","detail","asp_cancel","文本","1","0",""
"OUTSOURCE_IN_STATS","detail","规格型号","文本","1","0",""
"OUTSOURCE_IN_STATS","detail","计量单位","文本","1","0",""
"OUTSOURCE_IN_STATS","detail","入库单数","文本","1","0",""
"OUTSOURCE_IN_STATS","detail","实收数量","文本","1","0",""
"OUTSOURCE_IN_STATS","detail","金额","文本","1","0",""
"OUTSOURCE_IN_STATS","query","仓库","文本","1","0",""
"OUTSOURCE_IN_STATS","query,detail","单据日期","文本","1","0",""
"OUTSOURCE_IN_STATS","query,detail","委外供应商","文本","1","0",""
"OUTSOURCE_IN_STATS","query,detail","产品名称","文本","1","0",""
"OUTSOURCE_ISSUE","detail","材料编码","参照","1","0","INV"
"OUTSOURCE_ISSUE","detail","材料名称","参照","1","0","INV"
"OUTSOURCE_ISSUE","detail","规格型号","文本","1","0",""
"OUTSOURCE_ISSUE","detail","计量单位","下拉框","1","0",""
"OUTSOURCE_ISSUE","detail","数量","小数","1","0",""
"OUTSOURCE_ISSUE","detail","单价","小数","1","0",""
"OUTSOURCE_ISSUE","detail","金额","小数","1","0",""
"OUTSOURCE_ISSUE","detail","行中止","是否","1","0",""
"OUTSOURCE_ISSUE","header","委外供应商","参照","1","0","PARTNER"
"OUTSOURCE_ISSUE","header","委外加工单号","文本","1","0",""
"OUTSOURCE_ISSUE","header","部门","参照","1","0","DEPT"
"OUTSOURCE_ISSUE","header","经手人","参照","1","0","EMP"
"OUTSOURCE_ISSUE","header","备注","文本","1","0",""
"OUTSOURCE_ISSUE","header","来源单据","文本","1","0",""
"OUTSOURCE_ISSUE","header","来源单号","文本","1","0",""
"OUTSOURCE_ISSUE","header,detail","仓库","参照","1","0","WH"
"OUTSOURCE_ISSUE","query,detail","批号","文本","1","0",""
"OUTSOURCE_ISSUE","query,header","单据日期","日期","1","0",""
"OUTSOURCE_ISSUE","query,header","单据编号","文本","1","0",""
"OUTSOURCE_ISSUE","query,header","业务类型","下拉框","1","0",""
"OUTSOURCE_ISSUE_DETAIL","detail","业务类型","文本","1","0",""
"OUTSOURCE_ISSUE_DETAIL","detail","委外加工单号","文本","1","0",""
"OUTSOURCE_ISSUE_DETAIL","detail","经手人","文本","1","0",""
"OUTSOURCE_ISSUE_DETAIL","detail","备注","文本","1","0",""
"OUTSOURCE_ISSUE_DETAIL","detail","来源单据","文本","1","0",""
"OUTSOURCE_ISSUE_DETAIL","detail","来源单号","文本","1","0",""
"OUTSOURCE_ISSUE_DETAIL","detail","审核人","文本","1","0",""
"OUTSOURCE_ISSUE_DETAIL","detail","审核时间","文本","1","0",""
"OUTSOURCE_ISSUE_DETAIL","detail","审批人","文本","1","0",""
"OUTSOURCE_ISSUE_DETAIL","detail","审批时间","文本","1","0",""
"OUTSOURCE_ISSUE_DETAIL","detail","asp_user1","文本","1","0",""
"OUTSOURCE_ISSUE_DETAIL","detail","asp_time1","文本","1","0",""
"OUTSOURCE_ISSUE_DETAIL","detail","asp_user2","文本","0","0",""
"OUTSOURCE_ISSUE_DETAIL","detail","asp_time2","文本","0","0",""
"OUTSOURCE_ISSUE_DETAIL","detail","asp_cancel","文本","1","0",""
"OUTSOURCE_ISSUE_DETAIL","detail","材料编码","文本","1","0",""
"OUTSOURCE_ISSUE_DETAIL","detail","规格型号","文本","1","0",""
"OUTSOURCE_ISSUE_DETAIL","detail","计量单位","文本","1","0",""
"OUTSOURCE_ISSUE_DETAIL","detail","数量","文本","1","0",""
"OUTSOURCE_ISSUE_DETAIL","detail","单价","文本","1","0",""
"OUTSOURCE_ISSUE_DETAIL","detail","金额","文本","1","0",""
"OUTSOURCE_ISSUE_DETAIL","detail","行中止","文本","1","0",""
"OUTSOURCE_ISSUE_DETAIL","query,detail","单据日期","文本","1","0",""
"OUTSOURCE_ISSUE_DETAIL","query,detail","单据编号","文本","1","0",""
"OUTSOURCE_ISSUE_DETAIL","query,detail","委外供应商","文本","1","0",""
"OUTSOURCE_ISSUE_DETAIL","query,detail","仓库","文本","1","0",""
"OUTSOURCE_ISSUE_DETAIL","query,detail","部门","文本","1","0",""
"OUTSOURCE_ISSUE_DETAIL","query,detail","单据状态","文本","1","0",""
"OUTSOURCE_ISSUE_DETAIL","query,detail","材料名称","文本","1","0",""
"OUTSOURCE_ISSUE_STATS","detail","asp_cancel","文本","1","0",""
"OUTSOURCE_ISSUE_STATS","detail","规格型号","文本","1","0",""
"OUTSOURCE_ISSUE_STATS","detail","计量单位","文本","1","0",""
"OUTSOURCE_ISSUE_STATS","detail","发料单数","文本","1","0",""
"OUTSOURCE_ISSUE_STATS","detail","数量","文本","1","0",""
"OUTSOURCE_ISSUE_STATS","detail","金额","文本","1","0",""
"OUTSOURCE_ISSUE_STATS","query","仓库","文本","1","0",""
"OUTSOURCE_ISSUE_STATS","query,detail","单据日期","文本","1","0",""
"OUTSOURCE_ISSUE_STATS","query,detail","委外供应商","文本","1","0",""
"OUTSOURCE_ISSUE_STATS","query,detail","材料名称","文本","1","0",""
"OUTSOURCE_ORDER","detail","产品编码","参照","1","0","INV"
"OUTSOURCE_ORDER","detail","产品名称","参照","1","0","INV"
"OUTSOURCE_ORDER","detail","规格型号","文本","1","0",""
"OUTSOURCE_ORDER","detail","计量单位","下拉框","1","0",""
"OUTSOURCE_ORDER","detail","数量","小数","1","0",""
"OUTSOURCE_ORDER","detail","委外单价","小数","1","0",""
"OUTSOURCE_ORDER","detail","金额","小数","1","0",""
"OUTSOURCE_ORDER","detail","现存量","小数","1","0",""
"OUTSOURCE_ORDER","detail","行中止","是否","1","0",""
"OUTSOURCE_ORDER","header","委外供应商","参照","1","0","PARTNER"
"OUTSOURCE_ORDER","header","生产车间","下拉框","1","0",""
"OUTSOURCE_ORDER","header","部门","参照","1","0","DEPT"
"OUTSOURCE_ORDER","header","经手人","参照","1","0","EMP"
"OUTSOURCE_ORDER","header","交货日期","日期","1","0",""
"OUTSOURCE_ORDER","header","预完工日","日期","1","0",""
"OUTSOURCE_ORDER","header","附件1","附件","1","0",""
"OUTSOURCE_ORDER","header","附件2","附件","1","0",""
"OUTSOURCE_ORDER","header","附件3","附件","1","0",""
"OUTSOURCE_ORDER","header","附件4","附件","1","0",""
"OUTSOURCE_ORDER","header","附件5","附件","1","0",""
"OUTSOURCE_ORDER","header","附件6","附件","1","0",""
"OUTSOURCE_ORDER","header","备注","文本","1","0",""
"OUTSOURCE_ORDER","header","来源单据","文本","1","0",""
"OUTSOURCE_ORDER","header","来源单号","文本","1","0",""
"OUTSOURCE_ORDER","query,header","单据日期","日期","1","0",""
"OUTSOURCE_ORDER","query,header","单据编号","文本","1","0",""
"OUTSOURCE_ORDER","query,header","业务类型","下拉框","1","0",""
"PACK_CONFIRM","header","装箱数量","文本","1","0",""
"PACK_CONFIRM","header","装箱人","文本","1","0",""
"PACK_CONFIRM","header","确认人","文本","1","0",""
"PACK_CONFIRM","header","主管签名","文本","1","0",""
"PACK_CONFIRM","header","备注","文本","1","0",""
"PACK_CONFIRM","header","审核人","参照","1","0","EMP"
"PACK_CONFIRM","query,header","单据编号","文本","1","0",""
"PACK_CONFIRM","query,header","装箱日期","日期","1","0",""
"PACK_CONFIRM","query,header","产品编号","文本","1","0",""
"PACK_CONFIRM","query,header","单据状态","文本","1","0",""
"PARTNER","detail","性质","下拉框","1","0",""
"PARTNER","detail","结算客户","是否","1","0",""
"PARTNER","detail","客户价格等级","下拉框","1","0",""
"PARTNER","detail","分管部门","下拉框","1","0",""
"PARTNER","detail","分管人员","文本","1","0",""
"PARTNER","detail","建档日期","日期","1","0",""
"PARTNER","detail","应收余额","小数","1","0",""
"PARTNER","detail","应付余额","小数","1","0",""
"PARTNER","detail","预收余额","小数","1","0",""
"PARTNER","detail","预付余额","小数","1","0",""
"PARTNER","detail","往来余额","小数","1","0",""
"PARTNER","detail","停用","是否","1","0",""
"PARTNER","detail","职位","文本","1","0",""
"PARTNER","query,detail","往来单位编码","文本","1","0",""
"PARTNER","query,detail","往来单位名称","文本","1","0",""
"PROD_ABN","query,header","单据编号","文本","1","0",""
"PROD_ABN","query,header","单据日期","日期","1","0",""
"PROD_ABN","query,header","工单号","参照","1","0","MANU_ORDER"
"PROD_ABN","query,header","产品编码","文本","1","0",""
"PROD_ABN","query,header","品名","文本","1","0",""
"PROD_ABN","query,header","批次号","文本","1","0",""
"PROD_ABN","query,header","混料批次号","文本","1","0",""
"PROD_ABN","query,header","工序","文本","1","0",""
"PROD_ABN","query,header","发生时间","日期","1","0",""
"PROD_ABN","query,header","提出人","文本","1","0",""
"PROD_ABN","query,header","异常类型","文本","1","0",""
"PROD_ABN","query,header","异常描述","文本","1","0",""
"PROD_ABN","query,header","影响数量","小数","1","0",""
"PROD_ABN","query,header","原因分析","文本","1","0",""
"PROD_ABN","query,header","责任分类","文本","1","0",""
"PROD_ABN","query,header","处理措施","文本","1","0",""
"PROD_ABN","query,header","处理人","文本","1","0",""
"PROD_ABN","query,header","处理日期","日期","1","0",""
"PROD_ABN","query,header","结案","文本","1","0",""
"PROD_ABN","query,header","结案人","文本","1","0",""
"PROD_ABN","query,header","结案日期","日期","1","0",""
"PROD_ABN","query,header","备注","文本","1","0",""
"PROD_LINE","query,header","生产线","文本","1","0",""
"PROD_LINE","query,header","生产车间","文本","1","0",""
"PROD_LINE","query,header","日产能","小数","1","0",""
"PROD_LINE","query,header","小时产能","小数","1","0",""
"PROD_LINE","query,header","排序","整数","1","0",""
"PROD_LINE","query,header","停用","是否","1","0",""
"PROD_LINE","query,header","工序种类","文本","1","0",""
"PROD_LINE","query,header","备注","文本","1","0",""
"PROJ","detail","项目编码","文本","1","0",""
"PROJ","detail","项目名称","文本","1","0",""
"PROJ","detail","停用","是否","1","0",""
"PROJ","detail","所属类别","文本","1","0",""
"PROJ","detail","客户","参照","1","0","KHDA"
"PROJ","detail","负责人","文本","1","0",""
"PROJ","detail","开始日期","日期","1","0",""
"PROJ","detail","结束日期","日期","1","0",""
"PU_ORDER","detail","行号","文本","1","0",""
"PU_ORDER","detail","物料编码","参照","1","0","INV"
"PU_ORDER","detail","物料名称","参照","1","0","INV"
"PU_ORDER","detail","规格型号","文本","1","0",""
"PU_ORDER","detail","单位","下拉框","1","0",""
"PU_ORDER","detail","数量","小数","1","0",""
"PU_ORDER","detail","数量2","小数","1","0",""
"PU_ORDER","detail","计量单位2","文本","1","0",""
"PU_ORDER","detail","单价","小数","1","0",""
"PU_ORDER","detail","金额","小数","1","0",""
"PU_ORDER","detail","税率%","小数","1","0",""
"PU_ORDER","detail","含税单价","小数","1","0",""
"PU_ORDER","detail","含税金额","小数","1","0",""
"PU_ORDER","detail","仓库","参照","1","0","WH"
"PU_ORDER","detail","预计到货日期","日期","1","0",""
"PU_ORDER","detail","现存量","小数","1","0",""
"PU_ORDER","detail","折扣%","小数","1","0",""
"PU_ORDER","detail","折扣金额","小数","1","0",""
"PU_ORDER","detail","图片url","文本","0","1",""
"PU_ORDER","detail","商品id","文本","0","1",""
"PU_ORDER","detail","商品是否多单位","文本","0","1",""
"PU_ORDER","detail","商品是否序列号","文本","0","1",""
"PU_ORDER","detail","商品是否启用辅助属性","文本","0","1",""
"PU_ORDER","detail","商品是否开启批次","文本","0","1",""
"PU_ORDER","detail","商品助记码","文本","0","1",""
"PU_ORDER","detail","仓库id","文本","0","1",""
"PU_ORDER","detail","仓库编码","文本","0","1",""
"PU_ORDER","detail","仓库启用仓位管理","文本","0","1",""
"PU_ORDER","detail","仓位id","文本","0","1",""
"PU_ORDER","detail","仓位名称","文本","0","1",""
"PU_ORDER","detail","仓位编码","文本","0","1",""
"PU_ORDER","detail","辅助属性id","文本","0","1",""
"PU_ORDER","detail","辅助属性名称","文本","0","1",""
"PU_ORDER","detail","辅助属性编码","文本","0","1",""
"PU_ORDER","detail","辅助属性1id","文本","0","1",""
"PU_ORDER","detail","辅助属性1名称","文本","0","1",""
"PU_ORDER","detail","辅助属性1编码","文本","0","1",""
"PU_ORDER","detail","辅助属性2id","文本","0","1",""
"PU_ORDER","detail","辅助属性2名称","文本","0","1",""
"PU_ORDER","detail","辅助属性2编码","文本","0","1",""
"PU_ORDER","detail","辅助属性3id","文本","0","1",""
"PU_ORDER","detail","辅助属性3名称","文本","0","1",""
"PU_ORDER","detail","辅助属性3编码","文本","0","1",""
"PU_ORDER","detail","条形码","文本","0","1",""
"PU_ORDER","detail","实际含税单价","文本","0","1",""
"PU_ORDER","detail","基本单位id","文本","0","1",""
"PU_ORDER","detail","基本单位名称","文本","0","1",""
"PU_ORDER","detail","基本单位编码","文本","0","1",""
"PU_ORDER","detail","单位id","文本","0","1",""
"PU_ORDER","detail","单位编码","文本","0","1",""
"PU_ORDER","detail","换算率","文本","0","1",""
"PU_ORDER","detail","换算公式","文本","0","1",""
"PU_ORDER","detail","基本库存数量","文本","0","1",""
"PU_ORDER","detail","退货数量","文本","0","1",""
"PU_ORDER","detail","退货基本数量","文本","0","1",""
"PU_ORDER","detail","税额","文本","0","1",""
"PU_ORDER","detail","整单折扣分配额","文本","0","1",""
"PU_ORDER","detail","折扣","文本","0","1",""
"PU_ORDER","detail","销售费用分摊","文本","0","1",""
"PU_ORDER","detail","优惠分摊金额","文本","0","1",""
"PU_ORDER","detail","折前金额","文本","0","1",""
"PU_ORDER","detail","实际不含税金额","文本","0","1",""
"PU_ORDER","detail","单位成本","文本","0","1",""
"PU_ORDER","detail","成本","文本","0","1",""
"PU_ORDER","detail","本次核销金额","文本","0","1",""
"PU_ORDER","detail","折扣单价","文本","0","1",""
"PU_ORDER","detail","批次号","文本","0","1",""
"PU_ORDER","detail","产地","文本","0","1",""
"PU_ORDER","detail","注册证号","文本","0","1",""
"PU_ORDER","detail","生产许可证号","文本","0","1",""
"PU_ORDER","detail","序列号格式","文本","0","1",""
"PU_ORDER","detail","序列号流转ID","文本","0","1",""
"PU_ORDER","detail","辅助单位id","文本","0","1",""
"PU_ORDER","detail","辅助单位编码","文本","0","1",""
"PU_ORDER","detail","辅助换算率","文本","0","1",""
"PU_ORDER","detail","分录序号","文本","0","1",""
"PU_ORDER","detail","分录核销状态，未收款","文本","0","1",""
"PU_ORDER","detail","是否赠品","文本","0","1",""
"PU_ORDER","detail","源单id","文本","0","1",""
"PU_ORDER","detail","源单id_src_bill_no","文本","0","1",""
"PU_ORDER","detail","源单类型id","文本","0","1",""
"PU_ORDER","detail","源单类型名称","文本","0","1",""
"PU_ORDER","detail","源单类型编码","文本","0","1",""
"PU_ORDER","detail","源单id_src_inter_id","文本","0","1",""
"PU_ORDER","detail","源单日期","日期","0","1",""
"PU_ORDER","detail","源单行号","文本","0","1",""
"PU_ORDER","detail","源单分录id","文本","0","1",""
"PU_ORDER","detail","供应商商品编码","文本","0","1",""
"PU_ORDER","detail","供应商商品名称","文本","0","1",""
"PU_ORDER","detail","行已执行数量","文本","0","1",""
"PU_ORDER","detail","行关闭状态","文本","0","1",""
"PU_ORDER","detail","基本数量","文本","0","1",""
"PU_ORDER","detail","行入库状态","文本","0","1",""
"PU_ORDER","detail","行执行状态","文本","0","1",""
"PU_ORDER","detail","应付金额本位币","文本","0","1",""
"PU_ORDER","detail","含税折扣额","文本","0","1",""
"PU_ORDER","detail","行未执行数量","文本","0","1",""
"PU_ORDER","detail","保质期到期日","日期","0","1",""
"PU_ORDER","detail","有效期至","文本","0","1",""
"PU_ORDER","detail","保质期单位类型","文本","0","1",""
"PU_ORDER","detail","kf_period","文本","0","1",""
"PU_ORDER","header","供应商编码","文本","1","0",""
"PU_ORDER","header","汇率","小数","1","0",""
"PU_ORDER","header","结算期限","文本","0","1",""
"PU_ORDER","header","交货日期","日期","1","0",""
"PU_ORDER","header","附件1","附件","1","0",""
"PU_ORDER","header","附件2","附件","1","0",""
"PU_ORDER","header","附件3","附件","1","0",""
"PU_ORDER","header","附件4","附件","1","0",""
"PU_ORDER","header","附件5","附件","1","0",""
"PU_ORDER","header","附件6","附件","1","0",""
"PU_ORDER","header","数据来源","文本","1","0",""
"PU_ORDER","header","备注","文本","1","0",""
"PU_ORDER","header","是否已转ERP","文本","0","1",""
"PU_ORDER","header","ERP单号","文本","0","1",""
"PU_ORDER","header","转ERP操作人","文本","0","1",""
"PU_ORDER","header","转ERP时间","文本","0","1",""
"PU_ORDER","header","创建时间","日期","1","0",""
"PU_ORDER","header","关闭状态","文本","0","1",""
"PU_ORDER","header","供应商id","文本","0","1",""
"PU_ORDER","header","业务员id","文本","0","1",""
"PU_ORDER","header","业务员名称","文本","0","1",""
"PU_ORDER","header","业务员编码","文本","0","1",""
"PU_ORDER","header","入库状态Z部分入库，C全部入库，A未入库","文本","0","1",""
"PU_ORDER","header","实际出入库状态","文本","0","1",""
"PU_ORDER","header","delivery_type_id","文本","0","1",""
"PU_ORDER","header","交货方式","文本","0","1",""
"PU_ORDER","header","delivery_type_number","文本","0","1",""
"PU_ORDER","header","修改时间","日期","0","1",""
"PU_ORDER","header","创建人id","文本","0","1",""
"PU_ORDER","header","创建人名称","文本","1","0",""
"PU_ORDER","header","创建人编码","文本","0","1",""
"PU_ORDER","header","修改人id","文本","0","1",""
"PU_ORDER","header","修改人名称","文本","0","1",""
"PU_ORDER","header","修改人编码","文本","0","1",""
"PU_ORDER","header","审核人id","文本","0","1",""
"PU_ORDER","header","审核人编码","文本","0","1",""
"PU_ORDER","header","业务类型","文本","0","1",""
"PU_ORDER","header","部门id","文本","0","1",""
"PU_ORDER","header","部门名称","文本","0","1",""
"PU_ORDER","header","部门编码","文本","0","1",""
"PU_ORDER","header","客户id","文本","0","1",""
"PU_ORDER","header","客户名称","文本","0","1",""
"PU_ORDER","header","客户编码","文本","0","1",""
"PU_ORDER","header","联系信息-联系方式","文本","0","1",""
"PU_ORDER","header","供应商发货地址国家id","文本","0","1",""
"PU_ORDER","header","供应商发货地址国家名称","文本","0","1",""
"PU_ORDER","header","供应商发货地址国家编码","文本","0","1",""
"PU_ORDER","header","供应商发货地址省份id","文本","0","1",""
"PU_ORDER","header","供应商发货地址省份名称","文本","0","1",""
"PU_ORDER","header","供应商发货地址省份编码","文本","0","1",""
"PU_ORDER","header","供应商发货地址市区id","文本","0","1",""
"PU_ORDER","header","供应商发货地址市区名称","文本","0","1",""
"PU_ORDER","header","供应商发货地址市区编码","文本","0","1",""
"PU_ORDER","header","供应商发货地址区县id","文本","0","1",""
"PU_ORDER","header","供应商发货地址区县名称","文本","0","1",""
"PU_ORDER","header","供应商发货地址区县编码","文本","0","1",""
"PU_ORDER","header","联系地址","文本","0","1",""
"PU_ORDER","header","发送状态","文本","0","1",""
"PU_ORDER","header","结算日期","日期","0","1",""
"PU_ORDER","header","结算期限id","文本","0","1",""
"PU_ORDER","header","结算期限编码","文本","0","1",""
"PU_ORDER","header","收货地址人","文本","0","1",""
"PU_ORDER","header","收货地址联系电话","文本","0","1",""
"PU_ORDER","header","收货地址-详细地址","文本","0","1",""
"PU_ORDER","header","收货地址国家id","文本","0","1",""
"PU_ORDER","header","收货地址国家名称","文本","0","1",""
"PU_ORDER","header","收货地址国家编码","文本","0","1",""
"PU_ORDER","header","收货地址-省ID","文本","0","1",""
"PU_ORDER","header","收货地址省份名称","文本","0","1",""
"PU_ORDER","header","收货地址省份编码","文本","0","1",""
"PU_ORDER","header","收货地址-市ID","文本","0","1",""
"PU_ORDER","header","收货地址市区名称","文本","0","1",""
"PU_ORDER","header","收货地址区编码","文本","0","1",""
"PU_ORDER","header","收货地址-区ID","文本","0","1",""
"PU_ORDER","header","收货地址区县名称","文本","0","1",""
"PU_ORDER","header","收货地址区县编码","文本","0","1",""
"PU_ORDER","header","采购费用明细","文本","0","1",""
"PU_ORDER","header","累计预付","文本","0","1",""
"PU_ORDER","header","累计预付本位币","文本","0","1",""
"PU_ORDER","query,header","单据日期","日期","1","0",""
"PU_ORDER","query,header","单据编号","文本","1","0",""
"PU_ORDER","query,header","供应商","参照","1","0","GFDA"
"PU_ORDER","query,header","币种","参照","1","0","CUR"
"PU_REQ","detail","存货编码","参照","1","0","INV"
"PU_REQ","detail","存货名称","参照","1","0","INV"
"PU_REQ","detail","规格型号","文本","1","0",""
"PU_REQ","detail","版本号","文本","1","0",""
"PU_REQ","detail","采购单位","下拉框","1","0",""
"PU_REQ","detail","数量","小数","1","0",""
"PU_REQ","detail","数量2","小数","1","0",""
"PU_REQ","detail","报价","小数","1","0",""
"PU_REQ","detail","单价","小数","1","0",""
"PU_REQ","detail","含税单价","小数","1","0",""
"PU_REQ","detail","税率%","小数","1","0",""
"PU_REQ","detail","金额","小数","1","0",""
"PU_REQ","detail","含税金额","小数","1","0",""
"PU_REQ","detail","现存量","小数","1","0",""
"PU_REQ","detail","现存量说明","文本","1","0",""
"PU_REQ","detail","是否带票","下拉框","1","0",""
"PU_REQ","header","建议供应商编码","文本","1","0",""
"PU_REQ","header","建议供应商简称","文本","1","0",""
"PU_REQ","header","收货人","文本","1","0",""
"PU_REQ","header","电话","文本","1","0",""
"PU_REQ","header","折扣","小数","1","0",""
"PU_REQ","header","总金额","小数","1","0",""
"PU_REQ","header","含税总金额","小数","1","0",""
"PU_REQ","header,detail","来源单据","文本","1","0",""
"PU_REQ","header,detail","来源单号","文本","1","0",""
"PU_REQ","header,detail","备注","文本","1","0",""
"PU_REQ","query,header","单据日期","日期","1","0",""
"PU_REQ","query,header","单据编号","文本","1","0",""
"PU_REQ","query,header","部门","参照","1","0","DEPT"
"PU_REQ","query,header","请购人","参照","1","0","EMP"
"PU_REQ","query,header","项目","参照","1","0","PROJ"
"PU_REQ","query,header","到货地址","文本","1","0",""
"PU_REQ","query,header","销售订单号","文本","1","0",""
"PU_REQ","query,header","外部单据号","文本","1","0",""
"PU_REQ","query,header,detail","建议供应商","参照","1","0","PARTNER"
"PU_REQ","query,header,detail","需求日期","日期","1","0",""
"PURCHASE_IN","detail","存货名称","参照","1","0","INV"
"PURCHASE_IN","detail","存货图片","文本","0","1",""
"PURCHASE_IN","detail","规格型号","文本","1","0",""
"PURCHASE_IN","detail","实收数量","小数","1","0",""
"PURCHASE_IN","detail","计量单位","下拉框","1","0",""
"PURCHASE_IN","detail","实收数量2","小数","1","0",""
"PURCHASE_IN","detail","计量单位2","下拉框","1","0",""
"PURCHASE_IN","detail","计量单位组合","文本","0","1",""
"PURCHASE_IN","detail","换算率","小数","0","1",""
"PURCHASE_IN","detail","单价","小数","1","0",""
"PURCHASE_IN","detail","税率%","小数","1","0",""
"PURCHASE_IN","detail","单价2","小数","0","1",""
"PURCHASE_IN","detail","含税单价2","小数","0","1",""
"PURCHASE_IN","detail","含税单价","小数","1","0",""
"PURCHASE_IN","detail","金额","小数","1","0",""
"PURCHASE_IN","detail","特采","下拉框","1","0",""
"PURCHASE_IN","detail","含税金额","小数","1","0",""
"PURCHASE_IN","detail","费用调整","小数","0","1",""
"PURCHASE_IN","detail","费用金额","小数","0","1",""
"PURCHASE_IN","detail","现存量","小数","1","0",""
"PURCHASE_IN","detail","现存量说明","文本","0","1",""
"PURCHASE_IN","detail","产成品图片","文本","0","1",""
"PURCHASE_IN","detail","批号","文本","1","0",""
"PURCHASE_IN","detail","是否来料检验","下拉框","1","0",""
"PURCHASE_IN","detail","源单行号","文本","1","0",""
"PURCHASE_IN","detail","批次号","文本","1","0",""
"PURCHASE_IN","detail","源单分录id","文本","0","1",""
"PURCHASE_IN","detail","分录结算状态","文本","0","1",""
"PURCHASE_IN","detail","本次结算金额本位币","文本","0","1",""
"PURCHASE_IN","detail","折扣率%","文本","0","1",""
"PURCHASE_IN","detail","成本视图","文本","0","1",""
"PURCHASE_IN","detail","单位成本视图","文本","0","1",""
"PURCHASE_IN","detail","退货数量","文本","0","1",""
"PURCHASE_IN","detail","价税合计本位币","文本","0","1",""
"PURCHASE_IN","detail","是否赠品","文本","0","1",""
"PURCHASE_IN","detail","行号","文本","0","1",""
"PURCHASE_IN","detail","商品id","文本","0","1",""
"PURCHASE_IN","detail","商品是否多单位","文本","0","1",""
"PURCHASE_IN","detail","商品是否序列号","文本","0","1",""
"PURCHASE_IN","detail","商品是否辅助属性","文本","0","1",""
"PURCHASE_IN","detail","商品是否保质期","文本","0","1",""
"PURCHASE_IN","detail","商品是否批次","文本","0","1",""
"PURCHASE_IN","detail","仓库id","文本","0","1",""
"PURCHASE_IN","detail","仓库","参照","1","0","WH"
"PURCHASE_IN","detail","仓库启用仓位管理","文本","0","1",""
"PURCHASE_IN","detail","仓位id","文本","0","1",""
"PURCHASE_IN","detail","仓库名称_sp_name","文本","0","1",""
"PURCHASE_IN","detail","辅助属性id","文本","0","1",""
"PURCHASE_IN","detail","辅助属性名称","文本","0","1",""
"PURCHASE_IN","detail","辅助属性编码","文本","0","1",""
"PURCHASE_IN","detail","辅助属性1id","文本","0","1",""
"PURCHASE_IN","detail","辅助属性1名称","文本","0","1",""
"PURCHASE_IN","detail","辅助属性1编码","文本","0","1",""
"PURCHASE_IN","detail","辅助属性2id","文本","0","1",""
"PURCHASE_IN","detail","辅助属性2名称","文本","0","1",""
"PURCHASE_IN","detail","辅助属性2编码","文本","0","1",""
"PURCHASE_IN","detail","辅助属性3id","文本","0","1",""
"PURCHASE_IN","detail","辅助属性3名称","文本","0","1",""
"PURCHASE_IN","detail","辅助属性3编码","文本","0","1",""
"PURCHASE_IN","detail","条形码","文本","0","1",""
"PURCHASE_IN","detail","产地","文本","0","1",""
"PURCHASE_IN","detail","注册证号","文本","0","1",""
"PURCHASE_IN","detail","生产许可证","文本","0","1",""
"PURCHASE_IN","detail","保质期到期日","日期","0","1",""
"PURCHASE_IN","detail","有效期至","文本","0","1",""
"PURCHASE_IN","detail","保质期类型","文本","0","1",""
"PURCHASE_IN","detail","保质期","文本","0","1",""
"PURCHASE_IN","detail","序列号清单","文本","0","1",""
"PURCHASE_IN","detail","序列号流转ID","文本","0","1",""
"PURCHASE_IN","detail","基本单位id","文本","0","1",""
"PURCHASE_IN","detail","基本单位名称","文本","1","0",""
"PURCHASE_IN","detail","基本单位编码","文本","0","1",""
"PURCHASE_IN","detail","单位id","文本","0","1",""
"PURCHASE_IN","detail","单位编码","文本","0","1",""
"PURCHASE_IN","detail","辅助单位id","文本","0","1",""
"PURCHASE_IN","detail","辅助单位编码","文本","0","1",""
"PURCHASE_IN","detail","换算率_conversion_rate","文本","0","1",""
"PURCHASE_IN","detail","基本数量","文本","0","1",""
"PURCHASE_IN","detail","库存基本数量","文本","0","1",""
"PURCHASE_IN","detail","默认浮动数量","文本","0","1",""
"PURCHASE_IN","detail","辅助换算系数","文本","0","1",""
"PURCHASE_IN","detail","换算系数","文本","0","1",""
"PURCHASE_IN","detail","折扣额","文本","0","1",""
"PURCHASE_IN","detail","源单编号","文本","0","1",""
"PURCHASE_IN","detail","源单类型id","文本","0","1",""
"PURCHASE_IN","detail","源单类型名称","文本","0","1",""
"PURCHASE_IN","detail","源单类型编码","文本","0","1",""
"PURCHASE_IN","detail","源单内部id","文本","0","1",""
"PURCHASE_IN","detail","源单日期","日期","0","1",""
"PURCHASE_IN","detail","送检数量","小数","1","0",""
"PURCHASE_IN","detail","部门名称","文本","1","0",""
"PURCHASE_IN","detail","生产日期","文本","1","0",""
"PURCHASE_IN","detail","备注","文本","1","0",""
"PURCHASE_IN","header","币种","下拉框","0","1",""
"PURCHASE_IN","header","汇率","小数","1","0",""
"PURCHASE_IN","header","附件1","附件","1","0",""
"PURCHASE_IN","header","附件2","附件","1","0",""
"PURCHASE_IN","header","附件3","附件","1","0",""
"PURCHASE_IN","header","附件4","附件","1","0",""
"PURCHASE_IN","header","附件5","附件","1","0",""
"PURCHASE_IN","header","附件6","附件","1","0",""
"PURCHASE_IN","header","采购订单号","文本","0","1",""
"PURCHASE_IN","header","合同号","文本","0","1",""
"PURCHASE_IN","header","资金批次","文本","0","1",""
"PURCHASE_IN","header","采购类型","下拉框","0","1",""
"PURCHASE_IN","header","合同号最新","文本","0","1",""
"PURCHASE_IN","header","ERP单号","文本","1","0",""
"PURCHASE_IN","header","转ERP操作人","文本","1","0",""
"PURCHASE_IN","header","转ERP时间","文本","1","0",""
"PURCHASE_IN","header","批次键","整数","0","1",""
"PURCHASE_IN","header","创建时间","日期","1","0",""
"PURCHASE_IN","header","单据状态_bill_status","文本","0","1",""
"PURCHASE_IN","header","单据关闭状态","文本","0","1",""
"PURCHASE_IN","header","经手人编码","文本","0","1",""
"PURCHASE_IN","header","交货方式","文本","1","0",""
"PURCHASE_IN","header","交货方式编码","文本","0","1",""
"PURCHASE_IN","header","结算状态","文本","1","0",""
"PURCHASE_IN","header","修改时间","日期","0","1",""
"PURCHASE_IN","header","审核时间_audit_time","日期","0","1",""
"PURCHASE_IN","header","创建人","文本","0","1",""
"PURCHASE_IN","header","创建人编码","文本","0","1",""
"PURCHASE_IN","header","修改人","文本","0","1",""
"PURCHASE_IN","header","修改人编码","文本","0","1",""
"PURCHASE_IN","header","审核人_auditor_name","文本","0","1",""
"PURCHASE_IN","header","审核人编码","文本","0","1",""
"PURCHASE_IN","header","部门","参照","0","1","DEPT"
"PURCHASE_IN","header","部门编码","参照","0","1","DEPT"
"PURCHASE_IN","header","客户","文本","0","1",""
"PURCHASE_IN","header","客户编码","文本","0","1",""
"PURCHASE_IN","header","联系人电话","文本","1","0",""
"PURCHASE_IN","header","联系人国家名称","文本","0","1",""
"PURCHASE_IN","header","联系人国家编码","文本","0","1",""
"PURCHASE_IN","header","联系人省份名称","文本","0","1",""
"PURCHASE_IN","header","联系人省份编码","文本","0","1",""
"PURCHASE_IN","header","联系人市区名称","文本","0","1",""
"PURCHASE_IN","header","联系人市区编码","文本","0","1",""
"PURCHASE_IN","header","联系人区县名称","文本","0","1",""
"PURCHASE_IN","header","联系人区县编码","文本","0","1",""
"PURCHASE_IN","header","联系地址","文本","0","1",""
"PURCHASE_IN","header","未结算金额本位币","文本","0","1",""
"PURCHASE_IN","header","付款方式","文本","0","1",""
"PURCHASE_IN","header","付款方式编码","文本","0","1",""
"PURCHASE_IN","header","预付金额","文本","0","1",""
"PURCHASE_IN","header","付款账户","文本","0","1",""
"PURCHASE_IN","header","付款账户编码","文本","0","1",""
"PURCHASE_IN","header","保险金额","文本","0","1",""
"PURCHASE_IN","header","到期日","日期","1","0",""
"PURCHASE_IN","header","结算期限编码","文本","0","1",""
"PURCHASE_IN","header","结算期限","文本","0","1",""
"PURCHASE_IN","header","发货人","文本","0","1",""
"PURCHASE_IN","header","发货电话","文本","0","1",""
"PURCHASE_IN","header","发货地址","文本","0","1",""
"PURCHASE_IN","header","发货国家名称","文本","0","1",""
"PURCHASE_IN","header","发货国家编码","文本","0","1",""
"PURCHASE_IN","header","发货省份名称","文本","0","1",""
"PURCHASE_IN","header","发货省份编码","文本","0","1",""
"PURCHASE_IN","header","发货市区名称","文本","0","1",""
"PURCHASE_IN","header","发货市区编码","文本","0","1",""
"PURCHASE_IN","header","发货区县名称","文本","0","1",""
"PURCHASE_IN","header","发货区县编码","文本","0","1",""
"PURCHASE_IN","header","仓库编码","参照","0","1","WH"
"PURCHASE_IN","header","仓位","文本","0","1",""
"PURCHASE_IN","header","仓位编码","文本","0","1",""
"PURCHASE_IN","query,detail","存货编码","参照","1","0","INV"
"PURCHASE_IN","query,header","单据日期","日期","1","0",""
"PURCHASE_IN","query,header","单据编号","文本","1","0",""
"PURCHASE_IN","query,header","业务类型","下拉框","0","1",""
"PURCHASE_IN","query,header","入库类别","下拉框","1","0",""
"PURCHASE_IN","query,header","供应商编码","参照","1","0","GFDA"
"PURCHASE_IN","query,header","供应商","参照","1","0","GFDA"
"PURCHASE_IN","query,header","供应商简称","文本","0","1",""
"PURCHASE_IN","query,header","匹配来源单号","文本","0","1",""
"PURCHASE_IN","query,header","经手人","参照","1","0","EMP"
"PURCHASE_IN","query,header","项目","参照","0","1","PROJ"
"PURCHASE_IN","query,header","验货人","参照","0","1","EMP"
"PURCHASE_IN","query,header","外部单据号","文本","0","1",""
"PURCHASE_IN","query,header","来源单据","文本","0","1",""
"PURCHASE_IN","query,header","来源单号","文本","0","1",""
"PURCHASE_IN","query,header","销售订单号","文本","0","1",""
"PURCHASE_IN","query,header","批次号","文本","1","0",""
"PURCHASE_IN_DETAIL","detail","创建时间","日期","1","0",""
"PURCHASE_IN_DETAIL","detail","仓库编码","文本","1","0",""
"PURCHASE_IN_DETAIL","detail","入库类别","文本","1","0",""
"PURCHASE_IN_DETAIL","detail","供应商编码","文本","1","0",""
"PURCHASE_IN_DETAIL","detail","部门编码","文本","1","0",""
"PURCHASE_IN_DETAIL","detail","部门","文本","1","0",""
"PURCHASE_IN_DETAIL","detail","经手人编码","文本","1","0",""
"PURCHASE_IN_DETAIL","detail","经手人","文本","1","0",""
"PURCHASE_IN_DETAIL","detail","备注","文本","1","0",""
"PURCHASE_IN_DETAIL","detail","制单人","文本","1","0",""
"PURCHASE_IN_DETAIL","detail","审核人","文本","1","0",""
"PURCHASE_IN_DETAIL","detail","存货编码","文本","1","0",""
"PURCHASE_IN_DETAIL","detail","规格型号","文本","1","0",""
"PURCHASE_IN_DETAIL","detail","计量单位","文本","1","0",""
"PURCHASE_IN_DETAIL","detail","实收数量","小数","1","0",""
"PURCHASE_IN_DETAIL","detail","单价","小数","1","0",""
"PURCHASE_IN_DETAIL","detail","金额","小数","1","0",""
"PURCHASE_IN_DETAIL","detail","单价2","小数","1","0",""
"PURCHASE_IN_DETAIL","detail","计量单位2","文本","1","0",""
"PURCHASE_IN_DETAIL","detail","实收数量2","小数","1","0",""
"PURCHASE_IN_DETAIL","detail","入库调整","小数","1","0",""
"PURCHASE_IN_DETAIL","detail","费用调整","小数","1","0",""
"PURCHASE_IN_DETAIL","detail","总成本","小数","1","0",""
"PURCHASE_IN_DETAIL","detail","费用金额","小数","1","0",""
"PURCHASE_IN_DETAIL","query,detail","单据日期","日期","1","0",""
"PURCHASE_IN_DETAIL","query,detail","单据编号","文本","1","0",""
"PURCHASE_IN_DETAIL","query,detail","业务类型","文本","1","0",""
"PURCHASE_IN_DETAIL","query,detail","仓库","文本","1","0",""
"PURCHASE_IN_DETAIL","query,detail","供应商","文本","1","0",""
"PURCHASE_IN_DETAIL","query,detail","存货","文本","1","0",""
"PURCHASE_IN_STATS","detail","仓库编码","文本","1","0",""
"PURCHASE_IN_STATS","detail","供应商编码","文本","1","0",""
"PURCHASE_IN_STATS","detail","存货编码","文本","1","0",""
"PURCHASE_IN_STATS","detail","规格型号","文本","1","0",""
"PURCHASE_IN_STATS","detail","主单位","文本","1","0",""
"PURCHASE_IN_STATS","detail","辅单位","文本","1","0",""
"PURCHASE_IN_STATS","detail","实收数量(主单位)","文本","1","0",""
"PURCHASE_IN_STATS","detail","单价(主单位)","文本","1","0",""
"PURCHASE_IN_STATS","detail","金额","小数","1","0",""
"PURCHASE_IN_STATS","detail","单价(辅单位)","文本","1","0",""
"PURCHASE_IN_STATS","detail","入库调整","小数","1","0",""
"PURCHASE_IN_STATS","detail","费用调整","小数","1","0",""
"PURCHASE_IN_STATS","detail","总成本","小数","1","0",""
"PURCHASE_IN_STATS","detail","费用金额","小数","1","0",""
"PURCHASE_IN_STATS","query,detail","仓库","文本","1","0",""
"PURCHASE_IN_STATS","query,detail","供应商","文本","1","0",""
"PURCHASE_IN_STATS","query,detail","存货","文本","1","0",""
"QC_BHC","header","产品名称","文本","1","0",""
"QC_BHC","header","产品规格","文本","1","0",""
"QC_BHC","header","生产量","小数","1","0",""
"QC_BHC","header","不合格品数量","小数","1","0",""
"QC_BHC","header","不合格品比例","文本","1","0",""
"QC_BHC","header","责任人","文本","1","0",""
"QC_BHC","header","问题描述","文本","1","0",""
"QC_BHC","header","原因分析","文本","1","0",""
"QC_BHC","header","性能验证","文本","1","0",""
"QC_BHC","header","产品开发部性能意见","文本","1","0",""
"QC_BHC","header","产品开发部工艺意见","文本","1","0",""
"QC_BHC","header","销售部意见","文本","1","0",""
"QC_BHC","header","改善效果验证","文本","1","0",""
"QC_BHC","header","材料费用","小数","1","0",""
"QC_BHC","header","人工费","小数","1","0",""
"QC_BHC","header","其他费用","小数","1","0",""
"QC_BHC","header","备注","文本","1","0",""
"QC_BHC","header","审核人","参照","1","0","EMP"
"QC_BHC","header","审核时间","文本","1","0",""
"QC_BHC","header","文档编号","文本","1","1",""
"QC_BHC","query,header","单据编号","文本","1","0",""
"QC_BHC","query,header","单据日期","日期","1","0",""
"QC_BHC","query,header","客户名称","参照","1","0","KHDA"
"QC_BHC","query,header","产品编码","参照","1","0","INV"
"QC_BHC","query,header","问题来源","下拉框","1","0",""
"QC_BHC","query,header","处理意见","下拉框","1","0",""
"QC_BHC","query,header","单据状态","文本","1","0",""
"QC_BHG","header","填写人","文本","1","0",""
"QC_BHG","header","检验工站","文本","1","0",""
"QC_BHG","header","异常时间","日期","1","0",""
"QC_BHG","header","异常产品规格","文本","1","0",""
"QC_BHG","header","不合格品数量","小数","1","0",""
"QC_BHG","header","异常描述","文本","1","0",""
"QC_BHG","header","原因分析","文本","1","0",""
"QC_BHG","header","改善对策","文本","1","0",""
"QC_BHG","header","效果跟踪","文本","1","0",""
"QC_BHG","header","品质部意见","文本","1","0",""
"QC_BHG","header","备注","文本","1","0",""
"QC_BHG","header","审核人","参照","1","0","EMP"
"QC_BHG","header","审核时间","文本","1","0",""
"QC_BHG","header","文档编号","文本","1","1",""
"QC_BHG","query,header","单据编号","文本","1","0",""
"QC_BHG","query,header","单据日期","日期","1","0",""
"QC_BHG","query,header","填写部门","参照","1","0","DEPT"
"QC_BHG","query,header","客户名称","参照","1","0","KHDA"
"QC_BHG","query,header","责任部门","参照","1","0","DEPT"
"QC_BHG","query,header","产品名称","文本","1","0",""
"QC_BHG","query,header","异常等级","下拉框","1","0",""
"QC_BHG","query,header","单据状态","文本","1","0",""
"QC_BHZ","header","物料名称","文本","1","0",""
"QC_BHZ","header","生产数量","小数","1","0",""
"QC_BHZ","header","责任人","文本","1","0",""
"QC_BHZ","header","问题描述","文本","1","0",""
"QC_BHZ","header","原因分析","文本","1","0",""
"QC_BHZ","header","性能验证","文本","1","0",""
"QC_BHZ","header","研发部意见","文本","1","0",""
"QC_BHZ","header","产品开发部意见","文本","1","0",""
"QC_BHZ","header","改善效果验证","文本","1","0",""
"QC_BHZ","header","材料费用","小数","1","0",""
"QC_BHZ","header","人工费","小数","1","0",""
"QC_BHZ","header","其他费用","小数","1","0",""
"QC_BHZ","header","备注","文本","1","0",""
"QC_BHZ","header","审核人","参照","1","0","EMP"
"QC_BHZ","header","审核时间","文本","1","0",""
"QC_BHZ","header","文档编号","文本","1","1",""
"QC_BHZ","query,header","单据编号","文本","1","0",""
"QC_BHZ","query,header","单据日期","日期","1","0",""
"QC_BHZ","query,header","物料编码","参照","1","0","INV"
"QC_BHZ","query,header","物料批次","文本","1","0",""
"QC_BHZ","query,header","问题来源","下拉框","1","0",""
"QC_BHZ","query,header","处理意见","下拉框","1","0",""
"QC_BHZ","query,header","单据状态","文本","1","0",""
"QC_CATALOG","detail","检测物料类别","文本","1","0",""
"QC_CATALOG","detail","物料编码","文本","1","0",""
"QC_CATALOG","detail","物料名称","文本","1","0",""
"QC_CATALOG","detail","批次号","文本","1","0",""
"QC_CATALOG","detail","数量","文本","1","0",""
"QC_CATALOG","detail","计量单位","文本","0","1",""
"QC_CATALOG","detail","检验状态","下拉框","1","0",""
"QC_CATALOG","detail","是否合格","下拉框","1","0",""
"QC_CATALOG","detail","检验单号","文本","1","0",""
"QC_CATALOG","detail","检验数据记录单号","文本","1","0",""
"QC_CATALOG","header","单据编号","文本","1","0",""
"QC_CATALOG","header","单据日期","日期","1","0",""
"QC_CATALOG","header","备注","文本","1","0",""
"QC_CATALOG","query","检测物料类别","文本","1","0",""
"QC_CATALOG","query","物料名称","文本","1","0",""
"QC_CATALOG","query","批次号","文本","1","0",""
"QC_CATALOG","query","检验状态","下拉框","1","0",""
"QC_CATALOG","query","是否合格","下拉框","1","0",""
"QC_CATALOG","query","物料编码","文本","1","0",""
"QC_CATALOG","query","检验单号","文本","1","0",""
"QC_CATALOG","query","检验数据记录单号","文本","1","0",""
"QC_DISPOSAL","header","物料名称","文本","1","0",""
"QC_DISPOSAL","header","原仓库","参照","1","0","WH"
"QC_DISPOSAL","header","处置原因","文本","1","0",""
"QC_DISPOSAL","header","经手人","文本","1","0",""
"QC_DISPOSAL","header","备注","文本","1","0",""
"QC_DISPOSAL","header","审核人","参照","1","0","EMP"
"QC_DISPOSAL","header","审核时间","文本","1","0",""
"QC_DISPOSAL","query,header","单据编号","文本","1","0",""
"QC_DISPOSAL","query,header","单据日期","日期","1","0",""
"QC_DISPOSAL","query,header","来源单号","文本","1","0",""
"QC_DISPOSAL","query,header","物料编码","参照","1","0","INV"
"QC_DISPOSAL","query,header","批号","文本","1","0",""
"QC_DISPOSAL","query,header","数量","小数","1","0",""
"QC_DISPOSAL","query,header","处置方式","下拉框","1","0",""
"QC_DISPOSAL","query,header","单据状态","文本","1","0",""
"QC_INSP","detail","特采","是否","1","0","GFDA"
"QC_INSP","detail","单据编号","文本","1","0","GFDA"
"QC_INSP","detail","采购订单行号","文本","1","0","GFDA"
"QC_INSP","detail","物料名称","参照","1","0","GFDA"
"QC_INSP","detail","批次号","文本","1","0",""
"QC_INSP","detail","规格型号","文本","1","0","GFDA"
"QC_INSP","detail","物料描述","文本","1","0","GFDA"
"QC_INSP","detail","数量","小数","1","0","GFDA"
"QC_INSP","detail","箱数","小数","1","0","GFDA"
"QC_INSP","detail","日期","日期","1","0","GFDA"
"QC_INSP","detail","报废数量","小数","1","0","GFDA"
"QC_INSP","detail","损耗","小数","1","0","GFDA"
"QC_INSP","detail","损耗率","小数","1","0","GFDA"
"QC_INSP","detail","备注","文本","1","0","GFDA"
"QC_INSP","detail","成品编号","文本","1","0","GFDA"
"QC_INSP","detail","生产日期","日期","1","0","GFDA"
"QC_INSP","detail","合格数量","小数","1","0","GFDA"
"QC_INSP","detail","不良数量","小数","1","0","GFDA"
"QC_INSP","detail","结案","下拉框","1","0","GFDA"
"QC_INSP","detail","入库单号","文本","1","0","GFDA"
"QC_INSP","detail","仓库代码","文本","1","0","GFDA"
"QC_INSP","detail","抽样方案","文本","1","0","GFDA"
"QC_INSP","detail","品质复核人","文本","1","0","GFDA"
"QC_INSP","detail","品质复核时间","文本","1","0","GFDA"
"QC_INSP","detail","业务员","文本","1","0","GFDA"
"QC_INSP","header","部门","参照","1","0","GFDA"
"QC_INSP","header","部门名称","文本","1","0","GFDA"
"QC_INSP","header","检验类型","下拉框","1","0","GFDA"
"QC_INSP","header","数量","小数","1","0","GFDA"
"QC_INSP","header","附件1","附件","1","0","GFDA"
"QC_INSP","header","附件2","附件","1","0","GFDA"
"QC_INSP","header","附件3","附件","1","0","GFDA"
"QC_INSP","header","附件4","附件","1","0","GFDA"
"QC_INSP","header","附件5","附件","1","0","GFDA"
"QC_INSP","header","附件6","附件","1","0","GFDA"
"QC_INSP","header","批次键","整数","0","1","GFDA"
"QC_INSP","header,detail","部门","参照","1","0","GFDA"
"QC_INSP","header,detail","部门名称","文本","1","0","GFDA"
"QC_INSP","query,detail","物料编码","参照","1","0","GFDA"
"QC_INSP","query,detail","条码","文本","1","0","GFDA"
"QC_INSP","query,header","单据编号","文本","1","0","GFDA"
"QC_INSP","query,header","单据日期","日期","1","0","GFDA"
"QC_INSP","query,header","业务员","文本","1","0","GFDA"
"QC_INSP","query,header","暂收单号","参照","1","0","GFDA"
"QC_INSP","query,header","采购订单号","文本","1","0","GFDA"
"QC_INSP","query,header","批次号","文本","1","0",""
"QC_INSP","query,header","供应商代码","参照","1","0","GFDA"
"QC_INSP","query,header","供应商","参照","1","0","GFDA"
"QC_INSP","query,header","检验编号","文本","1","0","GFDA"
"QC_INSP","query,header","执行标准","文本","1","0","GFDA"
"QC_INSP_REC","detail","检验项","标准库","1","0",""
"QC_INSP_REC","detail","检测标准","文本","1","0",""
"QC_INSP_REC","detail","检测结果","文本","1","0",""
"QC_INSP_REC","detail","单项判定","下拉框","1","0",""
"QC_INSP_REC","header","单据编号","文本","1","0",""
"QC_INSP_REC","header","单据日期","日期","1","0",""
"QC_INSP_REC","header","物料名称","文本","1","0",""
"QC_INSP_REC","header","物料编码","文本","1","0",""
"QC_INSP_REC","header","物料批次","文本","1","0",""
"QC_INSP_REC","header","检验日期","日期","1","0",""
"QC_INSP_REC","header","来料日期","日期","1","0",""
"QC_INSP_REC","header","来料数量","文本","1","0",""
"QC_INSP_REC","header","计量单位","文本","0","1",""
"QC_INSP_REC","header","文件编码","文本","1","0",""
"QC_INSP_REC","header","检验依据","文本","1","0",""
"QC_INSP_REC","header","检验结论","文本","1","0",""
"QC_INSP_REC","header","处理意见","文本","1","0",""
"QC_INSP_REC","header","检验人","文本","1","0",""
"QC_INSP_REC","header","表单审核人","文本","1","1",""
"QC_INSP_REC","header","备注","文本","1","0",""
"QC_INSP_REC","query","物料名称","文本","1","0",""
"QC_INSP_REC","query","物料编码","文本","1","0",""
"QC_INSP_REC","query","物料批次","文本","1","0",""
"QC_INSP_REC","query","检验日期","日期","1","0",""
"QC_INSP_REC","query","检验结论","文本","1","0",""
"QC_INSP_REC","query","检验人","文本","1","0",""
"QC_INSP_REQ","detail","折叠棉","文本","1","0",""
"QC_INSP_REQ","detail","炭棒","文本","1","0",""
"QC_INSP_REQ","detail","实配炭棒后外径","文本","1","0",""
"QC_INSP_REQ","detail","折数","文本","1","0",""
"QC_INSP_REQ","detail","折高","文本","1","0",""
"QC_INSP_REQ","detail","叠高","文本","1","0",""
"QC_INSP_REQ","detail","外径","文本","1","0",""
"QC_INSP_REQ","detail","内径","文本","1","0",""
"QC_INSP_REQ","detail","厚度","文本","1","0",""
"QC_INSP_REQ","detail","实配端盖效果","文本","1","0",""
"QC_INSP_REQ","detail","材质","文本","1","0",""
"QC_INSP_REQ","detail","长","文本","1","0",""
"QC_INSP_REQ","detail","宽","文本","1","0",""
"QC_INSP_REQ","detail","克数","文本","1","0",""
"QC_INSP_REQ","detail","宽度","文本","1","0",""
"QC_INSP_REQ","detail","克重","文本","1","0",""
"QC_INSP_REQ","detail","颜色（白/黑）","文本","1","0",""
"QC_INSP_REQ","detail","尺寸","文本","1","0",""
"QC_INSP_REQ","detail","实配端盖","文本","1","0",""
"QC_INSP_REQ","detail","接口牢固度","文本","1","0",""
"QC_INSP_REQ","detail","破损、切斜","文本","1","0",""
"QC_INSP_REQ","detail","外径1","文本","1","0",""
"QC_INSP_REQ","detail","外径2","文本","1","0",""
"QC_INSP_REQ","detail","高度","文本","1","0",""
"QC_INSP_REQ","detail","外径（+密封圈）","文本","1","0",""
"QC_INSP_REQ","detail","出水口堵孔、批锋","文本","1","0",""
"QC_INSP_REQ","detail","变形、破损","文本","1","0",""
"QC_INSP_REQ","detail","实配炭棒","文本","1","0",""
"QC_INSP_REQ","detail","切面（平整、无歪斜）","文本","1","0",""
"QC_INSP_REQ","detail","破损、变形","文本","1","0",""
"QC_INSP_REQ","detail","脏污、头发丝","文本","1","0",""
"QC_INSP_REQ","query,detail","物料类别","下拉框","1","0",""
"QC_INSP_REQ","query,detail","物料编号","文本","1","0",""
"QC_ITEM","detail","判定规则","下拉框","1","0",""
"QC_ITEM","detail","标准下限","小数","1","0",""
"QC_ITEM","detail","标准上限","小数","1","0",""
"QC_ITEM","detail","停用","是否","1","0",""
"QC_ITEM","query,detail","项目编码","文本","1","0",""
"QC_ITEM","query,detail","项目名称","文本","1","0",""
"QC_ITEM","query,detail","检验内容","文本","1","0",""
"QC_ITEM","query,detail","检验标准","文本","1","0",""
"QC_ITEM","query,detail","数据类型","下拉框","1","0",""
"QC_ITEM","query,detail","计量单位","文本","1","0",""
"QC_JJF","header","物料名称","文本","1","0",""
"QC_JJF","header","申请放行数量","小数","1","0",""
"QC_JJF","header","紧急放行原因","文本","1","0",""
"QC_JJF","header","产品开发部性能意见","文本","1","0",""
"QC_JJF","header","产品开发部工艺意见","文本","1","0",""
"QC_JJF","header","品质部意见","文本","1","0",""
"QC_JJF","header","检测结果","文本","1","0",""
"QC_JJF","header","检测人","文本","1","0",""
"QC_JJF","header","备注","文本","1","0",""
"QC_JJF","header","审核人","参照","1","0","EMP"
"QC_JJF","header","审核时间","文本","1","0",""
"QC_JJF","header","文档编号","文本","1","1",""
"QC_JJF","header","责任人","文本","1","0",""
"QC_JJF","query,header","单据编号","文本","1","0",""
"QC_JJF","query,header","单据日期","日期","1","0",""
"QC_JJF","query,header","物料类型","下拉框","1","0",""
"QC_JJF","query,header","物料编码","参照","1","0","INV"
"QC_JJF","query,header","批次号","文本","1","0",""
"QC_JJF","query,header","单据状态","文本","1","0",""
"QC_LYB","header","物料名称","文本","1","0",""
"QC_LYB","header","来料数量","小数","1","0",""
"QC_LYB","header","不良率","文本","1","0",""
"QC_LYB","header","异常描述","文本","1","0",""
"QC_LYB","header","供应商原因","文本","1","0",""
"QC_LYB","header","内部原因","文本","1","0",""
"QC_LYB","header","改善追踪结果","文本","1","0",""
"QC_LYB","header","备注","文本","1","0",""
"QC_LYB","header","审核人","参照","1","0","EMP"
"QC_LYB","header","审核时间","文本","1","0",""
"QC_LYB","header","文档编号","文本","1","1",""
"QC_LYB","header","编制人","文本","1","0",""
"QC_LYB","query,header","单据编号","文本","1","0",""
"QC_LYB","query,header","单据日期","日期","1","0",""
"QC_LYB","query,header","供应商","参照","1","0","PARTNER"
"QC_LYB","query,header","物料批次","文本","1","0",""
"QC_LYB","query,header","物料编码","参照","1","0","INV"
"QC_LYB","query,header","处理方式","下拉框","1","0",""
"QC_LYB","query,header","单据状态","文本","1","0",""
"QC_OP","detail","标准要求","文本","1","0",""
"QC_OP","detail","实测数值","小数","1","0",""
"QC_OP","header","检验日期","日期","1","0",""
"QC_OP","header","审核人","参照","1","0","EMP"
"QC_OP","header","审核时间","文本","1","0",""
"QC_OP","header,detail","备注","文本","1","0",""
"QC_OP","query,detail","检验项目","文本","1","0",""
"QC_OP","query,detail","检验结果","下拉框","1","0",""
"QC_OP","query,header","单据编号","文本","1","0",""
"QC_OP","query,header","单据日期","日期","1","0",""
"QC_OP","query,header","工单号","参照","1","0","WO_ORDER"
"QC_OP","query,header","工序","下拉框","1","0",""
"QC_OP","query,header","检验员","文本","1","0",""
"QC_OP","query,header","总结论","下拉框","1","0",""
"QC_OP","query,header","单据状态","文本","1","0",""
"QC_PLAN","detail","停用","是否","1","0",""
"QC_PLAN","query,detail","方案编码","文本","1","0",""
"QC_PLAN","query,detail","方案名称","文本","1","0",""
"QC_PLAN","query,detail","适用存货","参照","1","0","INV"
"QC_PLAN","query,detail","适用存货类别","文本","1","0",""
"QC_PLAN","query,detail","检验方式","下拉框","1","0",""
"QC_PLAN","query,detail","抽检比例%","小数","1","0",""
"QC_RECORD","detail","标准要求","文本","1","0",""
"QC_RECORD","detail","实测数值","小数","1","0",""
"QC_RECORD","detail","品序号","文本","1","0",""
"QC_RECORD","header","规格","文本","1","0",""
"QC_RECORD","header","抽样数量","小数","1","0",""
"QC_RECORD","header","处理方式","文本","1","0",""
"QC_RECORD","header","审核人","参照","1","0","EMP"
"QC_RECORD","header,detail","备注","文本","1","0",""
"QC_RECORD","query,detail","检验项目","文本","1","0",""
"QC_RECORD","query,detail","检验结果","下拉框","1","0",""
"QC_RECORD","query,header","单据编号","文本","1","0",""
"QC_RECORD","query,header","单据日期","日期","1","0",""
"QC_RECORD","query,header","检验类型","下拉框","1","0",""
"QC_RECORD","query,header","车间","文本","1","0",""
"QC_RECORD","query,header","产品编号","文本","1","0",""
"QC_RECORD","query,header","不良率","小数","1","0",""
"QC_RECORD","query,header","检验员","文本","1","0",""
"QC_RECORD","query,header","总结论","下拉框","1","0",""
"QC_RECORD","query,header","单据状态","文本","1","0",""
"QC_RECV","detail","发货数量","小数","1","0","GFDA"
"QC_RECV","detail","剩余数量","小数","1","0","GFDA"
"QC_RECV","detail","退料数量","小数","1","0","GFDA"
"QC_RECV","detail","报废数量","小数","1","0","GFDA"
"QC_RECV","detail","折扣金额","小数","1","0","GFDA"
"QC_RECV","detail","单据编号","文本","1","0","GFDA"
"QC_RECV","detail","采购订单行号","文本","1","0","GFDA"
"QC_RECV","detail","物料名称","参照","1","0","GFDA"
"QC_RECV","detail","规格型号","文本","1","0","GFDA"
"QC_RECV","detail","批次号","文本","1","0",""
"QC_RECV","detail","物料描述","文本","1","0","GFDA"
"QC_RECV","detail","数量","小数","1","0","GFDA"
"QC_RECV","detail","计量单位","参照","1","0","GFDA"
"QC_RECV","detail","日期","日期","1","0","GFDA"
"QC_RECV","detail","供应商","参照","1","0","GFDA"
"QC_RECV","detail","单价","小数","1","0","GFDA"
"QC_RECV","detail","折扣","小数","1","0","GFDA"
"QC_RECV","detail","制单号","文本","1","0","GFDA"
"QC_RECV","detail","品质复核人","参照","1","0","GFDA"
"QC_RECV","detail","金额","小数","1","0","GFDA"
"QC_RECV","detail","品质复核时间","文本","1","0","GFDA"
"QC_RECV","detail","备注","文本","1","0","GFDA"
"QC_RECV","detail","采购单号","参照","1","0","GFDA"
"QC_RECV","detail","入库数量","小数","1","0","GFDA"
"QC_RECV","detail","入库单号","文本","1","0","GFDA"
"QC_RECV","detail","领料单号","文本","1","0","GFDA"
"QC_RECV","detail","结案","下拉框","1","0","GFDA"
"QC_RECV","detail","税别代码","文本","1","0","GFDA"
"QC_RECV","detail","税别说明","文本","1","0","GFDA"
"QC_RECV","detail","税额","小数","1","0","GFDA"
"QC_RECV","detail","数量2","小数","1","0","GFDA"
"QC_RECV","detail","计量单位2","文本","1","0","GFDA"
"QC_RECV","detail","总金额","小数","1","0","GFDA"
"QC_RECV","detail","订单号","参照","1","0","GFDA"
"QC_RECV","detail","税率%","小数","1","0","GFDA"
"QC_RECV","detail","含税单价","小数","1","0","GFDA"
"QC_RECV","detail","箱数","小数","1","0","GFDA"
"QC_RECV","detail","部门","参照","1","0","GFDA"
"QC_RECV","detail","含税金额","小数","1","0","GFDA"
"QC_RECV","detail","折扣%","小数","1","0","GFDA"
"QC_RECV","detail","部门名称","文本","1","0","GFDA"
"QC_RECV","detail","预计到货日期","日期","1","0","GFDA"
"QC_RECV","detail","现存量","小数","0","0","GFDA"
"QC_RECV","detail","仓库","文本","1","0","GFDA"
"QC_RECV","header","金额","小数","1","0","GFDA"
"QC_RECV","header","税额","小数","1","0","GFDA"
"QC_RECV","header","总金额","小数","1","0","GFDA"
"QC_RECV","header","部门","参照","1","0","GFDA"
"QC_RECV","header","部门名称","文本","1","0","GFDA"
"QC_RECV","header","数量","小数","1","0","GFDA"
"QC_RECV","header","附件1","附件","1","0","GFDA"
"QC_RECV","header","附件2","附件","1","0","GFDA"
"QC_RECV","header","附件3","附件","1","0","GFDA"
"QC_RECV","header","附件4","附件","1","0","GFDA"
"QC_RECV","header","附件5","附件","1","0","GFDA"
"QC_RECV","header","附件6","附件","1","0","GFDA"
"QC_RECV","header","审核人","参照","1","0","GFDA"
"QC_RECV","header","审核时间","文本","1","0","GFDA"
"QC_RECV","header","批次键","整数","0","1","GFDA"
"QC_RECV","query,detail","条码","文本","1","0","GFDA"
"QC_RECV","query,detail","物料编码","参照","1","0","GFDA"
"QC_RECV","query,header","单据编号","文本","1","0","GFDA"
"QC_RECV","query,header","单据日期","日期","1","0","GFDA"
"QC_RECV","query,header","业务员","参照","1","0","GFDA"
"QC_RECV","query,header","供应商代码","参照","1","0","GFDA"
"QC_RECV","query,header","供应商","参照","1","0","GFDA"
"QC_RECV","query,header","来料性质","文本","1","0","GFDA"
"QC_RECV","query,header","仓库","参照","1","0","GFDA"
"QC_RECV","query,header","批次号","文本","1","0",""
"QC_RECV","query,header","采购订单号","文本","1","0","GFDA"
"QC_RETURN","detail","单据编号","文本","1","0",""
"QC_RETURN","detail","采购订单行号","文本","1","0",""
"QC_RETURN","detail","批次号","文本","1","0",""
"QC_RETURN","detail","物料名称","参照","1","0","INV"
"QC_RETURN","detail","规格型号","文本","1","0",""
"QC_RETURN","detail","物料描述","文本","1","0",""
"QC_RETURN","detail","计量单位","参照","1","0","UOM"
"QC_RETURN","detail","数量","小数","1","0",""
"QC_RETURN","detail","日期","日期","1","0",""
"QC_RETURN","detail","供应商","参照","1","0","GFDA"
"QC_RETURN","detail","报废数量","小数","1","0",""
"QC_RETURN","detail","剩余数量","小数","1","0",""
"QC_RETURN","detail","单价","小数","1","0",""
"QC_RETURN","detail","折扣","小数","1","0",""
"QC_RETURN","detail","金额","小数","1","0",""
"QC_RETURN","detail","备注","文本","1","0",""
"QC_RETURN","detail","采购单号","参照","1","0","PU_ORDER"
"QC_RETURN","detail","入库数量","小数","1","0",""
"QC_RETURN","detail","入库单号","文本","1","0",""
"QC_RETURN","detail","领料单号","文本","1","0",""
"QC_RETURN","detail","结案","下拉框","1","0",""
"QC_RETURN","detail","税别代码","文本","1","0",""
"QC_RETURN","detail","税别说明","文本","1","0",""
"QC_RETURN","detail","税额","小数","1","0",""
"QC_RETURN","detail","总金额","小数","1","0",""
"QC_RETURN","detail","订单号","参照","1","0","SO_ORDER"
"QC_RETURN","detail","箱数","小数","1","0",""
"QC_RETURN","detail","部门","参照","1","0","DEPT"
"QC_RETURN","detail","部门名称","文本","1","0",""
"QC_RETURN","header","退货类型","下拉框","1","0",""
"QC_RETURN","header","部门","参照","1","0","DEPT"
"QC_RETURN","header","部门名称","文本","1","0",""
"QC_RETURN","header","数量","小数","1","0",""
"QC_RETURN","header","附件1","附件","1","0",""
"QC_RETURN","header","附件2","附件","1","0",""
"QC_RETURN","header","附件3","附件","1","0",""
"QC_RETURN","header","附件4","附件","1","0",""
"QC_RETURN","header","附件5","附件","1","0",""
"QC_RETURN","header","附件6","附件","1","0",""
"QC_RETURN","query,detail","物料编码","参照","1","0","INV"
"QC_RETURN","query,detail","不良原因","参照","1","0","REJECT"
"QC_RETURN","query,header","单据编号","文本","1","0",""
"QC_RETURN","query,header","单据日期","日期","1","0",""
"QC_RETURN","query,header","业务员","文本","1","0",""
"QC_RETURN","query,header","采购订单号","文本","1","0",""
"QC_RETURN","query,header","批次号","文本","1","0",""
"QC_RETURN","query,header","供应商代码","参照","1","0","PARTNER"
"QC_RETURN","query,header","仓库","参照","1","0","WH"
"QC_RETURN","query,header","供应商","参照","1","0","GFDA"
"QC_SCP","header","物料名称","文本","1","0",""
"QC_SCP","header","生产量","小数","1","0",""
"QC_SCP","header","责任人","文本","1","0",""
"QC_SCP","header","材料来源描述","文本","1","0",""
"QC_SCP","header","测试结果","文本","1","0",""
"QC_SCP","header","研发部意见","文本","1","0",""
"QC_SCP","header","产品开发部意见","文本","1","0",""
"QC_SCP","header","品质部意见","文本","1","0",""
"QC_SCP","header","备注","文本","1","0",""
"QC_SCP","header","审核人","参照","1","0","EMP"
"QC_SCP","header","审核时间","文本","1","0",""
"QC_SCP","header","文档编号","文本","1","1",""
"QC_SCP","query,header","单据编号","文本","1","0",""
"QC_SCP","query,header","单据日期","日期","1","0",""
"QC_SCP","query,header","物料编码","参照","1","0","INV"
"QC_SCP","query,header","物料批次","文本","1","0",""
"QC_SCP","query,header","单据状态","文本","1","0",""
"QC_SCY","header","产品物料名称","文本","1","0",""
"QC_SCY","header","产品物料批次","文本","1","0",""
"QC_SCY","header","生产量","小数","1","0",""
"QC_SCY","header","异常描述","文本","1","0",""
"QC_SCY","header","原因分析","文本","1","0",""
"QC_SCY","header","改善对策","文本","1","0",""
"QC_SCY","header","效果跟踪","文本","1","0",""
"QC_SCY","header","品质部意见","文本","1","0",""
"QC_SCY","header","备注","文本","1","0",""
"QC_SCY","header","审核人","参照","1","0","EMP"
"QC_SCY","header","审核时间","文本","1","0",""
"QC_SCY","header","文档编号","文本","1","1",""
"QC_SCY","header","编制人","文本","1","0",""
"QC_SCY","query,header","单据编号","文本","1","0",""
"QC_SCY","query,header","单据日期","日期","1","0",""
"QC_SCY","query,header","产品物料编码","参照","1","0","INV"
"QC_SCY","query,header","单据状态","文本","1","0",""
"QC_TC_IN","header","产品名称","文本","1","0",""
"QC_TC_IN","header","总数量","小数","1","0",""
"QC_TC_IN","header","计量单位","文本","0","1",""
"QC_TC_IN","header","不合格品数量","小数","1","0",""
"QC_TC_IN","header","不合格品比例","文本","1","0",""
"QC_TC_IN","header","不良说明","文本","1","0",""
"QC_TC_IN","header","特采理由","文本","1","0",""
"QC_TC_IN","header","产品开发部性能意见","文本","1","0",""
"QC_TC_IN","header","产品开发部工艺意见","文本","1","0",""
"QC_TC_IN","header","品质部意见","文本","1","0",""
"QC_TC_IN","header","销售部意见","文本","1","0",""
"QC_TC_IN","header","研发意见","文本","1","0",""
"QC_TC_IN","header","备注","文本","1","0",""
"QC_TC_IN","header","审核人","文本","1","0",""
"QC_TC_IN","header","审核时间","文本","1","0",""
"QC_TC_IN","header","文档编号","文本","1","1",""
"QC_TC_IN","header","编制人","文本","1","0",""
"QC_TC_IN","header","特采理由日期","文本","1","1",""
"QC_TC_IN","header","产品开发部签名","文本","1","1",""
"QC_TC_IN","header","产品开发部日期","文本","1","1",""
"QC_TC_IN","header","品质部签名","文本","1","1",""
"QC_TC_IN","header","品质部日期","文本","1","1",""
"QC_TC_IN","header","销售部签名","文本","1","1",""
"QC_TC_IN","header","销售部日期","文本","1","1",""
"QC_TC_IN","header","研发签名","文本","1","1",""
"QC_TC_IN","header","研发日期","文本","1","1",""
"QC_TC_IN","header","批次键","整数","0","1",""
"QC_TC_IN","header","批次号","文本","0","1",""
"QC_TC_IN","header","检验单号","文本","0","1",""
"QC_TC_IN","query,header","单据编号","文本","1","0",""
"QC_TC_IN","query,header","单据日期","日期","1","0",""
"QC_TC_IN","query,header","供应商","参照","1","0","GFDA"
"QC_TC_IN","query,header","采购单号","参照","1","0","PU_ORDER"
"QC_TC_IN","query,header","严重程度","下拉框","1","0",""
"QC_TC_IN","query,header","最终处理结果","下拉框","1","0",""
"QC_TC_IN","query,header","单据状态","文本","1","0",""
"RD_ALKALINE","detail","测试时间","文本","1","0",""
"RD_ALKALINE","detail","测试流速","文本","1","0",""
"RD_ALKALINE","detail","杯数","文本","1","0",""
"RD_ALKALINE","detail","水温","文本","1","0",""
"RD_ALKALINE","detail","RO水PH","文本","1","0",""
"RD_ALKALINE","detail","RO水TDS","文本","1","0",""
"RD_ALKALINE","detail","滤芯出水PH","文本","1","0",""
"RD_ALKALINE","detail","滤芯出水TDS","文本","1","0",""
"RD_ALKALINE","detail","PH提升值","文本","1","0",""
"RD_ALKALINE","detail","钠","文本","1","0",""
"RD_ALKALINE","detail","镁","文本","1","0",""
"RD_ALKALINE","detail","钾","文本","1","0",""
"RD_ALKALINE","detail","钙","文本","1","0",""
"RD_ALKALINE","header","单据编号","文本","1","0",""
"RD_ALKALINE","header","单据日期","日期","1","0",""
"RD_ALKALINE","header","密级","下拉框","1","0",""
"RD_ALKALINE","header","适用范围","下拉框","1","0",""
"RD_ALKALINE","header","测试负责人","文本","1","0",""
"RD_ALKALINE","header","报告编号","文本","1","0",""
"RD_ALKALINE","header","文档编号","参照","1","0","RD_APPROVAL"
"RD_ALKALINE","header","测试主题","文本","1","0",""
"RD_ALKALINE","header","测试目的/背景","文本","1","0",""
"RD_ALKALINE","header","测试时间","文本","1","0",""
"RD_ALKALINE","header","炭棒尺寸","文本","1","0",""
"RD_ALKALINE","header","本次实验目的","文本","1","0",""
"RD_ALKALINE","header","测试仪器","文本","1","0",""
"RD_ALKALINE","header","测试装置及工位","文本","1","0",""
"RD_ALKALINE","header","测试方式","文本","1","0",""
"RD_ALKALINE","header","原水自来水","下拉框","1","0",""
"RD_ALKALINE","header","原水超纯水","下拉框","1","0",""
"RD_ALKALINE","header","原水RO纯水","下拉框","1","0",""
"RD_ALKALINE","header","原水PH","文本","1","0",""
"RD_ALKALINE","header","原水TDS","文本","1","0",""
"RD_ALKALINE","header","水温","文本","1","0",""
"RD_ALKALINE","header","备注","文本","1","0",""
"RD_ALKALINE","query","测试主题","文本","1","0",""
"RD_ALKALINE","query","报告编号","文本","1","0",""
"RD_ANTIBACT","detail","测试日期","文本","1","0",""
"RD_ANTIBACT","detail","样品信息","文本","1","0",""
"RD_ANTIBACT","detail","累计流量","文本","1","0",""
"RD_ANTIBACT","detail","原液浓度","文本","1","0",""
"RD_ANTIBACT","detail","活性氧化铝","文本","1","0",""
"RD_ANTIBACT","detail","去除率","文本","1","0",""
"RD_ANTIBACT","header","单据编号","文本","1","0",""
"RD_ANTIBACT","header","单据日期","日期","1","0",""
"RD_ANTIBACT","header","密级","下拉框","1","0",""
"RD_ANTIBACT","header","适用范围","下拉框","1","0",""
"RD_ANTIBACT","header","测试负责人","文本","1","0",""
"RD_ANTIBACT","header","报告编号","文本","1","0",""
"RD_ANTIBACT","header","文档编号","参照","1","0","RD_APPROVAL"
"RD_ANTIBACT","header","测试主题","文本","1","0",""
"RD_ANTIBACT","header","测试目的/背景","文本","1","0",""
"RD_ANTIBACT","header","测试标准","文本","1","0",""
"RD_ANTIBACT","header","测试时间","文本","1","0",""
"RD_ANTIBACT","header","本次实验目的","文本","1","0",""
"RD_ANTIBACT","header","试验用水","文本","1","0",""
"RD_ANTIBACT","header","测试装置/设备","文本","1","0",""
"RD_ANTIBACT","header","冲水方式","文本","1","0",""
"RD_ANTIBACT","header","测试方法","文本","1","0",""
"RD_ANTIBACT","header","数据结论","文本","1","0",""
"RD_ANTIBACT","header","备注","文本","1","0",""
"RD_ANTIBACT","query","测试主题","文本","1","0",""
"RD_ANTIBACT","query","报告编号","文本","1","0",""
"RD_APPROVAL","header","单据编号","文本","1","0",""
"RD_APPROVAL","header","单据日期","日期","1","0",""
"RD_APPROVAL","header","客户名","文本","1","0",""
"RD_APPROVAL","header","立项背景","文本","1","0",""
"RD_APPROVAL","header","机型及应用位置","文本","1","0",""
"RD_APPROVAL","header","滤芯炭棒规格或结构","文本","1","0",""
"RD_APPROVAL","header","项目开发目标","文本","1","0",""
"RD_APPROVAL","header","项目输出","文本","1","0",""
"RD_APPROVAL","header","开发周期要求","文本","1","0",""
"RD_APPROVAL","header","其它要求","文本","1","0",""
"RD_APPROVAL","header","申请立项人","文本","1","0",""
"RD_APPROVAL","header","申请立项日期","日期","1","0",""
"RD_APPROVAL","header","文件管理人","文本","1","0",""
"RD_APPROVAL","header","密级","下拉框","1","0",""
"RD_APPROVAL","header","文件使用范围","下拉框","1","0",""
"RD_APPROVAL","header","文档编号","文本","1","0",""
"RD_APPROVAL","header","项目等级","下拉框","1","0",""
"RD_APPROVAL","header","备注","文本","1","0",""
"RD_ASM_BOM","detail","表区","下拉框","1","0",""
"RD_ASM_BOM","detail","序号","文本","1","0",""
"RD_ASM_BOM","detail","更改内容","文本","1","0",""
"RD_ASM_BOM","detail","更改原因","文本","1","0",""
"RD_ASM_BOM","detail","更改时间","文本","1","0",""
"RD_ASM_BOM","detail","责任人","文本","1","0",""
"RD_ASM_BOM","detail","备注","文本","1","0",""
"RD_ASM_BOM","detail","物料名","文本","1","0",""
"RD_ASM_BOM","detail","物料编号","文本","1","0",""
"RD_ASM_BOM","detail","物料规格","文本","1","0",""
"RD_ASM_BOM","detail","外观要求","文本","1","0",""
"RD_ASM_BOM","detail","用量","文本","1","0",""
"RD_ASM_BOM","header","单据编号","文本","1","0",""
"RD_ASM_BOM","header","单据日期","日期","1","0",""
"RD_ASM_BOM","header","产品编号","参照","1","0","RD_PROD_INFO"
"RD_ASM_BOM","header","产品名称","文本","1","0",""
"RD_ASM_BOM","header","产品种类","文本","1","0",""
"RD_ASM_BOM","header","整体规格外径","文本","1","0",""
"RD_ASM_BOM","header","整体规格长度","文本","1","0",""
"RD_ASM_BOM","header","成品重量","文本","1","0",""
"RD_ASM_BOM","header","备注","文本","1","0",""
"RD_ASM_BOM","query","产品编号","参照","1","0","RD_PROD_INFO"
"RD_ASM_PROC","detail","表区","文本","1","0",""
"RD_ASM_PROC","detail","序号","文本","1","0",""
"RD_ASM_PROC","detail","工序","文本","1","0",""
"RD_ASM_PROC","detail","工序控制内容","文本","1","0",""
"RD_ASM_PROC","detail","管控要求","文本","1","0",""
"RD_ASM_PROC","detail","检查比例","文本","1","0",""
"RD_ASM_PROC","detail","日期","文本","1","0",""
"RD_ASM_PROC","detail","版本号","文本","1","0",""
"RD_ASM_PROC","detail","物料名","文本","1","0",""
"RD_ASM_PROC","detail","物料编号","文本","1","0",""
"RD_ASM_PROC","detail","物料规格","文本","1","0",""
"RD_ASM_PROC","detail","外观要求","文本","1","0",""
"RD_ASM_PROC","detail","用量","文本","1","0",""
"RD_ASM_PROC","detail","更改内容","文本","1","0",""
"RD_ASM_PROC","detail","更改原因","文本","1","0",""
"RD_ASM_PROC","detail","更改时间","文本","1","0",""
"RD_ASM_PROC","detail","责任人","文本","1","0",""
"RD_ASM_PROC","detail","备注","文本","1","0",""
"RD_ASM_PROC","header","单据编号","文本","1","0",""
"RD_ASM_PROC","header","单据日期","日期","1","0",""
"RD_ASM_PROC","header","备注","文本","1","0",""
"RD_ASM_PROC","header","产品编号","参照","1","0","RD_PROD_INFO"
"RD_ASM_PROC","header","客户项目名称","参照","1","0","RD_PROD_INFO"
"RD_ASM_PROC","header","产品功能类别","参照","1","0","RD_PROD_INFO"
"RD_ASM_PROC","header","工艺形态","下拉框","1","0",""
"RD_ASM_PROC","header","产品整体尺寸","参照","1","0","RD_PROD_INFO"
"RD_ASM_PROC","header","产品名称","文本","0","0",""
"RD_ASM_PROC","header","产品种类","文本","0","0",""
"RD_ASM_PROC","header","整体规格外径","文本","0","0",""
"RD_ASM_PROC","header","整体规格长度","文本","0","0",""
"RD_ASM_PROC","header","成品重量","文本","0","0",""
"RD_ASM_PROC","header","表单管理人","文本","1","0",""
"RD_ASM_PROC","header","密级","文本","1","0",""
"RD_ASM_PROC","header","使用范围","文本","1","0",""
"RD_ASM_PROC","header","版本号","文本","1","0",""
"RD_ASM_PROC","query","变更来源单号","文本","1","1",""
"RD_CHANGE","detail","表区","文本","1","0",""
"RD_CHANGE","detail","部门","文本","1","0",""
"RD_CHANGE","detail","变更后内容","文本","1","0",""
"RD_CHANGE","detail","签字","文本","1","0",""
"RD_CHANGE","detail","日期","文本","1","0",""
"RD_CHANGE","header","单据编号","文本","1","0",""
"RD_CHANGE","header","单据日期","日期","1","0",""
"RD_CHANGE","header","申请部门","文本","1","0",""
"RD_CHANGE","header","性质","下拉框","1","0",""
"RD_CHANGE","header","产品编号","参照","1","0","RD_PROD_INFO"
"RD_CHANGE","header","产品名称","文本","1","0",""
"RD_CHANGE","header","申请人","文本","1","0",""
"RD_CHANGE","header","申请日期","日期","1","0",""
"RD_CHANGE","header","变更事由","文本","1","0",""
"RD_CHANGE","header","验证数据","文本","1","0",""
"RD_CHANGE","header","变更文件","文本","1","0",""
"RD_CHANGE","header","相关变更","文本","1","0",""
"RD_CHANGE","header","需会签","下拉框","1","0",""
"RD_CHANGE","header","会签人","文本","1","0",""
"RD_CHANGE","header","原料数量","文本","1","0",""
"RD_CHANGE","header","原料处理方式","下拉框","1","0",""
"RD_CHANGE","header","半成品数量","文本","1","0",""
"RD_CHANGE","header","半成品处理方式","下拉框","1","0",""
"RD_CHANGE","header","成品数量","文本","1","0",""
"RD_CHANGE","header","成品处理方式","下拉框","1","0",""
"RD_CHANGE","header","密级","下拉框","1","0",""
"RD_CHANGE","header","文件管理人","文本","1","0",""
"RD_CHANGE","header","文件使用范围","下拉框","1","0",""
"RD_CHANGE","header","变更来源单号","文本","1","0",""
"RD_CHANGE","header","备注","文本","1","0",""
"RD_DOM_TEST","detail","序号","文本","1","0",""
"RD_DOM_TEST","detail","日期","文本","1","0",""
"RD_DOM_TEST","detail","申请人","文本","1","0",""
"RD_DOM_TEST","detail","背景/目的","文本","1","0",""
"RD_DOM_TEST","detail","尺寸","文本","1","0",""
"RD_DOM_TEST","detail","配方","文本","1","0",""
"RD_DOM_TEST","detail","密度","文本","1","0",""
"RD_DOM_TEST","detail","产品编号","文本","1","0",""
"RD_DOM_TEST","detail","产品名称","文本","1","0",""
"RD_DOM_TEST","detail","生产批次","文本","1","0",""
"RD_DOM_TEST","detail","方法","文本","1","0",""
"RD_DOM_TEST","detail","标准","文本","1","0",""
"RD_DOM_TEST","detail","目标","文本","1","0",""
"RD_DOM_TEST","detail","组装方式","文本","1","0",""
"RD_DOM_TEST","detail","样品处理","文本","1","0",""
"RD_DOM_TEST","detail","紧急程度","文本","1","0",""
"RD_DOM_TEST","detail","期望完成日期","文本","1","0",""
"RD_DOM_TEST","detail","预计完成日期","文本","1","0",""
"RD_DOM_TEST","detail","备注","文本","1","0",""
"RD_DOM_TEST","header","单据编号","文本","1","0",""
"RD_DOM_TEST","header","单据日期","日期","1","0",""
"RD_DOM_TEST","header","文档编号","文本","1","1",""
"RD_DOM_TEST","header","申请单类型","标准库","1","0",""
"RD_DOM_TEST","header","文件管理人","文本","1","0",""
"RD_DOM_TEST","header","密级","下拉框","1","0",""
"RD_DOM_TEST","header","文件使用范围","下拉框","1","0",""
"RD_DOM_TEST","header","备注","文本","1","0",""
"RD_DOM_TEST","query","申请单类型","标准库","1","0",""
"RD_DOM_TEST","query","文件管理人","文本","1","0",""
"RD_DROP_PREC","detail","测试时间","文本","1","0",""
"RD_DROP_PREC","detail","配方","文本","1","0",""
"RD_DROP_PREC","detail","样品编号","文本","1","0",""
"RD_DROP_PREC","detail","密度","文本","1","0",""
"RD_DROP_PREC","detail","测试水温","文本","1","0",""
"RD_DROP_PREC","detail","测试流速","文本","1","0",""
"RD_DROP_PREC","detail","前压","文本","1","0",""
"RD_DROP_PREC","detail","后压","文本","1","0",""
"RD_DROP_PREC","detail","压差","文本","1","0",""
"RD_DROP_PREC","detail","颗粒物去除率","文本","1","0",""
"RD_DROP_PREC","detail","备注","文本","1","0",""
"RD_DROP_PREC","header","单据编号","文本","1","0",""
"RD_DROP_PREC","header","单据日期","日期","1","0",""
"RD_DROP_PREC","header","密级","下拉框","1","0",""
"RD_DROP_PREC","header","适用范围","下拉框","1","0",""
"RD_DROP_PREC","header","测试负责人","文本","1","0",""
"RD_DROP_PREC","header","报告编号","文本","1","0",""
"RD_DROP_PREC","header","文档编号","参照","1","0","RD_APPROVAL"
"RD_DROP_PREC","header","测试主题","文本","1","0",""
"RD_DROP_PREC","header","测试目的/背景","文本","1","0",""
"RD_DROP_PREC","header","炭棒尺寸","文本","1","0",""
"RD_DROP_PREC","header","测试要求","文本","1","0",""
"RD_DROP_PREC","header","测试装置及编号","文本","1","0",""
"RD_DROP_PREC","header","测试方法","文本","1","0",""
"RD_DROP_PREC","header","测试用仪器/检出限","文本","1","0",""
"RD_DROP_PREC","header","备注","文本","1","0",""
"RD_DROP_PREC","query","测试主题","文本","1","0",""
"RD_DROP_PREC","query","报告编号","文本","1","0",""
"RD_EQUIP_USE","detail","使用日期","文本","1","0",""
"RD_EQUIP_USE","detail","测试项目","文本","1","0",""
"RD_EQUIP_USE","detail","测试标准","文本","1","0",""
"RD_EQUIP_USE","detail","使用工位","文本","1","0",""
"RD_EQUIP_USE","detail","设备状态","文本","1","0",""
"RD_EQUIP_USE","detail","使用人","文本","1","0",""
"RD_EQUIP_USE","detail","备注","文本","1","0",""
"RD_EQUIP_USE","header","单据编号","文本","1","0",""
"RD_EQUIP_USE","header","单据日期","日期","1","0",""
"RD_EQUIP_USE","header","设备名称","标准库","1","0",""
"RD_EQUIP_USE","header","备注","文本","1","0",""
"RD_EQUIP_USE","query","设备名称","标准库","1","0",""
"RD_FILTER_EFF","detail","冲水时间","文本","1","0",""
"RD_FILTER_EFF","detail","累计进水L","文本","1","0",""
"RD_FILTER_EFF","detail","水温","文本","1","0",""
"RD_FILTER_EFF","detail","压力样品1","文本","1","0",""
"RD_FILTER_EFF","detail","压力（PSI)样品3","文本","1","0",""
"RD_FILTER_EFF","detail","压力（PSI)样品4","文本","1","0",""
"RD_FILTER_EFF","detail","压力（PSI)样品5","文本","1","0",""
"RD_FILTER_EFF","detail","压力（PSI)样品6","文本","1","0",""
"RD_FILTER_EFF","detail","压力样品2","文本","1","0",""
"RD_FILTER_EFF","detail","流速样品1","文本","1","0",""
"RD_FILTER_EFF","detail","流速（L/min)样品3","文本","1","0",""
"RD_FILTER_EFF","detail","流速（L/min)样品4","文本","1","0",""
"RD_FILTER_EFF","detail","流速（L/min)样品5","文本","1","0",""
"RD_FILTER_EFF","detail","流速（L/min)样品6","文本","1","0",""
"RD_FILTER_EFF","detail","流速样品2","文本","1","0",""
"RD_FILTER_EFF","detail","原水含量5号缸","文本","1","0",""
"RD_FILTER_EFF","detail","出水含量（ug/L）样品3","文本","1","0",""
"RD_FILTER_EFF","detail","出水含量（ug/L）样品4","文本","1","0",""
"RD_FILTER_EFF","detail","出水含量（ug/L）样品5","文本","1","0",""
"RD_FILTER_EFF","detail","出水含量（ug/L）样品6","文本","1","0",""
"RD_FILTER_EFF","detail","出水样品1","文本","1","0",""
"RD_FILTER_EFF","detail","出水样品2","文本","1","0",""
"RD_FILTER_EFF","detail","去除率%样品3","文本","1","0",""
"RD_FILTER_EFF","detail","去除率%样品4","文本","1","0",""
"RD_FILTER_EFF","detail","去除率%样品5","文本","1","0",""
"RD_FILTER_EFF","detail","去除率%样品6","文本","1","0",""
"RD_FILTER_EFF","detail","去除率样品1","文本","1","0",""
"RD_FILTER_EFF","detail","去除率样品2","文本","1","0",""
"RD_FILTER_EFF","detail","测试时间","文本","1","0",""
"RD_FILTER_EFF","header","单据编号","文本","1","0",""
"RD_FILTER_EFF","header","单据日期","日期","1","0",""
"RD_FILTER_EFF","header","密级","下拉框","1","0",""
"RD_FILTER_EFF","header","适用范围","下拉框","1","0",""
"RD_FILTER_EFF","header","测试负责人","文本","1","0",""
"RD_FILTER_EFF","header","测试编号","文本","1","0",""
"RD_FILTER_EFF","header","文档编号","参照","1","0","RD_APPROVAL"
"RD_FILTER_EFF","header","测试主题","文本","1","0",""
"RD_FILTER_EFF","header","测试目的/背景","文本","1","0",""
"RD_FILTER_EFF","header","规格","文本","1","0",""
"RD_FILTER_EFF","header","样品配方","文本","1","0",""
"RD_FILTER_EFF","header","样品数","文本","1","0",""
"RD_FILTER_EFF","header","样品信息1","文本","1","0",""
"RD_FILTER_EFF","header","样品信息2","文本","1","0",""
"RD_FILTER_EFF","header","样品信息3","文本","1","0",""
"RD_FILTER_EFF","header","样品信息4","文本","1","0",""
"RD_FILTER_EFF","header","样品信息5","文本","1","0",""
"RD_FILTER_EFF","header","样品信息6","文本","1","0",""
"RD_FILTER_EFF","header","测试要求","文本","1","0",""
"RD_FILTER_EFF","header","测试标准","文本","1","0",""
"RD_FILTER_EFF","header","测试时间","文本","1","0",""
"RD_FILTER_EFF","header","本次实验目的","文本","1","0",""
"RD_FILTER_EFF","header","测试装置及编号1","文本","1","0",""
"RD_FILTER_EFF","header","测试装置及编号2","文本","1","0",""
"RD_FILTER_EFF","header","测试装置及编号3","文本","1","0",""
"RD_FILTER_EFF","header","测试装置及编号4","文本","1","0",""
"RD_FILTER_EFF","header","测试装置及编号5","文本","1","0",""
"RD_FILTER_EFF","header","测试装置及编号6","文本","1","0",""
"RD_FILTER_EFF","header","加标方式","文本","1","0",""
"RD_FILTER_EFF","header","冲水方式","文本","1","0",""
"RD_FILTER_EFF","header","测试用仪器/检出限","文本","1","0",""
"RD_FILTER_EFF","header","原水自来水","下拉框","1","0",""
"RD_FILTER_EFF","header","原水纯水","下拉框","1","0",""
"RD_FILTER_EFF","header","原水超纯水","下拉框","1","0",""
"RD_FILTER_EFF","header","原水PH","文本","1","0",""
"RD_FILTER_EFF","header","原水TDS","文本","1","0",""
"RD_FILTER_EFF","header","缸内自来水VOC浓度","文本","1","0",""
"RD_FILTER_EFF","header","自来水加氯浓度","文本","1","0",""
"RD_FILTER_EFF","header","水温","文本","1","0",""
"RD_FILTER_EFF","header","备注","文本","1","0",""
"RD_FILTER_EFF","query","测试主题","文本","1","0",""
"RD_FILTER_EFF","query","测试编号","文本","1","0",""
"RD_INSP_PLAN","detail","序号","文本","1","0",""
"RD_INSP_PLAN","detail","检验类别","下拉框","1","0",""
"RD_INSP_PLAN","detail","控制项目","文本","1","0",""
"RD_INSP_PLAN","detail","质量控制内容","文本","1","0",""
"RD_INSP_PLAN","detail","检测仪器","文本","1","0",""
"RD_INSP_PLAN","detail","控制标准及要求","文本","1","0",""
"RD_INSP_PLAN","detail","检验","文本","1","0",""
"RD_INSP_PLAN","detail","不合格应对措施","文本","1","0",""
"RD_INSP_PLAN","detail","检测频率","下拉框","1","0",""
"RD_INSP_PLAN","detail","取样方式","文本","1","0",""
"RD_INSP_PLAN","detail","检验内容","文本","1","0",""
"RD_INSP_PLAN","detail","控制方法","文本","1","0",""
"RD_INSP_PLAN","detail","备注","文本","1","0",""
"RD_INSP_PLAN","header","单据编号","文本","1","0",""
"RD_INSP_PLAN","header","单据日期","日期","1","0",""
"RD_INSP_PLAN","header","文档编号","文本","1","1",""
"RD_INSP_PLAN","header","标题","文本","1","0",""
"RD_INSP_PLAN","header","版本号","文本","1","0",""
"RD_INSP_PLAN","header","密级","下拉框","1","0",""
"RD_INSP_PLAN","header","产品编号","参照","1","0","RD_PROD_INFO"
"RD_INSP_PLAN","header","客户名","文本","1","0",""
"RD_INSP_PLAN","header","客户项目名称","文本","1","0",""
"RD_INSP_PLAN","header","管理人","文本","1","0",""
"RD_INSP_PLAN","header","主要性能","文本","1","0",""
"RD_INSP_PLAN","header","产品功能类别","参照","1","0","RD_PROD_INFO"
"RD_INSP_PLAN","header","产品整体尺寸","文本","1","0",""
"RD_INSP_PLAN","header","滤芯尺寸","文本","1","0",""
"RD_INSP_PLAN","header","授权使用人","文本","1","0",""
"RD_INSP_PLAN","header","使用范围","文本","1","0",""
"RD_INSP_PLAN","header","编写人","文本","1","0",""
"RD_INSP_PLAN","header","审核人","参照","1","0","EMP"
"RD_INSP_PLAN","header","备注","文本","1","0",""
"RD_INSP_PLAN","query","标题","文本","1","0",""
"RD_INSP_PLAN","query","产品编号","文本","1","0",""
"RD_INSP_PLAN","query","变更来源单号","文本","1","1",""
"RD_INSTR_USE","detail","使用日期","文本","1","0",""
"RD_INSTR_USE","detail","起止时间","文本","1","0",""
"RD_INSTR_USE","detail","仪器状态","下拉框","1","0",""
"RD_INSTR_USE","detail","是否内校","下拉框","1","0",""
"RD_INSTR_USE","detail","项目名称/内容","文本","1","0",""
"RD_INSTR_USE","detail","用途","文本","1","0",""
"RD_INSTR_USE","detail","样品数量","文本","1","0",""
"RD_INSTR_USE","detail","使用人","文本","1","0",""
"RD_INSTR_USE","detail","备注","文本","1","0",""
"RD_INSTR_USE","header","单据编号","文本","1","0",""
"RD_INSTR_USE","header","单据日期","日期","1","0",""
"RD_INSTR_USE","header","仪器名称/型号","标准库","1","0",""
"RD_INSTR_USE","header","备注","文本","1","0",""
"RD_INSTR_USE","query","仪器名称/型号","标准库","1","0",""
"RD_MINERAL","detail","指标","下拉框","1","0",""
"RD_MINERAL","detail","测试日期","文本","1","0",""
"RD_MINERAL","detail","累计流量","文本","1","0",""
"RD_MINERAL","detail","RO出水","文本","1","0",""
"RD_MINERAL","detail","浸泡30min","文本","1","0",""
"RD_MINERAL","detail","浸泡30min煮沸晾凉","文本","1","0",""
"RD_MINERAL","header","单据编号","文本","1","0",""
"RD_MINERAL","header","单据日期","日期","1","0",""
"RD_MINERAL","header","密级","下拉框","1","0",""
"RD_MINERAL","header","适用范围","下拉框","1","0",""
"RD_MINERAL","header","测试负责人","文本","1","0",""
"RD_MINERAL","header","报告编号","文本","1","0",""
"RD_MINERAL","header","文档编号","参照","1","0","RD_APPROVAL"
"RD_MINERAL","header","测试主题","文本","1","0",""
"RD_MINERAL","header","测试目的/背景","文本","1","0",""
"RD_MINERAL","header","产品规格","文本","1","0",""
"RD_MINERAL","header","本次试验目的","文本","1","0",""
"RD_MINERAL","header","测试仪器","文本","1","0",""
"RD_MINERAL","header","测试装置","文本","1","0",""
"RD_MINERAL","header","测试标准","文本","1","0",""
"RD_MINERAL","header","测试方法","文本","1","0",""
"RD_MINERAL","header","备注","文本","1","0",""
"RD_MINERAL","query","测试主题","文本","1","0",""
"RD_MINERAL","query","报告编号","文本","1","0",""
"RD_MOLD_FORMULA","detail","序号","文本","1","0",""
"RD_MOLD_FORMULA","detail","物料种类","文本","1","0",""
"RD_MOLD_FORMULA","detail","物料编号","文本","1","0",""
"RD_MOLD_FORMULA","detail","物料名称","文本","1","0",""
"RD_MOLD_FORMULA","detail","实际添加比例","文本","1","0",""
"RD_MOLD_FORMULA","detail","单支物料含量","文本","1","0",""
"RD_MOLD_FORMULA","detail","设计添加量","文本","1","0",""
"RD_MOLD_FORMULA","header","单据编号","文本","1","0",""
"RD_MOLD_FORMULA","header","单据日期","日期","1","0",""
"RD_MOLD_FORMULA","header","表单管理人","文本","1","0",""
"RD_MOLD_FORMULA","header","密级","下拉框","1","0",""
"RD_MOLD_FORMULA","header","使用范围","下拉框","1","0",""
"RD_MOLD_FORMULA","header","版本号","文本","1","0",""
"RD_MOLD_FORMULA","header","产品编号","参照","1","0","RD_PROD_INFO"
"RD_MOLD_FORMULA","header","产品名称","文本","1","0",""
"RD_MOLD_FORMULA","header","炭棒规格1","文本","1","0",""
"RD_MOLD_FORMULA","header","炭棒规格2","文本","1","0",""
"RD_MOLD_FORMULA","header","炭棒规格3","文本","1","0",""
"RD_MOLD_FORMULA","header","产品管控类型","下拉框","1","0",""
"RD_MOLD_FORMULA","header","外观要求","下拉框","1","0",""
"RD_MOLD_FORMULA","header","生产车间","参照","1","0","DEPT"
"RD_MOLD_FORMULA","header","配料要求","文本","1","0",""
"RD_MOLD_FORMULA","header","备注","文本","1","0",""
"RD_MOLD_FORMULA","query","产品编号","文本","1","0",""
"RD_MOLD_PROC","detail","表区","文本","1","0",""
"RD_MOLD_PROC","detail","序号","文本","1","0",""
"RD_MOLD_PROC","detail","物料种类","文本","1","0",""
"RD_MOLD_PROC","detail","物料编号","文本","1","0",""
"RD_MOLD_PROC","detail","物料名称","文本","1","0",""
"RD_MOLD_PROC","detail","实际添加比例","文本","1","0",""
"RD_MOLD_PROC","detail","单支物料含量","文本","1","0",""
"RD_MOLD_PROC","detail","设计添加量","文本","1","0",""
"RD_MOLD_PROC","detail","更改内容","文本","1","0",""
"RD_MOLD_PROC","detail","更改原因","文本","1","0",""
"RD_MOLD_PROC","detail","更改时间","文本","1","0",""
"RD_MOLD_PROC","detail","责任人","文本","1","0",""
"RD_MOLD_PROC","detail","备注","文本","1","0",""
"RD_MOLD_PROC","header","单据编号","文本","1","0",""
"RD_MOLD_PROC","header","单据日期","日期","1","0",""
"RD_MOLD_PROC","header","表单管理人","文本","1","0",""
"RD_MOLD_PROC","header","密级","下拉框","1","0",""
"RD_MOLD_PROC","header","使用范围","下拉框","1","0",""
"RD_MOLD_PROC","header","版本号","文本","1","0",""
"RD_MOLD_PROC","header","产品编号","参照","1","0","RD_PROD_INFO"
"RD_MOLD_PROC","header","产品名称","文本","1","0",""
"RD_MOLD_PROC","header","炭棒规格1","文本","1","0",""
"RD_MOLD_PROC","header","炭棒规格2","文本","1","0",""
"RD_MOLD_PROC","header","炭棒规格3","文本","1","0",""
"RD_MOLD_PROC","header","产品管控类型","下拉框","1","0",""
"RD_MOLD_PROC","header","炭棒规格","文本","1","1",""
"RD_MOLD_PROC","header","外观要求","下拉框","1","0",""
"RD_MOLD_PROC","header","生产车间","参照","1","0","DEPT"
"RD_MOLD_PROC","header","理论最低灌料重量g","文本","1","0",""
"RD_MOLD_PROC","header","理论灌料中间值g","文本","1","0",""
"RD_MOLD_PROC","header","理论最高灌料重量g","文本","1","0",""
"RD_MOLD_PROC","header","理论水分","文本","1","0",""
"RD_MOLD_PROC","header","实际灌料重量计算公式","文本","1","0",""
"RD_MOLD_PROC","header","灌料要求","文本","1","0",""
"RD_MOLD_PROC","header","烧结炉参数","标准库","1","0",""
"RD_MOLD_PROC","header","工序","文本","1","1",""
"RD_MOLD_PROC","header","工序管控要求","文本","1","1",""
"RD_MOLD_PROC","header","灌料","文本","1","1",""
"RD_MOLD_PROC","header","烧结","文本","1","1",""
"RD_MOLD_PROC","header","烧结时间/调速器参数","文本","1","1",""
"RD_MOLD_PROC","header","热压","文本","1","1",""
"RD_MOLD_PROC","header","冷却","文本","1","1",""
"RD_MOLD_PROC","header","脱模","文本","1","1",""
"RD_MOLD_PROC","header","烧结时间调速器参数","标准库","1","0",""
"RD_MOLD_PROC","header","热压要求","标准库","1","0",""
"RD_MOLD_PROC","header","冷却参数设置","标准库","1","0",""
"RD_MOLD_PROC","header","长度要求","文本","1","0",""
"RD_MOLD_PROC","header","重量要求","文本","1","0",""
"RD_MOLD_PROC","header","最短长度mm","文本","1","0",""
"RD_MOLD_PROC","header","中间值mm","文本","1","0",""
"RD_MOLD_PROC","header","最长长度mm","文本","1","0",""
"RD_MOLD_PROC","header","最低重量g","文本","1","0",""
"RD_MOLD_PROC","header","中间值g","文本","1","0",""
"RD_MOLD_PROC","header","最高重量g","文本","1","0",""
"RD_MOLD_PROC","header","炭棒尺寸","文本","1","1",""
"RD_MOLD_PROC","header","外径mm","文本","1","0",""
"RD_MOLD_PROC","header","外径公差","文本","1","0",""
"RD_MOLD_PROC","header","内径mm","文本","1","0",""
"RD_MOLD_PROC","header","内径公差","文本","1","0",""
"RD_MOLD_PROC","header","内孔要求","文本","1","0",""
"RD_MOLD_PROC","header","密度管控要求","文本","1","0",""
"RD_MOLD_PROC","header","密度管控","文本","1","1",""
"RD_MOLD_PROC","header","管控要求","文本","1","1",""
"RD_MOLD_PROC","header","实际密度管控下限","文本","1","0",""
"RD_MOLD_PROC","header","实际密度管控上限","文本","1","0",""
"RD_MOLD_PROC","header","跌落高度cm","文本","1","0",""
"RD_MOLD_PROC","header","跌落次数","文本","1","0",""
"RD_MOLD_PROC","header","跌落强度","文本","1","1",""
"RD_MOLD_PROC","header","高度cm","文本","1","1",""
"RD_MOLD_PROC","header","跌落要求","文本","1","0",""
"RD_MOLD_PROC","header","要求","文本","1","1",""
"RD_MOLD_PROC","header","测试间距mm","文本","1","0",""
"RD_MOLD_PROC","header","抗压强度","文本","1","1",""
"RD_MOLD_PROC","header","压头下降速度","文本","1","0",""
"RD_MOLD_PROC","header","压头下降速度mm/min","文本","1","1",""
"RD_MOLD_PROC","header","强度要求kgf","文本","1","0",""
"RD_MOLD_PROC","header","压降测试管路","文本","1","0",""
"RD_MOLD_PROC","header","压降","文本","1","1",""
"RD_MOLD_PROC","header","测试管路","文本","1","1",""
"RD_MOLD_PROC","header","压降测试流速","文本","1","0",""
"RD_MOLD_PROC","header","测试流速L/min","文本","1","1",""
"RD_MOLD_PROC","header","压降标准kpa","文本","1","0",""
"RD_MOLD_PROC","header","压降是否测试","下拉框","1","0",""
"RD_MOLD_PROC","header","备注","文本","1","0",""
"RD_MOLD_PROC","header","配料要求","标准库","1","0",""
"RD_MOLD_PROC","query","产品编号","文本","1","0",""
"RD_MOLD_PROC","query","产品名称","文本","1","0",""
"RD_MOLD_PROC","query","变更来源单号","文本","1","1",""
"RD_PLAN","header","单据编号","文本","1","0",""
"RD_PLAN","header","单据日期","日期","1","0",""
"RD_PLAN","header","项目名称","文本","1","0",""
"RD_PLAN","header","项目定级","下拉框","1","0",""
"RD_PLAN","header","测试内容","文本","1","0",""
"RD_PLAN","header","测试产品打样要求","文本","1","0",""
"RD_PLAN","header","测试目标","文本","1","0",""
"RD_PLAN","header","测试条件","文本","1","0",""
"RD_PLAN","header","测试方法","文本","1","0",""
"RD_PLAN","header","测试标准","文本","1","0",""
"RD_PLAN","header","测试计划","文本","1","1",""
"RD_PLAN","header","阶段1","文本","1","1",""
"RD_PLAN","header","阶段2","文本","1","1",""
"RD_PLAN","header","阶段3","文本","1","1",""
"RD_PLAN","header","阶段4","文本","1","1",""
"RD_PLAN","header","阶段5","文本","1","1",""
"RD_PLAN","header","阶段6","文本","1","1",""
"RD_PLAN","header","阶段7","文本","1","1",""
"RD_PLAN","header","阶段8","文本","1","1",""
"RD_PLAN","header","阶段9","文本","1","1",""
"RD_PLAN","header","阶段10","文本","1","1",""
"RD_PLAN","header","负责人","文本","1","0",""
"RD_PLAN","header","编制日期","日期","1","0",""
"RD_PLAN","header","文件管理人","文本","1","0",""
"RD_PLAN","header","密级","下拉框","1","0",""
"RD_PLAN","header","文件使用范围","下拉框","1","0",""
"RD_PLAN","header","文档编号","参照","1","0","RD_APPROVAL"
"RD_PLAN","header","阶段1_计划内容","文本","0","1",""
"RD_PLAN","header","阶段1_计划开始","文本","0","1",""
"RD_PLAN","header","阶段1_计划完成","文本","0","1",""
"RD_PLAN","header","阶段1_实际完成","文本","0","1",""
"RD_PLAN","header","阶段1_责任人","文本","0","1",""
"RD_PLAN","header","阶段2_计划内容","文本","0","1",""
"RD_PLAN","header","阶段2_计划开始","文本","0","1",""
"RD_PLAN","header","阶段2_计划完成","文本","0","1",""
"RD_PLAN","header","阶段2_实际完成","文本","0","1",""
"RD_PLAN","header","阶段2_责任人","文本","0","1",""
"RD_PLAN","header","阶段3_计划内容","文本","0","1",""
"RD_PLAN","header","阶段3_计划开始","文本","0","1",""
"RD_PLAN","header","阶段3_计划完成","文本","0","1",""
"RD_PLAN","header","阶段3_实际完成","文本","0","1",""
"RD_PLAN","header","阶段3_责任人","文本","0","1",""
"RD_PLAN","header","阶段4_计划内容","文本","0","1",""
"RD_PLAN","header","阶段4_计划开始","文本","0","1",""
"RD_PLAN","header","阶段4_计划完成","文本","0","1",""
"RD_PLAN","header","阶段4_实际完成","文本","0","1",""
"RD_PLAN","header","阶段4_责任人","文本","0","1",""
"RD_PLAN","header","阶段5_计划内容","文本","0","1",""
"RD_PLAN","header","阶段5_计划开始","文本","0","1",""
"RD_PLAN","header","阶段5_计划完成","文本","0","1",""
"RD_PLAN","header","阶段5_实际完成","文本","0","1",""
"RD_PLAN","header","阶段5_责任人","文本","0","1",""
"RD_PLAN","header","阶段6_计划内容","文本","0","1",""
"RD_PLAN","header","阶段6_计划开始","文本","0","1",""
"RD_PLAN","header","阶段6_计划完成","文本","0","1",""
"RD_PLAN","header","阶段6_实际完成","文本","0","1",""
"RD_PLAN","header","阶段6_责任人","文本","0","1",""
"RD_PLAN","header","阶段7_计划内容","文本","0","1",""
"RD_PLAN","header","阶段7_计划开始","文本","0","1",""
"RD_PLAN","header","阶段7_计划完成","文本","0","1",""
"RD_PLAN","header","阶段7_实际完成","文本","0","1",""
"RD_PLAN","header","阶段7_责任人","文本","0","1",""
"RD_PLAN","header","阶段8_计划内容","文本","0","1",""
"RD_PLAN","header","阶段8_计划开始","文本","0","1",""
"RD_PLAN","header","阶段8_计划完成","文本","0","1",""
"RD_PLAN","header","阶段8_实际完成","文本","0","1",""
"RD_PLAN","header","阶段8_责任人","文本","0","1",""
"RD_PLAN","header","阶段9_计划内容","文本","0","1",""
"RD_PLAN","header","阶段9_计划开始","文本","0","1",""
"RD_PLAN","header","阶段9_计划完成","文本","0","1",""
"RD_PLAN","header","阶段9_实际完成","文本","0","1",""
"RD_PLAN","header","阶段9_责任人","文本","0","1",""
"RD_PLAN","header","阶段10_计划内容","文本","0","1",""
"RD_PLAN","header","阶段10_计划开始","文本","0","1",""
"RD_PLAN","header","阶段10_计划完成","文本","0","1",""
"RD_PLAN","header","阶段10_实际完成","文本","0","1",""
"RD_PLAN","header","阶段10_责任人","文本","0","1",""
"RD_PROD_DOCLIST","detail","序号","文本","0","1",""
"RD_PROD_DOCLIST","detail","产品编号","参照","1","0","RD_PROD_INFO"
"RD_PROD_DOCLIST","header","单据编号","文本","1","0",""
"RD_PROD_DOCLIST","header","单据日期","日期","1","0",""
"RD_PROD_DOCLIST","header","密级","下拉框","1","0",""
"RD_PROD_DOCLIST","header","文件使用范围","下拉框","1","0",""
"RD_PROD_DOCLIST","header","文件管理人","文本","1","0",""
"RD_PROD_DOCLIST","header","文档编号","文本","1","1",""
"RD_PROD_DOCLIST","header","备注","文本","1","0",""
"RD_PROD_DOCLIST","query","产品编号","文本","1","0",""
"RD_PROD_INFO","header","单据编号","文本","1","0",""
"RD_PROD_INFO","header","单据日期","日期","1","0",""
"RD_PROD_INFO","header","产品编号","文本","1","0",""
"RD_PROD_INFO","header","产品名称","文本","1","0",""
"RD_PROD_INFO","header","客户项目名称","文本","1","0",""
"RD_PROD_INFO","header","产品管控等级","下拉框","1","0",""
"RD_PROD_INFO","header","产品功能类别","下拉框","1","0",""
"RD_PROD_INFO","header","编辑人","文本","1","0",""
"RD_PROD_INFO","header","产品类别","下拉框","1","0",""
"RD_PROD_INFO","header","产品类型","下拉框","1","1",""
"RD_PROD_INFO","header","产品整体尺寸","文本","1","0",""
"RD_PROD_INFO","header","客户料号","文本","1","0",""
"RD_PROD_INFO","header","炭棒尺寸","文本","1","1",""
"RD_PROD_INFO","header","炭棒内径","文本","1","0",""
"RD_PROD_INFO","header","炭棒外径","文本","1","0",""
"RD_PROD_INFO","header","炭棒长度","文本","1","0",""
"RD_PROD_INFO","header","特殊性能描述","文本","1","0",""
"RD_PROD_INFO","header","下单数量","文本","1","0",""
"RD_PROD_INFO","header","产品分类","下拉框","1","1",""
"RD_PROD_INFO","header","产品形态","下拉框","1","0",""
"RD_PROD_INFO","header","客户图纸或规格书","文本","1","0",""
"RD_PROD_INFO","header","责任人","文本","1","0",""
"RD_PROD_INFO","header","审核人一级","文本","1","0",""
"RD_PROD_INFO","header","审核人二级","文本","1","0",""
"RD_PROD_INFO","header","审核人","参照","1","0","EMP"
"RD_PROD_INFO","header","备注","文本","1","0",""
"RD_PROD_INFO","query","产品编号","文本","1","0",""
"RD_PROD_INFO","query","产品名称","文本","1","0",""
"RD_PROGRESS","detail","项目名称","文本","1","0",""
"RD_PROGRESS","detail","项目层级","下拉框","1","0",""
"RD_PROGRESS","detail","子项目/尺寸","文本","1","0",""
"RD_PROGRESS","detail","说明","文本","1","1",""
"RD_PROGRESS","detail","内容","文本","1","0",""
"RD_PROGRESS","detail","项目级","文本","1","1",""
"RD_PROGRESS","detail","项目负责","文本","1","1",""
"RD_PROGRESS","detail","实施进度","文本","1","1",""
"RD_PROGRESS","detail","里程完成","下拉框","1","1",""
"RD_PROGRESS","detail","状态","下拉框","1","0",""
"RD_PROGRESS","detail","测试员","文本","1","1",""
"RD_PROGRESS","detail","谁来批准","文本","0","1",""
"RD_PROGRESS","detail","谁来检验","文本","0","1",""
"RD_PROGRESS","detail","未批准原因","文本","0","1",""
"RD_PROGRESS","detail","项目编号","文本","1","0",""
"RD_PROGRESS","detail","开发复杂度","文本","1","1",""
"RD_PROGRESS","detail","重要程度","文本","1","1",""
"RD_PROGRESS","detail","紧急程度","文本","1","1",""
"RD_PROGRESS","detail","项目定及变更","文本","1","1",""
"RD_PROGRESS","detail","技术目标达成","下拉框","1","0",""
"RD_PROGRESS","detail","是否市场转化","下拉框","1","0",""
"RD_PROGRESS","detail","未转换原因","文本","1","0",""
"RD_PROGRESS","header","单据编号","文本","1","0",""
"RD_PROGRESS","header","单据日期","日期","1","0",""
"RD_PROGRESS","header","项目名称","参照","1","0","RD_PLAN"
"RD_PROGRESS","header","项目层级","下拉框","1","0",""
"RD_PROGRESS","header","项目定级","文本","1","0",""
"RD_PROGRESS","header","测试内容","文本","1","0",""
"RD_PROGRESS","header","测试产品打样要求","文本","1","0",""
"RD_PROGRESS","header","测试目标","文本","1","0",""
"RD_PROGRESS","header","测试条件","文本","1","0",""
"RD_PROGRESS","header","测试方法","文本","1","0",""
"RD_PROGRESS","header","测试标准","文本","1","0",""
"RD_PROGRESS","header","密级","下拉框","1","0",""
"RD_PROGRESS","header","文件使用范围","下拉框","1","0",""
"RD_PROGRESS","header","文档编号","文本","1","0",""
"RD_PROGRESS","header","备注","文本","1","0",""
"RD_PROGRESS","query","项目名称","参照","1","0","RD_PLAN"
"RD_RO_PROTECT","detail","样品","文本","1","0",""
"RD_RO_PROTECT","detail","测试日期","文本","1","0",""
"RD_RO_PROTECT","detail","累计流量","文本","1","0",""
"RD_RO_PROTECT","detail","膜前压","文本","1","0",""
"RD_RO_PROTECT","detail","纯水流速","文本","1","0",""
"RD_RO_PROTECT","detail","废水流速","文本","1","0",""
"RD_RO_PROTECT","detail","衰减率","文本","1","0",""
"RD_RO_PROTECT","detail","原水tds","文本","1","0",""
"RD_RO_PROTECT","detail","纯水tds","文本","1","0",""
"RD_RO_PROTECT","detail","脱盐率","文本","1","0",""
"RD_RO_PROTECT","header","单据编号","文本","1","0",""
"RD_RO_PROTECT","header","单据日期","日期","1","0",""
"RD_RO_PROTECT","header","密级","下拉框","1","0",""
"RD_RO_PROTECT","header","适用范围","下拉框","1","0",""
"RD_RO_PROTECT","header","测试负责人","文本","1","0",""
"RD_RO_PROTECT","header","报告编号","文本","1","0",""
"RD_RO_PROTECT","header","文档编号","参照","1","0","RD_APPROVAL"
"RD_RO_PROTECT","header","测试主题","文本","1","0",""
"RD_RO_PROTECT","header","测试背景/目的","文本","1","0",""
"RD_RO_PROTECT","header","项目名称","文本","1","0",""
"RD_RO_PROTECT","header","本次实验目的","文本","1","0",""
"RD_RO_PROTECT","header","试验用水","文本","1","0",""
"RD_RO_PROTECT","header","测试装置/设备","文本","1","0",""
"RD_RO_PROTECT","header","测试方法","文本","1","0",""
"RD_RO_PROTECT","header","冲水方式","文本","1","0",""
"RD_RO_PROTECT","header","产品名/规格","文本","1","0",""
"RD_RO_PROTECT","header","配方/工艺","文本","1","0",""
"RD_RO_PROTECT","header","测试结论","文本","1","0",""
"RD_RO_PROTECT","header","备注","文本","1","0",""
"RD_RO_PROTECT","query","测试主题","文本","1","0",""
"RD_RO_PROTECT","query","报告编号","文本","1","0",""
"RD_SAMPLE_NO","detail","客户项目代号","标准库","1","1",""
"RD_SAMPLE_NO","detail","样品编号","文本","1","0",""
"RD_SAMPLE_NO","detail","项目名称","参照","1","0","RD_PROGRESS"
"RD_SAMPLE_NO","detail","子项目","文本","1","0",""
"RD_SAMPLE_NO","detail","项目负责人","文本","1","0",""
"RD_SAMPLE_NO","detail","项目编号","文本","1","0",""
"RD_SAMPLE_NO","detail","炭棒尺寸","文本","1","0",""
"RD_SAMPLE_NO","detail","备注","文本","1","0",""
"RD_SAMPLE_NO","header","单据编号","文本","1","0",""
"RD_SAMPLE_NO","header","单据日期","日期","1","0",""
"RD_SAMPLE_NO","header","密级","下拉框","1","0",""
"RD_SAMPLE_NO","header","文件使用范围","下拉框","1","0",""
"RD_SAMPLE_NO","header","文件管理人","文本","1","0",""
"RD_SAMPLE_NO","header","文档编号","文本","1","1",""
"RD_SAMPLE_NO","header","备注","文本","1","0",""
"RD_SAMPLE_NO","query","样品编号","文本","1","0",""
"RD_SAMPLE_NO","query","项目名称","文本","1","0",""
"RD_SCALE","detail","测试日期","文本","1","0",""
"RD_SCALE","detail","累计流量","文本","1","0",""
"RD_SCALE","detail","水温","文本","1","0",""
"RD_SCALE","detail","加标水硬度H0","文本","1","0",""
"RD_SCALE","detail","加标水烧开后硬度H1","文本","1","0",""
"RD_SCALE","detail","出水硬度1","文本","1","0",""
"RD_SCALE","detail","出水硬度2","文本","1","0",""
"RD_SCALE","detail","出水硬度3","文本","1","0",""
"RD_SCALE","detail","阻垢率1","文本","1","0",""
"RD_SCALE","detail","阻垢率2","文本","1","0",""
"RD_SCALE","detail","阻垢率3","文本","1","0",""
"RD_SCALE","header","单据编号","文本","1","0",""
"RD_SCALE","header","单据日期","日期","1","0",""
"RD_SCALE","header","密级","下拉框","1","0",""
"RD_SCALE","header","适用范围","下拉框","1","0",""
"RD_SCALE","header","测试负责人","文本","1","0",""
"RD_SCALE","header","报告编号","文本","1","0",""
"RD_SCALE","header","文档编号","参照","1","0","RD_APPROVAL"
"RD_SCALE","header","测试主题","文本","1","0",""
"RD_SCALE","header","测试目的/背景","文本","1","0",""
"RD_SCALE","header","炭棒尺寸","文本","1","0",""
"RD_SCALE","header","特殊配方1","文本","1","0",""
"RD_SCALE","header","特殊配方2","文本","1","0",""
"RD_SCALE","header","特殊配方3","文本","1","0",""
"RD_SCALE","header","本次实验目的","文本","1","0",""
"RD_SCALE","header","加标水配置","文本","1","0",""
"RD_SCALE","header","测试方法","文本","1","0",""
"RD_SCALE","header","备注","文本","1","0",""
"RD_SCALE","query","测试主题","文本","1","0",""
"RD_SCALE","query","报告编号","文本","1","0",""
"RD_SHARE_FILE","header","文件","附件","1","0",""
"RD_SINTER_TOL","detail","炭棒外径公差","文本","1","0",""
"RD_SINTER_TOL","detail","炭棒内径公差","文本","1","0",""
"RD_SINTER_TOL","detail","停用","是否","1","0",""
"RD_SINTER_TOL","query,detail","车间","文本","1","0",""
"RD_SINTER_TOL","query,detail","型号","文本","1","0",""
"RD_SINTER_TOL","query,detail","模具尺寸","文本","1","0",""
"RD_SINTER_TOL","query,detail","中心杆尺寸","文本","1","0",""
"RD_SINTER_TOL","query,detail","炭棒外径","文本","1","0",""
"RD_SINTER_TOL","query,detail","炭棒内径","文本","1","0",""
"RD_SINTER_TOL","query,detail","长度范围","文本","1","0",""
"RD_SOAK","detail","序号","文本","1","0",""
"RD_SOAK","detail","项目","文本","1","0",""
"RD_SOAK","detail","卫生要求","文本","1","0",""
"RD_SOAK","detail","增加改变值1","文本","1","0",""
"RD_SOAK","detail","增加改变值2","文本","1","0",""
"RD_SOAK","detail","增加改变值3","文本","1","0",""
"RD_SOAK","header","单据编号","文本","1","0",""
"RD_SOAK","header","单据日期","日期","1","0",""
"RD_SOAK","header","密级","下拉框","1","0",""
"RD_SOAK","header","适用范围","下拉框","1","0",""
"RD_SOAK","header","测试负责人","文本","1","0",""
"RD_SOAK","header","报告编号","文本","1","0",""
"RD_SOAK","header","文档编号","参照","1","0","RD_APPROVAL"
"RD_SOAK","header","测试主题","文本","1","0",""
"RD_SOAK","header","测试目的/背景","文本","1","0",""
"RD_SOAK","header","测试标准","文本","1","0",""
"RD_SOAK","header","测试时间","文本","1","0",""
"RD_SOAK","header","本次实验目的","文本","1","0",""
"RD_SOAK","header","浸泡水配置","文本","1","0",""
"RD_SOAK","header","测试方法","文本","1","0",""
"RD_SOAK","header","炭棒尺寸1","文本","1","0",""
"RD_SOAK","header","炭棒尺寸2","文本","1","0",""
"RD_SOAK","header","炭棒尺寸3","文本","1","0",""
"RD_SOAK","header","浸泡液用量1","文本","1","0",""
"RD_SOAK","header","浸泡液用量2","文本","1","0",""
"RD_SOAK","header","浸泡液用量3","文本","1","0",""
"RD_SOAK","header","仪器名称1","文本","1","0",""
"RD_SOAK","header","品牌型号1","文本","1","0",""
"RD_SOAK","header","检出限1","文本","1","0",""
"RD_SOAK","header","仪器名称2","文本","1","0",""
"RD_SOAK","header","品牌型号2","文本","1","0",""
"RD_SOAK","header","检出限2","文本","1","0",""
"RD_SOAK","header","仪器名称3","文本","1","0",""
"RD_SOAK","header","品牌型号3","文本","1","0",""
"RD_SOAK","header","检出限3","文本","1","0",""
"RD_SOAK","header","仪器名称4","文本","1","0",""
"RD_SOAK","header","品牌型号4","文本","1","0",""
"RD_SOAK","header","检出限4","文本","1","0",""
"RD_SOAK","header","实验结论","文本","1","0",""
"RD_SOAK","header","备注","文本","1","0",""
"RD_SOAK","query","测试主题","文本","1","0",""
"RD_SOAK","query","报告编号","文本","1","0",""
"RD_SPEC_DOC","detail","表区","下拉框","1","0",""
"RD_SPEC_DOC","detail","序号","文本","1","0",""
"RD_SPEC_DOC","detail","更改内容","文本","1","0",""
"RD_SPEC_DOC","detail","更改原因","文本","1","0",""
"RD_SPEC_DOC","detail","更改时间","文本","1","0",""
"RD_SPEC_DOC","detail","责任人","文本","1","0",""
"RD_SPEC_DOC","detail","备注","文本","1","0",""
"RD_SPEC_DOC","detail","检验项目","文本","1","0",""
"RD_SPEC_DOC","detail","检验要求","文本","1","0",""
"RD_SPEC_DOC","detail","检验方法","文本","1","0",""
"RD_SPEC_DOC","detail","检验依据","文本","1","0",""
"RD_SPEC_DOC","detail","物料编码","文本","1","0",""
"RD_SPEC_DOC","detail","物料名称","文本","1","0",""
"RD_SPEC_DOC","detail","规格参数","文本","1","0",""
"RD_SPEC_DOC","detail","数量","文本","1","0",""
"RD_SPEC_DOC","header","单据编号","文本","1","0",""
"RD_SPEC_DOC","header","单据日期","日期","1","0",""
"RD_SPEC_DOC","header","规格书种类","下拉框","1","0",""
"RD_SPEC_DOC","header","名称","文本","1","0",""
"RD_SPEC_DOC","header","产品类别","参照","1","0","RD_PROD_INFO"
"RD_SPEC_DOC","header","客户项目名称","参照","1","0","RD_PROD_INFO"
"RD_SPEC_DOC","header","应用场景","文本","1","0",""
"RD_SPEC_DOC","header","编号","参照","1","0","RD_PROD_INFO"
"RD_SPEC_DOC","header","客户名","文本","1","0",""
"RD_SPEC_DOC","header","客户料号","文本","1","0",""
"RD_SPEC_DOC","header","版本","文本","1","0",""
"RD_SPEC_DOC","header","日期","文本","1","0",""
"RD_SPEC_DOC","header","制订日期","文本","1","0",""
"RD_SPEC_DOC","header","审核日期","文本","1","0",""
"RD_SPEC_DOC","header","批准日期","文本","1","0",""
"RD_SPEC_DOC","header","适用范围","文本","1","0",""
"RD_SPEC_DOC","header","整体规格参数","文本","1","0",""
"RD_SPEC_DOC","header","产品主要性能","文本","1","0",""
"RD_SPEC_DOC","header","炭棒处理要求","文本","1","0",""
"RD_SPEC_DOC","header","包装方式","文本","1","0",""
"RD_SPEC_DOC","header","出货检验报告","文本","1","0",""
"RD_SPEC_DOC","header","运输要求","文本","1","0",""
"RD_SPEC_DOC","header","存储环境","文本","1","0",""
"RD_SPEC_DOC","header","备注","文本","1","0",""
"RD_SPEC_DOC","query","规格书种类","下拉框","1","0",""
"RD_SPEC_DOC","query","名称","文本","1","0",""
"RD_SPEC_DOC","query","编号","参照","1","0","RD_PROD_INFO"
"RD_SPEC_DOC","query","变更来源单号","文本","1","1",""
"RD_SPIKE_WATER","detail","测试日期","文本","1","0",""
"RD_SPIKE_WATER","detail","项目名称","文本","1","0",""
"RD_SPIKE_WATER","detail","测试装置","文本","1","0",""
"RD_SPIKE_WATER","detail","测试工位","文本","1","0",""
"RD_SPIKE_WATER","detail","配水量","文本","1","0",""
"RD_SPIKE_WATER","detail","配置用水","文本","1","0",""
"RD_SPIKE_WATER","detail","硫酸镁","文本","1","0",""
"RD_SPIKE_WATER","detail","二水氯化钙","文本","1","0",""
"RD_SPIKE_WATER","detail","碳酸氢钠","文本","1","0",""
"RD_SPIKE_WATER","detail","4%次氯酸钠","文本","1","0",""
"RD_SPIKE_WATER","detail","盐酸或氢氧化钠","文本","1","0",""
"RD_SPIKE_WATER","detail","可溶性铅","文本","1","0",""
"RD_SPIKE_WATER","detail","不可溶性铅","文本","1","0",""
"RD_SPIKE_WATER","detail","汞标准溶液","文本","1","0",""
"RD_SPIKE_WATER","detail","氯化钠","文本","1","0",""
"RD_SPIKE_WATER","detail","三氯甲烷储备液","文本","1","0",""
"RD_SPIKE_WATER","detail","PH","文本","1","0",""
"RD_SPIKE_WATER","detail","TDS","文本","1","0",""
"RD_SPIKE_WATER","detail","水温","文本","1","0",""
"RD_SPIKE_WATER","detail","浊度值","文本","1","0",""
"RD_SPIKE_WATER","detail","负责人","文本","1","0",""
"RD_SPIKE_WATER","header","单据编号","文本","1","0",""
"RD_SPIKE_WATER","header","单据日期","日期","1","0",""
"RD_SPIKE_WATER","header","测试项目","标准库","1","0",""
"RD_SPIKE_WATER","header","备注","文本","1","0",""
"RD_SPIKE_WATER","query","测试项目","标准库","1","0",""
"REGION","detail","地区编码","文本","1","0",""
"REGION","detail","地区名称","文本","1","0",""
"REGION","detail","上级地区","参照","1","0","REGION"
"REGION","detail","停用","是否","1","0",""
"REGION","detail","备注","文本","1","0",""
"REJECT","detail","不合格原因编码","文本","1","0",""
"REJECT","detail","不合格原因","文本","1","0",""
"REJECT","detail","停用","是否","1","0",""
"REJECT","detail","原因分类","下拉框","1","0",""
"REJECT","detail","适用工序","参照","1","0","OP"
"REJECT","detail","备注","文本","1","0",""
"RKD","detail","lot_no","文本","1","0",""
"RKD","detail","sl","小数","1","0",""
"RKD","detail","ddw","文本","1","0",""
"RKD","detail","ddwsl","小数","1","0",""
"RKD","detail","in_danj","小数","1","0",""
"RKD","detail","i_zk","小数","1","0",""
"RKD","detail","total_m","小数","1","0",""
"RKD","header","ywman","文本","1","0",""
"RKD","header","bz1","文本","1","0",""
"RKD","header,detail","od_no","文本","1","0",""
"RKD","header,detail","bz","文本","1","0",""
"RKD","query,detail","wzdm","文本","1","0",""
"RKD","query,header","inh_no","文本","1","0",""
"RKD","query,header","in_date","日期","1","0",""
"RKD","query,header","gfdm","参照","1","0","GFDA"
"RKD","query,header","ckdm","参照","1","0","CKDA"
"ROD_RETURN","header","规格","文本","1","0",""
"ROD_RETURN","header","生产数量","小数","1","0",""
"ROD_RETURN","header","不良现象","文本","1","0",""
"ROD_RETURN","header","备注","文本","1","0",""
"ROD_RETURN","header","审核人","参照","1","0","EMP"
"ROD_RETURN","query,header","单据编号","文本","1","0",""
"ROD_RETURN","query,header","单据日期","日期","1","0",""
"ROD_RETURN","query,header","产品编号","文本","1","0",""
"ROD_RETURN","query,header","不良数量","小数","1","0",""
"ROD_RETURN","query,header","责任部门","文本","1","0",""
"ROD_RETURN","query,header","单据状态","文本","1","0",""
"ROUTE","detail","工艺路线编码","文本","1","0",""
"ROUTE","detail","工艺路线名称","文本","1","0",""
"ROUTE","detail","停用","是否","1","0",""
"ROUTE","detail","加工顺序","整数","1","0",""
"ROUTE","detail","工序编码","参照","1","0","OP"
"ROUTE","detail","工序名称","文本","1","0",""
"ROUTE","detail","加工方式","下拉框","1","0",""
"ROUTE","detail","生产车间","下拉框","1","0",""
"ROUTE","detail","工资类型","下拉框","1","0",""
"ROUTE","detail","计件依据","下拉框","1","0",""
"ROUTE","detail","委外供应商","参照","1","0","PARTNER"
"ROUTE","detail","按辅单位计价","是否","1","0",""
"ROUTE","detail","辅单位","下拉框","1","0",""
"ROUTE","detail","换算率","小数","1","0",""
"ROUTE","detail","默认报工数量","小数","1","0",""
"ROUTE","detail","关键工序","是否","1","0",""
"ROUTE","detail","标准合格率%","小数","1","0",""
"SALE_OUT","detail","存货名称","参照","1","0","INV"
"SALE_OUT","detail","存货编码","参照","1","0","INV"
"SALE_OUT","detail","规格型号","文本","1","0",""
"SALE_OUT","detail","计量单位","下拉框","1","0",""
"SALE_OUT","detail","数量","小数","1","0",""
"SALE_OUT","detail","智能选单","文本","0","1",""
"SALE_OUT","detail","成本价","小数","0","1",""
"SALE_OUT","detail","税率%","小数","1","0",""
"SALE_OUT","detail","售价","小数","0","1",""
"SALE_OUT","detail","含税售价","小数","0","1",""
"SALE_OUT","detail","销售金额","小数","0","1",""
"SALE_OUT","detail","税额","小数","0","1",""
"SALE_OUT","detail","含税销售金额","小数","0","1",""
"SALE_OUT","detail","折扣金额","小数","0","1",""
"SALE_OUT","detail","现存量","小数","1","0",""
"SALE_OUT","detail","现存量说明","文本","0","1",""
"SALE_OUT","detail","需求令号","文本","0","1",""
"SALE_OUT","detail","商品id","文本","0","1",""
"SALE_OUT","detail","商品是否多单位","文本","0","1",""
"SALE_OUT","detail","商品是否序列号","文本","0","1",""
"SALE_OUT","detail","商品是否辅助属性","文本","0","1",""
"SALE_OUT","detail","商品是否保质期","文本","0","1",""
"SALE_OUT","detail","商品是否批次","文本","0","1",""
"SALE_OUT","detail","商品助记码","文本","0","1",""
"SALE_OUT","detail","仓库id","文本","0","1",""
"SALE_OUT","detail","仓库编码","文本","0","1",""
"SALE_OUT","detail","仓库启用仓位管理","文本","0","1",""
"SALE_OUT","detail","仓位id","文本","0","1",""
"SALE_OUT","detail","仓库名称_sp_name","文本","0","1",""
"SALE_OUT","detail","仓位编码","文本","0","1",""
"SALE_OUT","detail","辅助属性id","文本","0","1",""
"SALE_OUT","detail","辅助属性名称","文本","0","1",""
"SALE_OUT","detail","辅助属性编码","文本","0","1",""
"SALE_OUT","detail","辅助属性1id","文本","0","1",""
"SALE_OUT","detail","辅助属性1名称","文本","0","1",""
"SALE_OUT","detail","辅助属性1编码","文本","0","1",""
"SALE_OUT","detail","辅助属性2id","文本","0","1",""
"SALE_OUT","detail","辅助属性2名称","文本","0","1",""
"SALE_OUT","detail","辅助属性2编码","文本","0","1",""
"SALE_OUT","detail","辅助属性3id","文本","0","1",""
"SALE_OUT","detail","辅助属性3名称","文本","0","1",""
"SALE_OUT","detail","辅助属性3编码","文本","0","1",""
"SALE_OUT","detail","辅助属性4id","文本","0","1",""
"SALE_OUT","detail","辅助属性4名称","文本","0","1",""
"SALE_OUT","detail","辅助属性4编码","文本","0","1",""
"SALE_OUT","detail","辅助属性5id","文本","0","1",""
"SALE_OUT","detail","辅助属性5名称","文本","0","1",""
"SALE_OUT","detail","辅助属性5编码","文本","0","1",""
"SALE_OUT","detail","条形码","文本","0","1",""
"SALE_OUT","detail","实际含税单价","文本","0","1",""
"SALE_OUT","detail","基本单位id","文本","0","1",""
"SALE_OUT","detail","基本单位名称","文本","1","0",""
"SALE_OUT","detail","基本单位编码","文本","0","1",""
"SALE_OUT","detail","单位id","文本","0","1",""
"SALE_OUT","detail","单位编码","文本","0","1",""
"SALE_OUT","detail","换算系数","文本","0","1",""
"SALE_OUT","detail","换算率","文本","0","1",""
"SALE_OUT","detail","库存基本数量","文本","0","1",""
"SALE_OUT","detail","退货数量","文本","1","0",""
"SALE_OUT","detail","税额_tax_amount","文本","0","1",""
"SALE_OUT","detail","整单折扣分摊","文本","0","1",""
"SALE_OUT","detail","折扣额","文本","0","1",""
"SALE_OUT","detail","费用","文本","0","1",""
"SALE_OUT","detail","分摊差额","文本","0","1",""
"SALE_OUT","detail","折扣率%","文本","0","1",""
"SALE_OUT","detail","折前金额","文本","0","1",""
"SALE_OUT","detail","实际不含税金额","文本","0","1",""
"SALE_OUT","detail","单位成本","文本","0","1",""
"SALE_OUT","detail","成本","文本","0","1",""
"SALE_OUT","detail","本次结算金额","文本","0","1",""
"SALE_OUT","detail","折扣金额_dis_amount","文本","0","1",""
"SALE_OUT","detail","折后单价","文本","0","1",""
"SALE_OUT","detail","产地","文本","0","1",""
"SALE_OUT","detail","注册证号","文本","0","1",""
"SALE_OUT","detail","生产许可证","文本","0","1",""
"SALE_OUT","detail","保质期到期日","日期","0","1",""
"SALE_OUT","detail","有效期至","文本","0","1",""
"SALE_OUT","detail","保质期类型","文本","0","1",""
"SALE_OUT","detail","保质期","文本","0","1",""
"SALE_OUT","detail","序列号流转ID","文本","0","1",""
"SALE_OUT","detail","辅助单位id","文本","0","1",""
"SALE_OUT","detail","辅助单位编码","文本","0","1",""
"SALE_OUT","detail","辅助换算系数","文本","0","1",""
"SALE_OUT","detail","行号","文本","0","1",""
"SALE_OUT","detail","分录状态","文本","0","1",""
"SALE_OUT","detail","分录结算状态","文本","0","1",""
"SALE_OUT","detail","是否赠品","文本","0","1",""
"SALE_OUT","detail","源单id","文本","0","1",""
"SALE_OUT","detail","源单编号","文本","0","1",""
"SALE_OUT","detail","源单类型id","文本","0","1",""
"SALE_OUT","detail","源单类型名称","文本","0","1",""
"SALE_OUT","detail","源单类型编码","文本","0","1",""
"SALE_OUT","detail","源单内部id","文本","0","1",""
"SALE_OUT","detail","源单日期","日期","0","1",""
"SALE_OUT","detail","源单行号","文本","0","1",""
"SALE_OUT","detail","源单分录id","文本","0","1",""
"SALE_OUT","detail","序列号清单","文本","0","1",""
"SALE_OUT","detail","基本数量","文本","0","1",""
"SALE_OUT","detail","折扣税额","文本","0","1",""
"SALE_OUT","detail","客户单号","文本","0","1",""
"SALE_OUT","detail","未开票数量","文本","0","1",""
"SALE_OUT","detail","已开票数量","文本","0","1",""
"SALE_OUT","detail","已开票金额","文本","0","1",""
"SALE_OUT","detail","未开票金额","文本","0","1",""
"SALE_OUT","detail","价税合计本位币","文本","0","1",""
"SALE_OUT","header","出库类别","下拉框","1","0",""
"SALE_OUT","header","客户编码","参照","1","0","PARTNER"
"SALE_OUT","header","客户简称","文本","0","1",""
"SALE_OUT","header","附件1","附件","1","0",""
"SALE_OUT","header","附件2","附件","1","0",""
"SALE_OUT","header","附件3","附件","1","0",""
"SALE_OUT","header","附件4","附件","1","0",""
"SALE_OUT","header","附件5","附件","1","0",""
"SALE_OUT","header","附件6","附件","1","0",""
"SALE_OUT","header","验货人","参照","0","1","EMP"
"SALE_OUT","header","项目","参照","0","1","PROJ"
"SALE_OUT","header","送货地址","文本","0","1",""
"SALE_OUT","header","发货单号","文本","0","1",""
"SALE_OUT","header","发货日期","日期","0","1",""
"SALE_OUT","header","来源单号","文本","0","1",""
"SALE_OUT","header","部门","参照","0","1","DEPT"
"SALE_OUT","header","门店","文本","0","1",""
"SALE_OUT","header","验货日期","日期","0","1",""
"SALE_OUT","header","ERP单号","文本","1","0",""
"SALE_OUT","header","转ERP操作人","文本","1","0",""
"SALE_OUT","header","转ERP时间","文本","1","0",""
"SALE_OUT","header","发货人","参照","0","1","EMP"
"SALE_OUT","header","收货仓库","参照","0","1","WH"
"SALE_OUT","header","来源单据","文本","0","1",""
"SALE_OUT","header","外部单据号","文本","0","1",""
"SALE_OUT","header","销售订单号","文本","0","1",""
"SALE_OUT","header","创建时间","日期","1","0",""
"SALE_OUT","header","单据状态_bill_status","文本","0","1",""
"SALE_OUT","header","结算状态","文本","1","0",""
"SALE_OUT","header","经手人编码","文本","0","1",""
"SALE_OUT","header","金额","文本","1","0",""
"SALE_OUT","header","ivc_status ","文本","0","1",""
"SALE_OUT","header","联系人电话","文本","1","0",""
"SALE_OUT","header","联系人国家名称","文本","0","1",""
"SALE_OUT","header","联系人国家编码","文本","0","1",""
"SALE_OUT","header","联系人省份名称","文本","0","1",""
"SALE_OUT","header","联系人省份编码","文本","0","1",""
"SALE_OUT","header","联系人市区名称","文本","0","1",""
"SALE_OUT","header","联系人市区编码","文本","0","1",""
"SALE_OUT","header","联系人区县名称","文本","0","1",""
"SALE_OUT","header","联系人区县编码","文本","0","1",""
"SALE_OUT","header","联系人","文本","0","1",""
"SALE_OUT","header","联系信息","文本","0","1",""
"SALE_OUT","header","联系地址","文本","0","1",""
"SALE_OUT","header","发货国家名称","文本","0","1",""
"SALE_OUT","header","发货国家编码","文本","0","1",""
"SALE_OUT","header","发货省份名称","文本","0","1",""
"SALE_OUT","header","发货省份编码","文本","0","1",""
"SALE_OUT","header","发货市区名称","文本","0","1",""
"SALE_OUT","header","发货市区编码","文本","0","1",""
"SALE_OUT","header","发货区县名称","文本","0","1",""
"SALE_OUT","header","发货区县编码","文本","0","1",""
"SALE_OUT","header","发货地址","文本","0","1",""
"SALE_OUT","header","发货人_dispatcher_linkman","文本","0","1",""
"SALE_OUT","header","发货电话","文本","0","1",""
"SALE_OUT","header","发货方式","文本","0","1",""
"SALE_OUT","header","附件","文本","0","1",""
"SALE_OUT","header","附件地址","文本","0","1",""
"SALE_OUT","header","审核人_auditor_name","文本","0","1",""
"SALE_OUT","header","审核人编码","文本","0","1",""
"SALE_OUT","header","审核时间_audit_time","日期","0","1",""
"SALE_OUT","header","部门_dept_name","文本","0","1",""
"SALE_OUT","header","部门编码","文本","0","1",""
"SALE_OUT","header","修改时间","日期","0","1",""
"SALE_OUT","header","出入库状态","文本","1","0",""
"SALE_OUT","header","创建人","文本","0","1",""
"SALE_OUT","header","创建人编码","文本","0","1",""
"SALE_OUT","header","修改人","文本","0","1",""
"SALE_OUT","header","修改人编码","文本","0","1",""
"SALE_OUT","header","交货方式","文本","1","0",""
"SALE_OUT","header","交货方式编码","文本","0","1",""
"SALE_OUT","header","到期日","日期","1","0",""
"SALE_OUT","header","结算期限编码","文本","0","1",""
"SALE_OUT","header","结算期限","文本","1","0",""
"SALE_OUT","header","币别名称","文本","1","0",""
"SALE_OUT","query,detail","批号","文本","1","0",""
"SALE_OUT","query,detail","退货原因","下拉框","1","0",""
"SALE_OUT","query,header","单据日期","日期","1","0",""
"SALE_OUT","query,header","单据编号","文本","1","0",""
"SALE_OUT","query,header","业务类型","下拉框","0","1",""
"SALE_OUT","query,header","客户","参照","1","0","KHDA"
"SALE_OUT","query,header","结算客户","参照","0","1","KHDA"
"SALE_OUT","query,header","经手人","参照","1","0","EMP"
"SALE_OUT","query,header","匹配来源单号","文本","0","1",""
"SALE_OUT","query,header,detail","仓库","参照","1","0","WH"
"SALE_OUT_DETAIL","detail","创建时间","日期","1","0",""
"SALE_OUT_DETAIL","detail","仓库编码","文本","1","0",""
"SALE_OUT_DETAIL","detail","出库类别","文本","1","0",""
"SALE_OUT_DETAIL","detail","客户编码","文本","1","0",""
"SALE_OUT_DETAIL","detail","部门编码","文本","1","0",""
"SALE_OUT_DETAIL","detail","部门","文本","1","0",""
"SALE_OUT_DETAIL","detail","经手人编码","文本","1","0",""
"SALE_OUT_DETAIL","detail","经手人","文本","1","0",""
"SALE_OUT_DETAIL","detail","制单人","文本","1","0",""
"SALE_OUT_DETAIL","detail","审核人","文本","1","0",""
"SALE_OUT_DETAIL","detail","存货编码","文本","1","0",""
"SALE_OUT_DETAIL","detail","规格型号","文本","1","0",""
"SALE_OUT_DETAIL","detail","计量单位","文本","1","0",""
"SALE_OUT_DETAIL","detail","应发数量","小数","1","0",""
"SALE_OUT_DETAIL","detail","数量","小数","1","0",""
"SALE_OUT_DETAIL","detail","计量单位2","文本","1","0",""
"SALE_OUT_DETAIL","detail","应发数量2","小数","1","0",""
"SALE_OUT_DETAIL","detail","数量2","小数","1","0",""
"SALE_OUT_DETAIL","detail","成本价","小数","1","0",""
"SALE_OUT_DETAIL","detail","成本金额","小数","1","0",""
"SALE_OUT_DETAIL","detail","出库调整","小数","1","0",""
"SALE_OUT_DETAIL","detail","销售订单号","文本","1","0",""
"SALE_OUT_DETAIL","detail","入库单号","文本","1","0",""
"SALE_OUT_DETAIL","query,detail","单据日期","日期","1","0",""
"SALE_OUT_DETAIL","query,detail","单据编号","文本","1","0",""
"SALE_OUT_DETAIL","query,detail","业务类型","文本","1","0",""
"SALE_OUT_DETAIL","query,detail","仓库","文本","1","0",""
"SALE_OUT_DETAIL","query,detail","客户","文本","1","0",""
"SALE_OUT_DETAIL","query,detail","存货","文本","1","0",""
"SALE_OUT_STATS","detail","单据日期（周）","日期","1","0",""
"SALE_OUT_STATS","detail","存货编码","文本","1","0",""
"SALE_OUT_STATS","detail","规格型号","文本","1","0",""
"SALE_OUT_STATS","detail","主单位","文本","1","0",""
"SALE_OUT_STATS","detail","辅单位","文本","1","0",""
"SALE_OUT_STATS","detail","数量(主单位)","文本","1","0",""
"SALE_OUT_STATS","detail","成本价(主单位)","文本","1","0",""
"SALE_OUT_STATS","detail","数量(辅单位)","文本","1","0",""
"SALE_OUT_STATS","detail","成本价(辅单位)","文本","1","0",""
"SALE_OUT_STATS","detail","成本金额","小数","1","0",""
"SALE_OUT_STATS","detail","出库调整","小数","1","0",""
"SALE_OUT_STATS","query,detail","存货","文本","1","0",""
"SALES_ORDER_DETAIL","detail","客户编码","文本","1","0",""
"SALES_ORDER_DETAIL","detail","结算客户","文本","1","0",""
"SALES_ORDER_DETAIL","detail","部门","文本","1","0",""
"SALES_ORDER_DETAIL","detail","项目","文本","1","0",""
"SALES_ORDER_DETAIL","detail","存货编码","文本","1","0",""
"SALES_ORDER_DETAIL","detail","规格型号","文本","1","0",""
"SALES_ORDER_DETAIL","detail","计量单位","文本","1","0",""
"SALES_ORDER_DETAIL","detail","数量","小数","1","0",""
"SALES_ORDER_DETAIL","detail","单价","小数","1","0",""
"SALES_ORDER_DETAIL","detail","税率%","小数","1","0",""
"SALES_ORDER_DETAIL","detail","含税单价","小数","1","0",""
"SALES_ORDER_DETAIL","detail","金额","小数","1","0",""
"SALES_ORDER_DETAIL","detail","含税金额","小数","1","0",""
"SALES_ORDER_DETAIL","detail","折扣金额","小数","1","0",""
"SALES_ORDER_DETAIL","detail","预计交货日期","日期","1","0",""
"SALES_ORDER_DETAIL","detail","现存量","文本","1","0",""
"SALES_ORDER_DETAIL","detail","制单人","文本","1","0",""
"SALES_ORDER_DETAIL","detail","审核人","文本","1","0",""
"SALES_ORDER_DETAIL","query,detail","单据日期","日期","1","0",""
"SALES_ORDER_DETAIL","query,detail","单据编号","文本","1","0",""
"SALES_ORDER_DETAIL","query,detail","单据状态","文本","1","0",""
"SALES_ORDER_DETAIL","query,detail","客户","文本","1","0",""
"SALES_ORDER_DETAIL","query,detail","业务员","文本","1","0",""
"SALES_ORDER_DETAIL","query,detail","存货","文本","1","0",""
"SALES_ORDER_STATS","detail","客户编码","文本","1","0",""
"SALES_ORDER_STATS","detail","部门","文本","1","0",""
"SALES_ORDER_STATS","detail","业务员","文本","1","0",""
"SALES_ORDER_STATS","detail","存货编码","文本","1","0",""
"SALES_ORDER_STATS","detail","规格型号","文本","1","0",""
"SALES_ORDER_STATS","detail","主单位","文本","1","0",""
"SALES_ORDER_STATS","detail","单据数","文本","1","0",""
"SALES_ORDER_STATS","detail","数量(主单位)","文本","1","0",""
"SALES_ORDER_STATS","detail","单价","小数","1","0",""
"SALES_ORDER_STATS","detail","金额","小数","1","0",""
"SALES_ORDER_STATS","detail","含税金额","小数","1","0",""
"SALES_ORDER_STATS","detail","折扣金额","小数","1","0",""
"SALES_ORDER_STATS","detail","预计交货日期","日期","1","0",""
"SALES_ORDER_STATS","query,detail","客户","文本","1","0",""
"SALES_ORDER_STATS","query,detail","存货","文本","1","0",""
"SAMPLE_REQ","detail","产品整体规格","文本","1","0",""
"SAMPLE_REQ","detail","数量","小数","1","0",""
"SAMPLE_REQ","detail","打样背景","文本","1","0",""
"SAMPLE_REQ","detail","相关要求","文本","1","0",""
"SAMPLE_REQ","detail","交期","文本","1","0",""
"SAMPLE_REQ","detail","特殊要点","文本","1","0",""
"SAMPLE_REQ","header","费用","文本","1","0",""
"SAMPLE_REQ","header","录入人","文本","1","0",""
"SAMPLE_REQ","header","审核人2","文本","1","0",""
"SAMPLE_REQ","header","执行人","文本","1","0",""
"SAMPLE_REQ","header","进度描述","文本","1","0",""
"SAMPLE_REQ","header","审核人","文本","1","0",""
"SAMPLE_REQ","query,detail","样品种类","文本","1","0",""
"SAMPLE_REQ","query,header","单据编号","文本","1","0",""
"SAMPLE_REQ","query,header","申请编码","文本","1","0",""
"SAMPLE_REQ","query,header","客户名","文本","1","0",""
"SAMPLE_REQ","query,header","下单日期","日期","1","0",""
"SAMPLE_REQ","query,header","单据状态","文本","1","0",""
"SETTLE","detail","是否默认","是否","1","0",""
"SETTLE","detail","停用","是否","1","0",""
"SETTLE","detail","备注","文本","1","0",""
"SETTLE","query,detail","名称","文本","1","0",""
"SO_ORDER","detail","行号","文本","1","0",""
"SO_ORDER","detail","存货名称","参照","1","0","INV"
"SO_ORDER","detail","存货编码","参照","1","0","INV"
"SO_ORDER","detail","规格型号","文本","1","0",""
"SO_ORDER","detail","数量","小数","1","0",""
"SO_ORDER","detail","销售单位","下拉框","1","0",""
"SO_ORDER","detail","单价","小数","1","0",""
"SO_ORDER","detail","税率%","小数","1","0",""
"SO_ORDER","detail","含税单价","小数","1","0",""
"SO_ORDER","detail","金额","小数","1","0",""
"SO_ORDER","detail","含税金额","小数","1","0",""
"SO_ORDER","detail","折扣金额","小数","1","0",""
"SO_ORDER","detail","现存量","小数","1","0",""
"SO_ORDER","detail","备注","文本","1","0",""
"SO_ORDER","detail","仓库名称","文本","1","0",""
"SO_ORDER","detail","图片url","文本","0","1",""
"SO_ORDER","detail","商品id","文本","0","1",""
"SO_ORDER","detail","商品是否多单位","文本","0","1",""
"SO_ORDER","detail","商品是否序列号","文本","0","1",""
"SO_ORDER","detail","商品是否启用辅助属性","文本","0","1",""
"SO_ORDER","detail","商品是否开启保质期","文本","0","1",""
"SO_ORDER","detail","商品是否开启批次","文本","0","1",""
"SO_ORDER","detail","商品助记码","文本","0","1",""
"SO_ORDER","detail","仓库id","文本","0","1",""
"SO_ORDER","detail","仓库","文本","0","1",""
"SO_ORDER","detail","仓库编码","文本","0","1",""
"SO_ORDER","detail","仓库启用仓位管理","文本","0","1",""
"SO_ORDER","detail","仓位id","文本","0","1",""
"SO_ORDER","detail","仓位名称","文本","0","1",""
"SO_ORDER","detail","仓位编码","文本","0","1",""
"SO_ORDER","detail","辅助属性id","文本","0","1",""
"SO_ORDER","detail","辅助属性名称","文本","0","1",""
"SO_ORDER","detail","辅助属性编码","文本","0","1",""
"SO_ORDER","detail","辅助属性1id","文本","0","1",""
"SO_ORDER","detail","辅助属性1名称","文本","0","1",""
"SO_ORDER","detail","辅助属性1编码","文本","0","1",""
"SO_ORDER","detail","辅助属性2id","文本","0","1",""
"SO_ORDER","detail","辅助属性2名称","文本","0","1",""
"SO_ORDER","detail","辅助属性2编码","文本","0","1",""
"SO_ORDER","detail","辅助属性3id","文本","0","1",""
"SO_ORDER","detail","辅助属性3名称","文本","0","1",""
"SO_ORDER","detail","辅助属性3编码","文本","0","1",""
"SO_ORDER","detail","条形码","文本","0","1",""
"SO_ORDER","detail","实际含税单价","文本","0","1",""
"SO_ORDER","detail","基本单位id","文本","0","1",""
"SO_ORDER","detail","基本单位名称","文本","0","1",""
"SO_ORDER","detail","基本单位编码","文本","0","1",""
"SO_ORDER","detail","单位id","文本","0","1",""
"SO_ORDER","detail","单位编码","文本","0","1",""
"SO_ORDER","detail","换算率","文本","0","1",""
"SO_ORDER","detail","换算公式","文本","0","1",""
"SO_ORDER","detail","基本库存数量","文本","0","1",""
"SO_ORDER","detail","退货数量","文本","0","1",""
"SO_ORDER","detail","退货基本数量","文本","0","1",""
"SO_ORDER","detail","税额","文本","0","1",""
"SO_ORDER","detail","整单折扣分配额","文本","0","1",""
"SO_ORDER","detail","折扣","文本","0","1",""
"SO_ORDER","detail","销售费用分摊","文本","0","1",""
"SO_ORDER","detail","优惠分摊金额","文本","0","1",""
"SO_ORDER","detail","折算率","文本","0","1",""
"SO_ORDER","detail","折前金额","文本","0","1",""
"SO_ORDER","detail","实际不含税金额","文本","0","1",""
"SO_ORDER","detail","单位成本","文本","0","1",""
"SO_ORDER","detail","成本","文本","0","1",""
"SO_ORDER","detail","本次核销金额","文本","0","1",""
"SO_ORDER","detail","折扣单价","文本","0","1",""
"SO_ORDER","detail","批次号","文本","0","1",""
"SO_ORDER","detail","产地","文本","0","1",""
"SO_ORDER","detail","注册证号","文本","0","1",""
"SO_ORDER","detail","生产许可证号","文本","0","1",""
"SO_ORDER","detail","生产日期","日期","0","1",""
"SO_ORDER","detail","有效日期","日期","0","1",""
"SO_ORDER","detail","保质期类型，1","文本","0","1",""
"SO_ORDER","detail","保质期天数","文本","0","1",""
"SO_ORDER","detail","序列号格式","文本","0","1",""
"SO_ORDER","detail","序列号流转ID","文本","0","1",""
"SO_ORDER","detail","辅助单位id","文本","0","1",""
"SO_ORDER","detail","辅助单位名称","文本","0","1",""
"SO_ORDER","detail","辅助单位编码","文本","0","1",""
"SO_ORDER","detail","辅助换算率","文本","0","1",""
"SO_ORDER","detail","辅助单位数量","文本","0","1",""
"SO_ORDER","detail","分录序号","文本","0","1",""
"SO_ORDER","detail","分录核销状态，未收款","文本","0","1",""
"SO_ORDER","detail","是否赠品","文本","0","1",""
"SO_ORDER","detail","源单id","文本","0","1",""
"SO_ORDER","detail","源单id_src_bill_no","文本","0","1",""
"SO_ORDER","detail","源单类型id","文本","0","1",""
"SO_ORDER","detail","源单类型名称","文本","0","1",""
"SO_ORDER","detail","源单类型编码","文本","0","1",""
"SO_ORDER","detail","源单id_src_inter_id","文本","0","1",""
"SO_ORDER","detail","源单日期","日期","0","1",""
"SO_ORDER","detail","源单行号","文本","0","1",""
"SO_ORDER","detail","源单分录id","文本","0","1",""
"SO_ORDER","detail","单据整单折前价税合计_bill_dis_before_amount","文本","0","1",""
"SO_ORDER","detail","外部商品编码","文本","0","1",""
"SO_ORDER","detail","外部商品单位","文本","0","1",""
"SO_ORDER","detail","基本数量","文本","0","1",""
"SO_ORDER","detail","已执行基本单位数量","文本","0","1",""
"SO_ORDER","detail","行已执行数量","文本","0","1",""
"SO_ORDER","detail","行未执行数量","文本","0","1",""
"SO_ORDER","detail","行执行已出库数量","文本","0","1",""
"SO_ORDER","detail","行执行未出库数量","文本","0","1",""
"SO_ORDER","detail","客户订单号","文本","0","1",""
"SO_ORDER","detail","含税折扣额","文本","0","1",""
"SO_ORDER","header","客户编码","参照","1","0","KHDA"
"SO_ORDER","header","结算客户","参照","1","0","KHDA"
"SO_ORDER","header","币种","下拉框","0","1",""
"SO_ORDER","header","汇率","小数","1","0",""
"SO_ORDER","header","结算期限","文本","1","0",""
"SO_ORDER","header","附件1","附件","1","0",""
"SO_ORDER","header","附件2","附件","1","0",""
"SO_ORDER","header","附件3","附件","1","0",""
"SO_ORDER","header","附件4","附件","1","0",""
"SO_ORDER","header","附件5","附件","1","0",""
"SO_ORDER","header","附件6","附件","1","0",""
"SO_ORDER","header","联系人","文本","1","0",""
"SO_ORDER","header","整单折扣额","文本","0","1",""
"SO_ORDER","header","创建时间","日期","1","0",""
"SO_ORDER","header","结算状态","文本","0","1",""
"SO_ORDER","header","交货方式","文本","0","1",""
"SO_ORDER","header","客户id","文本","0","1",""
"SO_ORDER","header","业务员id","文本","0","1",""
"SO_ORDER","header","业务员编码","文本","0","1",""
"SO_ORDER","header","应收金额","文本","1","0",""
"SO_ORDER","header","商品组合","文本","0","1",""
"SO_ORDER","header","商品数量","文本","0","1",""
"SO_ORDER","header","单据整单折前价税合计","文本","0","1",""
"SO_ORDER","header","实际出入库状态","文本","0","1",""
"SO_ORDER","header","出入库状态","文本","1","0",""
"SO_ORDER","header","单据关闭状态","文本","0","1",""
"SO_ORDER","header","部门id","文本","0","1",""
"SO_ORDER","header","部门编码","文本","0","1",""
"SO_ORDER","header","审核日期","日期","0","1",""
"SO_ORDER","header","客户联系电话","文本","1","0",""
"SO_ORDER","header","客户国家id","文本","0","1",""
"SO_ORDER","header","客户国家名称","文本","0","1",""
"SO_ORDER","header","客户国家编码","文本","0","1",""
"SO_ORDER","header","客户省份id","文本","0","1",""
"SO_ORDER","header","客户省份名称","文本","0","1",""
"SO_ORDER","header","客户省份编码","文本","0","1",""
"SO_ORDER","header","客户市区id","文本","0","1",""
"SO_ORDER","header","客户市区名称","文本","0","1",""
"SO_ORDER","header","客户市区编码","文本","0","1",""
"SO_ORDER","header","客户区县id","文本","0","1",""
"SO_ORDER","header","客户区县名称","文本","0","1",""
"SO_ORDER","header","客户区县编码","文本","0","1",""
"SO_ORDER","header","联系信息","文本","0","1",""
"SO_ORDER","header","联系地址","文本","1","0",""
"SO_ORDER","header","发货国家id","文本","0","1",""
"SO_ORDER","header","发货国家名称","文本","0","1",""
"SO_ORDER","header","发货国家编码","文本","0","1",""
"SO_ORDER","header","发货省份id","文本","0","1",""
"SO_ORDER","header","发货省份名称","文本","0","1",""
"SO_ORDER","header","发货省份编码","文本","0","1",""
"SO_ORDER","header","发货市区id","文本","0","1",""
"SO_ORDER","header","发货市区名称","文本","0","1",""
"SO_ORDER","header","发货市区编码","文本","0","1",""
"SO_ORDER","header","发货区县id","文本","0","1",""
"SO_ORDER","header","发货区县名称","文本","0","1",""
"SO_ORDER","header","发货区县编码","文本","0","1",""
"SO_ORDER","header","发货详细地址","文本","0","1",""
"SO_ORDER","header","发货人","文本","0","1",""
"SO_ORDER","header","发货联系电话","文本","0","1",""
"SO_ORDER","header","发货地址","文本","0","1",""
"SO_ORDER","header","付款信息单据体","文本","0","1",""
"SO_ORDER","header","未核销金额","文本","0","1",""
"SO_ORDER","header","附件个数","文本","0","1",""
"SO_ORDER","header","附件地址","文本","0","1",""
"SO_ORDER","header","审核人id","文本","0","1",""
"SO_ORDER","header","审核人编码","文本","0","1",""
"SO_ORDER","header","应收款余额","文本","0","1",""
"SO_ORDER","header","物流公司id","文本","0","1",""
"SO_ORDER","header","销售费用","文本","0","1",""
"SO_ORDER","header","预收款金额","文本","0","1",""
"SO_ORDER","header","上次欠款","文本","0","1",""
"SO_ORDER","header","折扣率","文本","0","1",""
"SO_ORDER","header","修改时间","日期","0","1",""
"SO_ORDER","header","创建人id","文本","0","1",""
"SO_ORDER","header","创建人名称","文本","1","0",""
"SO_ORDER","header","创建人编码","文本","0","1",""
"SO_ORDER","header","修改人id","文本","0","1",""
"SO_ORDER","header","修改人名称","文本","0","1",""
"SO_ORDER","header","修改人编码","文本","0","1",""
"SO_ORDER","header","单据标签","文本","0","1",""
"SO_ORDER","header","业务模式0:普通销售，1:直运销售","文本","0","1",""
"SO_ORDER","header","结算日期","日期","0","1",""
"SO_ORDER","header","结算期限id","文本","0","1",""
"SO_ORDER","header","结算期限编码","文本","0","1",""
"SO_ORDER","header","交货方式id,6-物流发货，8-车辆配送，9-客户自提","文本","0","1",""
"SO_ORDER","header","本次定金","文本","0","1",""
"SO_ORDER","header","累计预收","文本","0","1",""
"SO_ORDER","header","发票类型：1：普票，2:专票","文本","0","1",""
"SO_ORDER","header","客户承担费用单据体","文本","0","1",""
"SO_ORDER","header","费用信息单据体","文本","0","1",""
"SO_ORDER","header","结算客户id","文本","0","1",""
"SO_ORDER","header","开票状态","文本","0","1",""
"SO_ORDER","header","已执行金额","文本","0","1",""
"SO_ORDER","header","未执行金额","文本","0","1",""
"SO_ORDER","header","累计预收状态","文本","0","1",""
"SO_ORDER","header","折前价税合计","文本","1","0",""
"SO_ORDER","header","业务模式","文本","1","0",""
"SO_ORDER","header","交货方式id","文本","0","1",""
"SO_ORDER","header","发票类型","文本","1","0",""
"SO_ORDER","query,header","单据编号","文本","1","0",""
"SO_ORDER","query,header","单据日期","日期","1","0",""
"SO_ORDER","query,header","客户","参照","1","0","KHDA"
"SO_ORDER","query,header","部门","参照","1","0","DEPT"
"SO_ORDER","query,header","业务员","参照","1","0","EMP"
"SO_ORDER","query,header,detail","预计交货日期","日期","1","0",""
"STOCK_BALANCE","detail","规格型号","文本","1","0",""
"STOCK_BALANCE","detail","主计量","文本","1","0",""
"STOCK_BALANCE","detail","现存量","小数","1","0",""
"STOCK_BALANCE","detail","结存单价","小数","1","0",""
"STOCK_BALANCE","detail","结存金额","小数","1","0",""
"STOCK_BALANCE","query,detail","仓库编码","文本","1","0",""
"STOCK_BALANCE","query,detail","仓库","参照","1","0","WH"
"STOCK_BALANCE","query,detail","存货编码","文本","1","0",""
"STOCK_BALANCE","query,detail","存货","参照","1","0","INV"
"STOCK_LEDGER","detail","仓库编码","文本","1","0",""
"STOCK_LEDGER","detail","存货编码","文本","1","0",""
"STOCK_LEDGER","detail","规格型号","文本","1","0",""
"STOCK_LEDGER","detail","计量单位","文本","1","0",""
"STOCK_LEDGER","detail","批号","文本","1","0",""
"STOCK_LEDGER","detail","单据日期","日期","1","0",""
"STOCK_LEDGER","detail","单据类型","文本","1","0",""
"STOCK_LEDGER","detail","单据编号","文本","1","0",""
"STOCK_LEDGER","detail","业务类型","文本","1","0",""
"STOCK_LEDGER","detail","往来单位","文本","1","0",""
"STOCK_LEDGER","detail","往来单位编码","文本","1","0",""
"STOCK_LEDGER","detail","经手人","文本","1","0",""
"STOCK_LEDGER","detail","收入数量","小数","1","0",""
"STOCK_LEDGER","detail","收入单价","小数","1","0",""
"STOCK_LEDGER","detail","收入金额","小数","1","0",""
"STOCK_LEDGER","detail","含税金额","小数","1","0",""
"STOCK_LEDGER","detail","税额","小数","1","0",""
"STOCK_LEDGER","detail","发出数量","小数","1","0",""
"STOCK_LEDGER","detail","发出单价","小数","1","0",""
"STOCK_LEDGER","detail","发出金额","小数","1","0",""
"STOCK_LEDGER","detail","发出单据金额","小数","1","0",""
"STOCK_LEDGER","detail","期初数量","小数","1","0",""
"STOCK_LEDGER","detail","期初平均单价","小数","1","0",""
"STOCK_LEDGER","detail","期初金额","小数","1","0",""
"STOCK_LEDGER","detail","期末数量","小数","1","0",""
"STOCK_LEDGER","detail","期末平均单价","小数","1","0",""
"STOCK_LEDGER","detail","期末金额","小数","1","0",""
"STOCK_LEDGER","query,detail","仓库","参照","1","0","WH"
"STOCK_LEDGER","query,detail","存货","参照","1","0","INV"
"STOCK_STATUS","detail","wzdm","文本","1","0",""
"STOCK_STATUS","detail","rkl","小数","1","0",""
"STOCK_STATUS","detail","ckl","小数","1","0",""
"STOCK_STATUS","detail","yl","小数","1","0",""
"STOCK_STATUS","detail","yl2","小数","1","0",""
"STOCK_STATUS","detail","预警数量","小数","1","0",""
"STOCK_STATUS","detail","in_date","日期","1","0",""
"STOCK_STATUS","query,detail","wzdm","文本","1","0",""
"STOCK_STATUS","query,detail","ckdm","文本","1","0",""
"STOCK_STATUS","query,detail","lot_no","文本","1","0",""
"STOCK_STATUS","query,detail","khdm","文本","1","0",""
"STOCK_SUMMARY","detail","仓库编码","文本","1","0",""
"STOCK_SUMMARY","detail","存货编码","文本","1","0",""
"STOCK_SUMMARY","detail","期次","文本","1","0",""
"STOCK_SUMMARY","detail","规格型号","文本","1","0",""
"STOCK_SUMMARY","detail","主单位","文本","1","0",""
"STOCK_SUMMARY","detail","期初数量","小数","1","0",""
"STOCK_SUMMARY","detail","期初平均单价","小数","1","0",""
"STOCK_SUMMARY","detail","期初金额","小数","1","0",""
"STOCK_SUMMARY","detail","本期入库数量","小数","1","0",""
"STOCK_SUMMARY","detail","入库平均单价","小数","1","0",""
"STOCK_SUMMARY","detail","本期入库金额","小数","1","0",""
"STOCK_SUMMARY","detail","本期出库数量","小数","1","0",""
"STOCK_SUMMARY","detail","出库平均单价","小数","1","0",""
"STOCK_SUMMARY","detail","本期出库金额","小数","1","0",""
"STOCK_SUMMARY","detail","期末结存数量","小数","1","0",""
"STOCK_SUMMARY","detail","期末平均单价","小数","1","0",""
"STOCK_SUMMARY","detail","期末结存金额","小数","1","0",""
"STOCK_SUMMARY","query,detail","仓库","参照","1","0","WH"
"STOCK_SUMMARY","query,detail","存货","参照","1","0","INV"
"SUPGRP","detail","级次","文本","1","0",""
"SUPGRP","detail","是否叶子节点","是否","1","0",""
"SUPGRP","detail","上级编码","文本","1","0",""
"SUPGRP","detail","停用","是否","1","0",""
"SUPGRP","query,detail","编码","文本","1","0",""
"SUPGRP","query,detail","名称","文本","1","0",""
"TEAM","detail","所属部门","下拉框","1","0",""
"TEAM","detail","是否停用","是否","1","0",""
"TEAM","detail","负责人","文本","1","0",""
"TEAM","detail","人数","整数","1","0",""
"TEAM","detail","备注","文本","1","0",""
"TEAM","query,detail","班组编码","文本","1","0",""
"TEAM","query,detail","班组名称","文本","1","0",""
"UOM","detail","计量单位编码","文本","1","0",""
"UOM","detail","计量单位名称","文本","1","0",""
"UOM","detail","单位类型","下拉框","1","0",""
"UOM","detail","换算率","小数","1","0",""
"UOM","detail","小数位数","整数","1","0",""
"UOM","detail","停用","是否","1","0",""
"UOM","detail","长编码","文本","1","0",""
"UOM","detail","精度处理","整数","1","0",""
"UOM","detail","是否叶子节点","是否","1","0",""
"UOM","detail","级次","整数","1","0",""
"UOM","detail","创建时间","日期","1","0",""
"UOM","detail","修改时间","日期","1","0",""
"UOM","detail","创建人","文本","0","1",""
"UOM","detail","修改人","文本","0","1",""
"WC","detail","工作中心编码","文本","1","0",""
"WC","detail","工作中心名称","文本","1","0",""
"WC","detail","简称","文本","1","0",""
"WC","detail","所属分类","下拉框","1","0",""
"WC","detail","所属部门","下拉框","1","0",""
"WC","detail","负责人","文本","1","0",""
"WC","detail","班组","下拉框","1","0",""
"WC","detail","工人","文本","1","0",""
"WC","detail","设备","文本","1","0",""
"WC","detail","产量/小时","小数","1","0",""
"WC","detail","工作时间取值","下拉框","1","0",""
"WC","detail","工作时间（小时）","小数","1","0",""
"WC","detail","加班时间（小时）","小数","1","0",""
"WC","detail","停用","是否","1","0",""
"WH","detail","仓库地址","文本","1","0",""
"WH","detail","库位","文本","1","0",""
"WH","detail","负责人","文本","1","0",""
"WH","detail","停用","是否","1","0",""
"WH","detail","允许零库存出库","是否","1","0",""
"WH","detail","联系人","文本","1","0",""
"WH","detail","联系电话","文本","1","0",""
"WH","detail","仓库分类","文本","1","0",""
"WH","detail","仓库分类编码","文本","1","0",""
"WH","detail","国家","文本","1","0",""
"WH","detail","省","文本","1","0",""
"WH","detail","市","文本","1","0",""
"WH","detail","区","文本","1","0",""
"WH","detail","启用仓位管理","是否","1","0",""
"WH","detail","仓库管理员编码","文本","1","0",""
"WH","detail","分类id","文本","0","1",""
"WH","detail","仓库管理员id","文本","0","1",""
"WH","query,detail","仓库编码","文本","1","0",""
"WH","query,detail","仓库名称","文本","1","0",""
"WH_RECORD","header","成型日期","文本","1","0",""
"WH_RECORD","header","尺寸","文本","1","0",""
"WH_RECORD","header","加湿前重量","小数","1","0",""
"WH_RECORD","header","加湿后重量","小数","1","0",""
"WH_RECORD","header","无黑时间","文本","1","0",""
"WH_RECORD","header","取样时间","文本","1","0",""
"WH_RECORD","header","备注","文本","1","0",""
"WH_RECORD","header","审核人","参照","1","0","EMP"
"WH_RECORD","query,header","单据编号","文本","1","0",""
"WH_RECORD","query,header","单据日期","日期","1","0",""
"WH_RECORD","query,header","产品编号","文本","1","0",""
"WH_RECORD","query,header","单据状态","文本","1","0",""
"WLBOM","detail","xc","整数","1","0",""
"WLBOM","detail","wzdm2","文本","1","0",""
"WLBOM","detail","wzmc2","文本","1","0",""
"WLBOM","detail","gg2","文本","1","0",""
"WLBOM","detail","jldw2","文本","1","0",""
"WLBOM","detail","bzl","小数","1","0",""
"WLBOM","detail","sl2","小数","1","0",""
"WLBOM","detail","in_dj","小数","1","0",""
"WLBOM","detail","jine","小数","1","0",""
"WLBOM","detail","bz","文本","1","0",""
"WLBOM","header","wzdm1","文本","1","0",""
"WLBOM","header","jldw1","文本","1","0",""
"WLBOM","query,header","m_no","文本","1","0",""
"WLBOM","query,header","m_date","日期","1","0",""
"WLBOM","query,header","wzmc1","文本","1","0",""
"WO_KIT","detail","产品名称","文本","1","0",""
"WO_KIT","detail","订单数量","小数","1","0",""
"WO_KIT","detail","子件名称","文本","1","0",""
"WO_KIT","detail","子件规格","文本","1","0",""
"WO_KIT","detail","单件用量","小数","1","0",""
"WO_KIT","detail","需求数量","小数","1","0",""
"WO_KIT","detail","库存结余","小数","1","0",""
"WO_KIT","detail","交期","文本","1","0",""
"WO_KIT","query,detail","工单号","文本","1","0",""
"WO_KIT","query,detail","产品编码","文本","1","0",""
"WO_KIT","query,detail","子件编码","文本","1","0",""
"WO_KIT","query,detail","齐套缺口","小数","1","0",""
"WO_KIT","query,detail","工单状态","文本","1","0",""
"WO_ORDER","detail","工序","下拉框","1","0",""
"WO_ORDER","detail","计划数量","小数","1","0",""
"WO_ORDER","header","规格型号","文本","1","0",""
"WO_ORDER","header","单位","文本","1","0",""
"WO_ORDER","header","附件1","附件","1","0",""
"WO_ORDER","header","附件2","附件","1","0",""
"WO_ORDER","header","附件3","附件","1","0",""
"WO_ORDER","header","附件4","附件","1","0",""
"WO_ORDER","header","附件5","附件","1","0",""
"WO_ORDER","header","附件6","附件","1","0",""
"WO_ORDER","header","成型计划数量","小数","1","0",""
"WO_ORDER","header","生产车间","参照","1","0","WC"
"WO_ORDER","header","审核人","参照","1","0","EMP"
"WO_ORDER","header","审核时间","文本","1","0",""
"WO_ORDER","header","备注","文本","1","0",""
"WO_ORDER","query,detail","完成数量","小数","1","0",""
"WO_ORDER","query,header","单据编号","文本","1","0",""
"WO_ORDER","query,header","单据日期","日期","1","0",""
"WO_ORDER","query,header","销售订单号","参照","1","0","SO_ORDER"
"WO_ORDER","query,header","客户","文本","1","0",""
"WO_ORDER","query,header","产品编码","参照","1","0","INV"
"WO_ORDER","query,header","产品名称","文本","1","0",""
"WO_ORDER","query,header","订单数量","小数","1","0",""
"WO_ORDER","query,header","产品批号","文本","1","0",""
"WO_ORDER","query,header","交期","日期","1","0",""
"WO_ORDER","query,header","工单状态","文本","1","0",""
"WO_PROGRESS","detail","计划数量","小数","1","0",""
"WO_PROGRESS","query,detail","单据编号","文本","1","0",""
"WO_PROGRESS","query,detail","工序","文本","1","0",""
"WO_PROGRESS","query,detail","完成数量","小数","1","0",""
"WO_REPORT","query,detail","gldh","文本","1","0",""
"WO_REPORT","query,detail","批次号","文本","1","0",""
"WO_REPORT","query,detail","gxdm","文本","1","0",""
"WO_REPORT","query,detail","sl","数值","1","0",""
"WO_REPORT","query,detail","直销数量","数值","1","0",""
"WO_REPORT","query,detail","lot_no","文本","1","0",""
"WO_REPORT","query,detail","scx","文本","1","0",""
"WO_REPORT","query,detail","post_no","文本","1","0",""
"WO_REPORT","query,detail","jc_no","文本","1","0",""
"WO_REPORT","query,detail","ywman","文本","1","0",""
"WO_REPORT","query,detail","bz","文本","1","0",""
"WO_REPORT","query,header","报工单号","文本","1","0",""
"WO_REPORT","query,header","sc_date","日期","1","0",""
"WO_REPORT_LIST","query,detail","报工单号","文本","1","0",""
"WO_REPORT_LIST","query,detail","sc_date","日期","1","0",""
"WO_REPORT_LIST","query,detail","gldh","文本","1","0",""
"WO_REPORT_LIST","query,detail","批次号","文本","1","0",""
"WO_REPORT_LIST","query,detail","gxdm","文本","1","0",""
"WO_REPORT_LIST","query,detail","sl","数值","1","0",""
"WO_REPORT_LIST","query,detail","直销数量","数值","1","0",""
"WO_REPORT_LIST","query,detail","scx","文本","1","0",""
"WO_REPORT_LIST","query,detail","wgzt","文本","1","0",""
"WO_REPORT_LIST","query,detail","post_no","文本","1","0",""
"WO_REPORT_LIST","query,detail","ywman","文本","1","0",""
"WO_SCHEDULE","detail","规格型号","文本","1","0",""
"WO_SCHEDULE","detail","订单数量","小数","1","0",""
"WO_SCHEDULE","detail","成型计划数量","小数","1","0",""
"WO_SCHEDULE","detail","混料完成","小数","1","0",""
"WO_SCHEDULE","detail","成型完成","小数","1","0",""
"WO_SCHEDULE","detail","切炭完成","小数","1","0",""
"WO_SCHEDULE","detail","组装完成","小数","1","0",""
"WO_SCHEDULE","detail","装箱完成","小数","1","0",""
"WO_SCHEDULE","query,detail","工单号","文本","1","0",""
"WO_SCHEDULE","query,detail","销售订单号","文本","1","0",""
"WO_SCHEDULE","query,detail","客户","文本","1","0",""
"WO_SCHEDULE","query,detail","产品编码","文本","1","0",""
"WO_SCHEDULE","query,detail","产品名称","文本","1","0",""
"WO_SCHEDULE","query,detail","交期","文本","1","0",""
"WO_SCHEDULE","query,detail","交期紧迫度","整数","1","0",""
"WO_SCHEDULE","query,detail","生产车间","文本","1","0",""
"WO_SCHEDULE","query,detail","工单状态","文本","1","0",""
"WO_SCHEDULE","query,detail","未完成数量","小数","1","0",""
"ZDGL","detail","字典类别","下拉框","1","0",""
"ZDGL","detail","代码","文本","1","0",""
"ZDGL","detail","名称","文本","1","0",""
"ZDGL","detail","备注","文本","1","0",""
"ZDGL","detail","排序","整数","1","0",""
"ZDGL","detail","停用","是否","1","0",""
